hour,n,lam,io,sigma,sig_between,sig_within,frac_between,bimodal,gmm_sep,skew,frac90,p95,trace,vm
0,135,2.5379541446208114,1.1577425044091711,0.3570091027696767,0.20880474217084025,0.2895791413541012,0.3420756306131302,True,1.0376949342300623,-1.875265631714535,0.0,0.4,fastStorage,1044.csv
1,163,211.26012269938647,1.1595092024539875,0.9272608669103181,0.22130859376775386,0.9004638924619984,0.056962979034550894,True,2.138295605964725,0.955889765136753,0.0,3.2,fastStorage,1044.csv
2,139,2.399520383693046,1.2019184652278176,0.3808616335983893,0.2053906005860662,0.32073397877077003,0.2908216123858461,True,1.0242770188446495,-1.60508455000441,0.0,0.4,fastStorage,1044.csv
3,131,2.614758269720102,1.2208651399491095,0.3742142246232612,0.20002607451850818,0.3162686443881289,0.285714736199781,True,1.100880338873651,-2.206537798094464,0.0,0.4,fastStorage,1044.csv
4,132,2.6537878787878784,1.19004329004329,0.34097498622819167,0.17659371009494118,0.29168236626203403,0.26822880864251963,True,0.6481161025837126,-2.5655806452517815,0.0,0.4,fastStorage,1044.csv
5,127,2.4875890513685786,1.2327334083239592,0.3487584078196187,0.19260113193812614,0.2907528692911353,0.30497784950275636,True,0.7825557152104701,-3.09429278861198,0.0,0.4,fastStorage,1044.csv
6,137,21.86371220020855,1.1479318734793187,0.48917873438315174,0.26459008124788885,0.41144613630211385,0.2925580018423515,True,1.0685044647360562,0.8934752790936152,0.0,0.4,fastStorage,1044.csv
7,134,2.5800995024875624,1.1482587064676617,0.37986867036542593,0.2074689360111493,0.31820881087046954,0.29829035166643625,True,0.7554728733863176,-2.0494339530579997,0.0,0.4,fastStorage,1044.csv
8,138,2.705314009661836,1.153623188405797,0.3969539144949091,0.21287198318160683,0.33504914417016696,0.2875787782690693,True,1.0349041398696646,-1.8034549993203253,0.0,0.4,fastStorage,1044.csv
9,130,2.941941391941392,1.1581684981684983,0.3407010793310128,0.1799453558592088,0.2893041554523885,0.27895507467314423,False,1.046150553437794,-2.0733507783624274,0.0,0.4,fastStorage,1044.csv
10,143,12.29300699300699,1.1376623376623374,0.4135405761720788,0.25243836368835854,0.3275525617043453,0.3726271164898063,True,1.0430378930779103,-0.41189344145776985,0.0,0.4257142857142858,fastStorage,1044.csv
11,123,2.332946186604723,1.1692992644212155,0.25617408319908724,0.13100560777610928,0.22014243487820578,0.26152270002329603,False,1.0119025613667847,-3.2513494786094292,0.0,0.4,fastStorage,1044.csv
12,138,2.7222222222222223,1.1415458937198069,0.4109735023990424,0.18101928698925898,0.36895966908598016,0.1940090802392121,True,0.7712842469460012,-1.8915149383875578,0.0,0.4,fastStorage,1044.csv
13,139,2.8239808153477215,1.1486810551558753,0.38773594161381997,0.22834803232956255,0.3133629469965661,0.3468346086502363,True,0.7536483607289922,-1.88507154559225,0.0,0.4,fastStorage,1044.csv
14,134,2.580597014925373,1.1457711442786067,0.3711402207193257,0.19910051002261245,0.3132156610776757,0.28778536306530295,True,1.0986405753259778,-2.2179102172525686,0.0,0.4,fastStorage,1044.csv
15,131,4.498727735368958,1.1618320610687023,0.36535805313978864,0.20132488689752737,0.30488489124552315,0.3036390043983598,True,1.0406143470461462,-1.8386856334784716,0.0,0.4,fastStorage,1044.csv
16,134,2.475124378109453,1.1497512437810944,0.3800911301406629,0.21387019973959223,0.31421140156740546,0.31661032979184645,True,0.8076088332841669,-2.4719961612439754,0.0,0.4,fastStorage,1044.csv
17,135,2.492134038800705,1.1580952380952383,0.37170208610287214,0.18882759299649235,0.3201664894025888,0.25807201774214356,True,1.0407149824307131,-1.7566475810850481,0.0,0.4,fastStorage,1044.csv
18,142,7.317270288397048,1.1590207914151576,0.4245093760148146,0.20559278794258964,0.37140249847097223,0.23455310042698474,True,1.048069798296369,-1.7178924464754526,0.0,0.4,fastStorage,1044.csv
19,137,2.3949600278067433,1.1522419186652764,0.3389093676434944,0.22308701294155067,0.25513083728418573,0.43329275830419883,True,0.6027156780893882,-2.0739029816179637,0.0,0.4,fastStorage,1044.csv
20,133,2.317221625492303,1.1665950590762622,0.3994589726739192,0.21559052919495608,0.33628588220611005,0.2912829039092822,True,1.0664096437997488,-2.077743131457938,0.0,0.4,fastStorage,1044.csv
21,136,2.4543417366946776,1.1760854341736693,0.37693075506404194,0.17174820807358587,0.3355284595033051,0.20761622023225149,True,1.040782509292225,-1.7362630337173435,0.0,0.4,fastStorage,1044.csv
22,133,2.3492302184031506,1.1725026852846403,0.3450585077853545,0.20353985884651737,0.27863398869447953,0.34794728995324936,True,1.0514902832729205,-2.095205633076012,0.0,0.4,fastStorage,1044.csv
23,176,46.659307359307356,1.1405844155844156,0.8217987674337642,0.3172483821316711,0.7580941090593512,0.14902799580363885,False,1.5899080291220415,0.31634484443156563,0.0,1.9,fastStorage,1044.csv
0,359,22.943294866693194,1285.6462841707967,0.4564996468654316,0.13678968755467608,0.43552325881284215,0.08978955585206504,True,0.8999328448151429,4.089773520494428,0.0,9.036666666666664,fastStorage,879.csv
1,360,1.509259259259259,840.0676655982905,0.16206259032772158,0.06988916832896123,0.14621828659239935,0.18597483950140767,True,0.39087233245843134,1.6511921641053615,0.0,5.4,fastStorage,879.csv
2,360,0.6552777777777778,668.2491522520689,0.14889743056889476,0.0703367155816239,0.13123715659525922,0.22314633724045366,False,0.394382002479879,3.2387413675798795,0.0,4.4,fastStorage,879.csv
3,360,0.6275925925925926,661.6447342472343,0.09763756690190334,0.054460540060374665,0.08103791734031658,0.3111214761207286,True,0.14647864432245972,0.7920638495001039,0.0,4.133333333333333,fastStorage,879.csv
4,360,0.7431084656084657,714.3158068783068,0.22407651859862376,0.1107213411143411,0.19481034574457565,0.2441574487831562,True,0.42171954262480016,4.28484876389544,0.0,4.633333333333333,fastStorage,879.csv
5,360,0.6069444444444444,659.139537037037,0.09721430720710074,0.06595024926968744,0.07142258849287564,0.46022744291262047,True,0.13262777214026578,1.1469429978313934,0.0,4.101666666666667,fastStorage,879.csv
6,360,0.6096428571428572,661.1629894179895,0.08454256675777189,0.05701446029630172,0.06242432948069007,0.4547986606027267,True,0.12664726090302114,0.8826957940173215,0.0,3.9683333333333337,fastStorage,879.csv
7,360,0.6682010582010582,673.5607010582011,0.10756531859221577,0.080469777944477,0.07137865648365378,0.559655878750836,True,0.17475391175938437,1.5586017890885293,0.0,4.2683333333333335,fastStorage,879.csv
8,360,0.6085978835978837,670.774417989418,0.12320823100072345,0.07977368461158361,0.09389583286716839,0.4192179399201995,True,0.24698682987012122,1.471324208948816,0.0,4.6,fastStorage,879.csv
9,359,0.6375911924658444,659.7285714285715,0.08231127089654815,0.05318468339535698,0.06282145150138267,0.4174981370409624,True,0.11882549219355232,0.7055996309642901,0.0,3.966666666666667,fastStorage,879.csv
10,359,0.5811911394084096,660.969213423531,0.11319945774845118,0.07336461968934177,0.08620759718482839,0.4200341953835377,True,0.13877714242977168,2.764536459031174,0.0,4.266666666666667,fastStorage,879.csv
11,360,0.5944444444444444,658.1618518518518,0.10690673873893432,0.07993666524209429,0.070987184320609,0.5590902139353932,True,0.13657611986519402,1.3236439586204896,0.0,4.3,fastStorage,879.csv
12,359,0.5970287836583101,659.3884865366759,0.12090295995437068,0.06877631650299401,0.09943512464923125,0.32359660591494366,True,0.22321760826641812,1.9093076787670307,0.0,4.309999999999996,fastStorage,879.csv
13,360,0.5994444444444444,655.34,0.09225434268340162,0.07005342712730658,0.060028169151371304,0.5766139371895582,True,0.12906830309255612,1.1114885314459206,0.0,4.033333333333333,fastStorage,879.csv
14,360,0.6544963369963369,657.5701190476191,0.0992410574302185,0.07673283118076323,0.06293536445316265,0.5978327172813022,True,0.1604009181235595,1.1156074781507945,0.0,4.136666666666667,fastStorage,879.csv
15,359,0.5953176813901048,658.5877835256666,0.1068791572801965,0.06595287925634785,0.08410334106753778,0.38078644329278094,True,0.14344918831305553,1.9384258937858023,0.0,4.0699999999999985,fastStorage,879.csv
16,360,0.5886712361712362,661.7221933621934,0.10906237592960095,0.0702972324492604,0.08338405694966065,0.41545744490500786,True,0.15819379412989543,1.3754969899547094,0.0,4.203333333333334,fastStorage,879.csv
17,360,0.5819113756613756,656.9740476190476,0.11099978090960232,0.08102107607060577,0.07587184322488046,0.532784731858898,True,0.16833834789957147,1.2830934799048819,0.0,4.201666666666667,fastStorage,879.csv
18,360,0.5862698412698413,656.7673015873016,0.11282979769918616,0.08598754912124547,0.07305275248038694,0.5807958736274098,True,0.17293449483047385,1.3065619880770827,0.0,4.2683333333333335,fastStorage,879.csv
19,360,0.5897619047619048,659.7386772486773,0.09067786541027976,0.06326323875577601,0.06496335811435933,0.4867436196325626,True,0.10470995074656253,0.6986896578031468,0.0,4.001666666666667,fastStorage,879.csv
20,360,1.2618013468013467,927.472788245705,0.3738711594079375,0.05883776804952961,0.3692123520252068,0.024766717484888897,True,0.8017919996226661,2.7636510150961096,0.0,12.133333333333333,fastStorage,879.csv
21,360,0.6611111111111111,659.1045855070855,0.10709198455599073,0.08185481675360665,0.06905419705111371,0.5842174809759474,True,0.13530858276251734,1.2259775397067627,0.0,4.303333333333334,fastStorage,879.csv
22,360,0.6768849206349207,654.8295358499525,0.11553727407246633,0.06975753257042137,0.09210183684261034,0.3645339550021955,True,0.16005945254025322,1.8196649589728024,0.0,4.301666666666667,fastStorage,879.csv
23,359,18.162567979838176,1162.3458895793158,0.45360609549210185,0.14774297204843134,0.4288711975382425,0.10608546847204392,True,0.9716507856768322,4.01331639491743,0.0,8.836666666666666,fastStorage,879.csv
0,276,0.4884575569358178,0.21769323671497584,0.11767369112588222,0.02734495073037424,0.11445239732195625,0.054000221053859244,True,0.18561569800674216,0.2148402586746204,0.0,1.0666666666666669,fastStorage,1057.csv
1,276,0.23630089717046238,0.21437198067632846,0.1279744473040283,0.03149921646472679,0.1240373271434039,0.06058330709485999,False,0.17235259918567386,-0.948636790162658,0.0,1.0666666666666669,fastStorage,1057.csv
2,276,0.22217046238785365,0.21456176673567973,0.11414852646218947,0.014250827889054662,0.1132554634353933,0.01558617581660496,True,0.1890855443253186,0.02408227183886883,0.0,1.0666666666666669,fastStorage,1057.csv
3,276,0.2159420289855072,0.2149413388543823,0.11466269273713416,0.011169754836276977,0.11411735048899402,0.009489492979344843,True,0.20056140827190805,0.14122465749424326,0.0,1.0666666666666669,fastStorage,1057.csv
4,268,0.23196517412935314,0.21979388770433544,0.11882557527103943,0.015325043642915521,0.1178331887705505,0.01663349794663197,True,0.20321979545013696,0.2030425852726587,0.0,1.0666666666666669,fastStorage,1057.csv
5,276,0.2580745341614906,0.21840924775707382,0.12038870352750913,0.013792889038137341,0.11959597045476124,0.01312619977347456,True,0.20759156883352686,0.09916214700229352,0.0,1.0666666666666669,fastStorage,1057.csv
6,276,0.2189958592132505,0.21699447895100066,0.12421674126645149,0.01906498945907963,0.1227449591135283,0.023556614543740764,True,0.2009319718088715,0.15848221366820792,0.0,1.0666666666666669,fastStorage,1057.csv
7,276,0.2420807453416148,0.21606280193236713,0.1216881683677718,0.01713703591123319,0.12047544281255114,0.01983237406394179,True,0.20952304665381882,0.11296292052489156,0.0,1.0666666666666669,fastStorage,1057.csv
8,276,13.325103519668737,0.2141994478951,0.2295699261112271,0.09442274398249781,0.2092527094054697,0.16916995952347383,False,0.7250045780580839,4.657776396339043,0.0,1.0666666666666669,fastStorage,1057.csv
9,273,0.3856619570905285,0.21671027385313096,0.1758832359251058,0.03344199185914968,0.1726746821626697,0.03615225396285166,False,1.2742391545924274,-4.916712140418097,0.0,1.0666666666666669,fastStorage,1057.csv
10,274,51.08001390337158,0.2147549530761209,0.2808416035946985,0.09735330409991849,0.26342805562519445,0.12016514176098246,True,0.22939943933768794,9.761442495524355,0.0,1.0666666666666669,fastStorage,1057.csv
11,274,0.2308654848800834,0.21021897810218976,0.1310962910128612,0.025165494671852317,0.12865821153447515,0.036849375637947074,True,0.20106322273777888,-0.7007119503123612,0.0,1.0666666666666669,fastStorage,1057.csv
12,271,0.3059176370984488,0.26675532339738983,0.1475875008151737,0.029060819297423858,0.1446980966655449,0.038771852392824956,True,0.20745237772538866,3.0322387946947327,0.0,1.0666666666666669,fastStorage,1057.csv
13,284,0.23000637859792786,0.2365282604719224,0.1310436805451047,0.02246104169688357,0.12910440665096723,0.029378365080662584,True,0.21405278491185342,-0.4521739649917192,0.0,1.0666666666666669,fastStorage,1057.csv
14,272,5.997093837535013,0.2133578431372549,0.14301729865452736,0.052660898547424936,0.1329690846724008,0.1355811735973405,True,0.20466140016827575,2.041029202086343,0.0,1.0666666666666669,fastStorage,1057.csv
15,276,5.9821859903381664,0.21594468333598762,0.15461500758932462,0.04598178330401326,0.1476193624699337,0.08844399038061097,True,0.206838343158233,2.5361981201444923,0.0,1.0666666666666669,fastStorage,1057.csv
16,276,0.3436507936507936,0.22042788129744648,0.11549831113646926,0.01895856410646033,0.11393170200781647,0.026943847711789953,True,0.20176064469051028,0.08377790038740134,0.0,1.0666666666666669,fastStorage,1057.csv
17,276,0.22579365079365077,0.22010006901311246,0.11493894343283946,0.01751749974234291,0.11359620557146478,0.023227894154395877,True,0.20296712250694487,0.23754644378459505,0.0,1.0666666666666669,fastStorage,1057.csv
18,276,0.23609385783298822,0.21994478951000687,0.12582336234641928,0.01643253246866403,0.1247457028872122,0.017056362794656797,True,0.2137790510351983,0.3045167167394629,0.0,1.0666666666666669,fastStorage,1057.csv
19,276,0.2260869565217391,0.2221532091097308,0.12098631941427164,0.016948512021880514,0.1197933112726096,0.019624139454666123,True,0.2017471438887252,-0.08484413737991542,0.0,1.0666666666666669,fastStorage,1057.csv
20,276,0.23307453416149065,0.22158385093167698,0.11519490796512201,0.017065990904906188,0.11392374105306843,0.021948076005057673,True,0.19305020581136081,0.1572738365023571,0.0,1.0666666666666669,fastStorage,1057.csv
21,273,0.2196930054072911,0.21630908773765914,0.14430110990981804,0.04737713133310507,0.13630193596516194,0.10779489121448957,False,1.0106639226339778,-2.5060468923778854,0.0,1.0666666666666669,fastStorage,1057.csv
22,274,0.23015293708724363,0.22017726798748694,0.12416976708165829,0.02259414936399628,0.12209682826196058,0.033110082122894686,True,0.2062542776666592,-0.9824930829254717,0.0,1.0666666666666669,fastStorage,1057.csv
23,276,0.2420462387853692,0.21794340924775701,0.11780515783177255,0.024056987120567457,0.11532266291778771,0.041701709676754115,True,0.19178172409034633,0.22282667846874624,0.0,1.0666666666666669,fastStorage,1057.csv
0,360,4.8187037037037035,0.21158730158730157,0.14015874203684697,0.04332056772783187,0.13329591659570725,0.09553178602396627,False,0.014223449428834953,-0.01820521174284701,0.0,1.1333333333333333,fastStorage,1053.csv
1,360,24.54111111111111,0.21648148148148144,0.19532420471529238,0.07073607654142089,0.18206579146887447,0.13115045619615093,True,0.27665346215098935,0.7984421201341851,0.0,1.4,fastStorage,1053.csv
2,360,7.110858585858586,0.21607744107744106,0.13840742789912633,0.03207811319180504,0.13463881591764537,0.053715402589938024,True,0.22518917463964175,0.42783143858980804,0.0,1.2,fastStorage,1053.csv
3,360,5.047037037037037,0.2211111111111111,0.12591227952951936,0.019741099921788307,0.12435510086119422,0.024581394710973925,True,0.2221524611313964,0.2943659778579858,0.0,1.0666666666666669,fastStorage,1053.csv
4,354,4.873258003766478,0.21864406779661014,0.12682636197813854,0.015645205700570708,0.12585767211893223,0.01521750612989327,True,0.22189817743384158,0.3180587540808474,0.0,1.0666666666666669,fastStorage,1053.csv
5,360,4.85,0.21870370370370368,0.12266032717413296,0.01815200010895664,0.12130977188384198,0.02189982948902304,True,0.2171340552423475,0.2010109892751777,0.0,1.0666666666666669,fastStorage,1053.csv
6,360,4.82537037037037,0.2187037037037037,0.12755853549924911,0.012569114872208085,0.12693776951736008,0.009709354138878901,True,0.22675611465034445,0.24314030046737053,0.0,1.0666666666666669,fastStorage,1053.csv
7,360,4.8447619047619055,0.2941005291005291,0.11485041262757131,0.01681813191151049,0.11361235724924654,0.021443239158058236,True,0.20946361121680784,0.11364361149946078,0.0,1.0666666666666669,fastStorage,1053.csv
8,360,4.825072751322751,0.21727513227513226,0.12902979354061347,0.017512108730408885,0.1278358856853101,0.018420307904412864,False,0.20971227207865323,-0.5075483829770429,0.0,1.0666666666666669,fastStorage,1053.csv
9,357,4.91204481792717,0.2390022675736961,0.13407027514381234,0.025231973841015762,0.1316745464135869,0.035419094176543084,False,0.1732934642558738,-1.0883607284422985,0.0,1.0666666666666669,fastStorage,1053.csv
10,358,4.874275073157754,0.22170790103750995,0.12782692286124078,0.018496003870911704,0.12648169847444654,0.0209368405921645,True,0.20505798063954594,-0.5647638127920672,0.0,1.0666666666666669,fastStorage,1053.csv
11,358,4.912476722532588,0.2230912476722532,0.12272522700829566,0.019786166812721835,0.12111972980112218,0.025992954357748753,True,0.2103227403893142,-0.12762778630150332,0.0,1.0666666666666669,fastStorage,1053.csv
12,353,4.938810198300284,0.22304060434372044,0.14533076655687993,0.052050347426175765,0.13569006242472118,0.128272079917294,True,0.21027925987471413,-1.9273189158932724,0.0,1.0666666666666669,fastStorage,1053.csv
13,359,4.850391298580713,0.2231463058761109,0.13210074183302598,0.034678176564995083,0.1274677608768696,0.0689131328944498,False,0.16624386257763307,-1.145028164700893,0.0,1.0666666666666669,fastStorage,1053.csv
14,358,4.844320297951582,0.21396648044692737,0.14518039688147344,0.059246993690535744,0.13254109316470783,0.16653927816456454,False,0.17457720529870618,-1.3433396331748586,0.0,1.0666666666666669,fastStorage,1053.csv
15,359,4.813847990449661,0.22268205332272178,0.12212978201558532,0.021097695829567064,0.12029368597668562,0.029841928778270774,True,0.2147758988145413,0.1008888908975865,0.0,1.0666666666666669,fastStorage,1053.csv
16,360,4.8405555555555555,0.22018518518518515,0.12130819487689416,0.020081385783331233,0.11963451044456844,0.02740356584486985,True,0.21781641732486062,0.24880561537044407,0.0,1.0666666666666669,fastStorage,1053.csv
17,360,4.813888888888889,0.22018518518518518,0.12209458683807431,0.015968992671480473,0.12104577402048478,0.017106541843026336,True,0.21767487019232876,0.2181623267185067,0.0,1.0666666666666669,fastStorage,1053.csv
18,360,4.812592592592592,0.21537037037037038,0.12003940048998833,0.01632355783273977,0.11892434204012654,0.018491920127822362,True,0.20907879870188495,0.22611487213576964,0.0,1.0666666666666669,fastStorage,1053.csv
19,360,4.8321164021164025,0.2213095238095238,0.12336991919385665,0.01641202820748899,0.12227339159447285,0.01769725663820913,False,0.20899913301777442,-0.4125626074241907,0.0,1.0666666666666669,fastStorage,1053.csv
20,360,4.824600168350168,0.2195559764309764,0.12027951964271634,0.0167840193690398,0.11910272683403299,0.019471910919165867,True,0.21010743416260652,0.11492805892560545,0.0,1.0666666666666669,fastStorage,1053.csv
21,357,4.890569561157797,0.2209150326797385,0.11637905334116944,0.013406068199525271,0.11560433119920914,0.013269458740764387,True,0.197177056103037,0.2688243453764948,0.0,1.0666666666666669,fastStorage,1053.csv
22,358,4.753112529928172,0.22039106145251391,0.11921978858772841,0.015039030493708439,0.11826743234175656,0.015912667389047352,True,0.21094911120045198,0.15726917632724374,0.0,1.0666666666666669,fastStorage,1053.csv
23,360,4.8364417989418,0.21738095238095234,0.1356093577082522,0.028013892420674372,0.13268428591769102,0.042674416840593685,True,0.21595631123635747,-0.12980155176978306,0.0,1.0666666666666669,fastStorage,1053.csv
0,93,0.18996415770609312,0.7849462365591396,0.4029097933919916,0.3589689347114333,0.18296886490142544,0.7937762213931633,True,0.7086245698738034,-0.3824329421848926,0.0,0.2,fastStorage,96.csv
1,95,4.657543859649121,26.42105263157895,0.7267801176563574,0.3084390290644861,0.6580841167892948,0.1801078238309823,True,1.4545354035340519,1.7841734265861078,0.0,0.6199999999999998,fastStorage,96.csv
2,91,1.3743589743589746,13.929670329670332,0.5531449928326775,0.3641420640464912,0.4163771611025562,0.4333748738725742,False,0.7241081520815853,1.6617848187502233,0.0,0.2333333333333333,fastStorage,96.csv
3,90,0.197037037037037,0.7777777777777778,0.42535725723257994,0.3588135834257709,0.22843294120940735,0.7115903620521313,True,0.6836671481328129,-0.5886657710504679,0.0,0.2,fastStorage,96.csv
4,93,0.23830005120327696,0.8524321556579622,0.5074479051283616,0.41434147050572595,0.29295822609770694,0.6667052547745604,False,2.1323823777014543,1.1465801349225602,0.0,0.2,fastStorage,96.csv
5,99,0.17979797979797973,0.8074074074074074,0.4201411516539599,0.326565155624738,0.2643365022937738,0.6041562109209413,True,0.6880321262408122,-0.22829759085757267,0.0,0.2,fastStorage,96.csv
6,97,0.19862542955326457,0.6989690721649484,0.3947818278122075,0.34207633622849104,0.19706971295264966,0.7508129543876985,True,0.6830746680817235,-0.262975212295431,0.0,0.2,fastStorage,96.csv
7,95,0.46877192982456145,1.1712280701754385,0.597784099314432,0.37882400605563094,0.46242642855824084,0.40159312285171145,True,0.6187040604053005,2.359519850281341,0.0,0.2766666666666665,fastStorage,96.csv
8,101,1.135973597359736,1.9082508250825088,0.6839698843068045,0.5023321341546036,0.4641952494741247,0.539396298665697,True,0.6804792340106656,1.8838875860049318,0.0,0.5,fastStorage,96.csv
9,94,0.9074468085106381,1.564133738601824,0.6007459382744674,0.45540500068070844,0.39179327164752864,0.5746638842910412,False,2.75752870069756,1.8403725943152311,0.0,0.3,fastStorage,96.csv
10,91,0.2637362637362637,0.7362637362637363,0.4246117266590469,0.3774759576364509,0.19444027315044937,0.790304806059645,True,0.7371445192695245,-0.3428152551332786,0.0,0.2833333333333333,fastStorage,96.csv
11,93,0.4480286738351255,1.8057347670250896,0.6050975917294225,0.4711403544443414,0.37969706600236885,0.6062472194721119,True,0.8047391685605507,1.2481553065172826,0.0,0.4799999999999997,fastStorage,96.csv
12,87,0.2666666666666666,0.6329501915708813,0.351071364653396,0.2924012415573931,0.1943003268532835,0.6936934755795938,True,0.6826426382257984,-0.32273495647379097,0.0,0.2,fastStorage,96.csv
13,91,0.3479853479853479,1.3714285714285714,0.4631416646695376,0.34364758404841994,0.3104940249514546,0.5505526855796818,False,0.7850253915973355,0.3258035666330243,0.0,0.21666666666666667,fastStorage,96.csv
14,93,0.24711632453567933,8.140241120886282,0.5519265504999188,0.3701507750185506,0.4094036161294936,0.4497744212095311,False,0.5922676946613505,2.669438137965475,0.0,0.2,fastStorage,96.csv
15,98,25.223809523809535,136.53027210884352,0.9078842341434737,0.6700723955406008,0.6125820494764458,0.5447315192728573,True,1.8688168703180574,3.185660466545631,0.0,0.5866666666666656,fastStorage,96.csv
16,89,9.308828250401286,40.05275548421617,1.0328806420589363,0.8318866771596084,0.6122148128756977,0.6486763463676125,False,3.99816743453862,3.2159325358266906,0.0,1.4266666666666556,fastStorage,96.csv
17,91,0.1899005756148613,0.7978545264259551,0.41162478129128494,0.3352782230330876,0.23879588298978952,0.6634491869918896,True,0.7038511870342674,-0.36294206712674054,0.0,0.2,fastStorage,96.csv
18,87,0.1984674329501915,0.6911877394636016,0.37768083874382236,0.33439472495566946,0.17556475693048193,0.7839149229502875,True,0.7092063984533139,-0.3508402879269217,0.0,0.2,fastStorage,96.csv
19,89,0.20149812734082398,0.7018726591760299,0.3829970186534744,0.3118245184115072,0.2223784747112035,0.662872090512935,True,0.6757725510884129,-0.4797471714769328,0.0,0.2,fastStorage,96.csv
20,86,0.2093023255813953,0.8612403100775197,0.3822709409383002,0.28369940323874815,0.2562142089889465,0.5507750688408068,True,0.6575055639850269,-0.6250713874501342,0.0,0.2,fastStorage,96.csv
21,87,0.19693486590038306,0.8620689655172412,0.41544515889653866,0.3655741017411106,0.197358192601043,0.7743252794620441,True,0.7405486487683366,-0.4483995462173047,0.0,0.2,fastStorage,96.csv
22,92,0.18043478260869564,0.7123188405797103,0.37774892202519483,0.29571769212656607,0.2350431761496899,0.6128414747367629,True,0.6910809417052004,-0.04311965846078484,0.0,0.2,fastStorage,96.csv
23,94,0.19716312056737584,0.7985815602836878,0.3988466729360203,0.3411185264933417,0.206680476569859,0.7314736174581061,True,0.6615849609304663,-0.2632376168028979,0.0,0.2,fastStorage,96.csv
0,336,0.005668934240362807,38.79350907029478,0.2548975406380651,0.25239058681049537,0.03566157473791377,0.9804264435324801,False,4.551711374368385,-16.779034693943586,0.0,7.0,fastStorage,50.csv
1,336,0.007157029478458045,58.21839569160997,0.08117942914756252,0.0518654961377975,0.062450540647013074,0.4081925623664275,True,0.09387783222918356,0.6329511987307234,0.0,7.0,fastStorage,50.csv
2,336,0.0055555555555555506,88.62335600907029,0.06576390840863196,0.05431630602560224,0.03707601042334603,0.6821583844365146,True,0.1003710039697463,1.4900705019368385,0.0,7.0,fastStorage,50.csv
3,336,0.005158730158730153,133.91234410430837,0.10204653418780796,0.07445278252020802,0.0697873793371127,0.5323108860775781,True,0.11236699845426323,3.411384627390057,0.0,7.066666666666666,fastStorage,50.csv
4,336,0.005555555555555551,160.32593537414965,0.10286138400934224,0.07696293132254516,0.06824347238057688,0.5598329731507596,False,0.36568342374951146,3.3172438632600616,0.0,7.0,fastStorage,50.csv
5,340,0.6892436974789916,365.1034173669468,0.35974577404066144,0.22617910305924888,0.2797499513483931,0.39528792962303116,False,3.5247218517865777,-4.571450546984042,0.0,12.4,fastStorage,50.csv
6,341,0.04208909370199692,19.883158776707162,0.37185686730225875,0.3591596976775074,0.09634231325877123,0.9328752738049977,False,2.963568859948535,-7.654449052117016,0.0,7.0,fastStorage,50.csv
7,346,0.04856867602532342,17.90800990916598,0.5562090992139598,0.5315239952660781,0.1638621509220201,0.913207714685018,False,1.819884931221578,-6.008417180652869,0.0,7.0,fastStorage,50.csv
8,345,0.051787439613526554,17.665797101449275,0.46234413240799727,0.44788294195157297,0.11472997464005497,0.9384223523268442,False,1.6819027084081875,-6.0602135074368455,0.0,7.0,fastStorage,50.csv
9,340,0.040602240896358534,17.361456582633053,0.32040566708573454,0.3078507999036357,0.08881259200893861,0.9231668369471028,False,0.6163987763766294,-7.158190468469022,0.0,7.2,fastStorage,50.csv
10,343,0.045189504373177834,17.02229199372056,0.430626863560038,0.40781987424421956,0.1382839317888545,0.8968804044300477,False,0.9770813533272387,-6.6811054335053495,0.0,7.126666666666665,fastStorage,50.csv
11,338,0.044871794871794865,20.199591434206816,0.26437533596472484,0.24637299162415996,0.09588882763191299,0.868449002827819,False,3.121635321149694,-9.605441217451176,0.0,7.080714285714284,fastStorage,50.csv
12,339,0.03841831717937912,18.148784941705294,0.3503864049386726,0.3346558313215721,0.10380803113591444,0.9122256920442243,False,0.7692922319898985,-8.242215365288146,0.0,7.067142857142857,fastStorage,50.csv
13,337,0.039112618341104986,18.022198671753564,0.43307410155561016,0.41640292596754663,0.11900328013909862,0.924491918093303,False,0.9948132486377421,-8.292195551224838,0.0,7.0,fastStorage,50.csv
14,328,0.03272357723577236,17.34502032520325,0.3031618283729452,0.2906166254699006,0.086308001847538,0.9189499869495504,False,0.48302961445641035,-7.896371807890706,0.0,7.0,fastStorage,50.csv
15,331,0.028801611278952664,18.764494317364406,0.42826900848462457,0.37855771732150445,0.20027081236349775,0.7813235459599889,False,1.8074285456163148,-6.871428390352015,0.0,7.0,fastStorage,50.csv
16,339,0.01651917404129793,16.561682352390317,0.2780297032903775,0.26984882657361164,0.06694868713111753,0.9420168590634235,False,1.9240902121800518,-9.994287021549988,0.0,7.0,fastStorage,50.csv
17,336,0.01612103174603174,16.455109126984127,0.07930132666306998,0.04415468696427017,0.06587157224182706,0.31002214347027046,True,0.08853819039159072,1.2265728497172512,0.0,7.0,fastStorage,50.csv
18,336,0.008347505668934234,17.639314058956913,0.09608767931252267,0.05263934226494206,0.08038620380127727,0.3001134774506843,True,0.1094013051131475,4.096751060154113,0.0,7.0,fastStorage,50.csv
19,338,0.005325443786982245,16.658100873485488,0.3301994188877317,0.32596603058057516,0.05270486828879533,0.9745229666567402,False,4.200109265298643,-12.171674944895472,0.0,7.0,fastStorage,50.csv
20,336,0.010565476190476186,16.6018404710369,0.13613170273899325,0.12432804256672739,0.05544707676824487,0.8341029147266751,False,0.03831749271658502,-11.036584208167906,0.0,7.0,fastStorage,50.csv
21,336,0.005952380952380948,17.641369047619047,0.0621254422691432,0.04341627280864577,0.044436447118799745,0.48838924095881825,True,0.08836291770330806,0.7989674887129374,0.0,7.0,fastStorage,50.csv
22,346,0.3354803192953482,17.259372419488027,0.5184956928176851,0.4844679852082497,0.184739153345333,0.8730514947036951,False,2.3246017654937567,-6.128642784311104,0.0,7.0,fastStorage,50.csv
23,336,0.011125283446712013,25.355201247165528,0.33136545013882135,0.3248638918690141,0.06531855253617683,0.9611439494913778,False,4.197911697854249,-12.072017605527423,0.0,6.933333333333334,fastStorage,50.csv
0,360,0.8627777777777779,7.137592592592592,0.11769681799837806,0.0739481343617103,0.09156535584688003,0.3947526008857701,False,0.1187893443057706,0.4947353301559157,0.0,5.503333333333334,fastStorage,987.csv
1,360,1.411851851851852,6.886296296296296,0.10386921594921765,0.051356791302218506,0.09028451699513926,0.2444680209988329,False,0.07359409692130892,0.33536448503536304,0.0,5.333333333333334,fastStorage,987.csv
2,360,0.8788888888888888,6.909259259259258,0.11632510305675023,0.07062629651446449,0.09243081651600019,0.36862600950303065,False,0.17014734692594846,0.09604471875735754,0.0,5.635000000000001,fastStorage,987.csv
3,360,0.8181481481481482,6.646851851851852,0.1111791609595796,0.08029090740818673,0.07690368014110958,0.521537988721554,False,0.1734025847722569,0.035494519936639636,0.0,5.4,fastStorage,987.csv
4,360,4.493518518518518,101.30203703703705,0.3852544709200606,0.1130996385883687,0.36827907775907687,0.08618408186286994,True,0.8721991153508002,1.4993578611512917,0.0,13.570000000000002,fastStorage,987.csv
5,360,0.802962962962963,7.217037037037037,0.11723987631465232,0.08316656723441239,0.08263480315653285,0.5032072027315857,False,0.18828848748449833,0.1875168190389057,0.0,5.368333333333333,fastStorage,987.csv
6,360,0.8690740740740741,7.595740740740741,0.11435283784669416,0.07624460312199814,0.08522518417909887,0.44455379567518516,False,0.1657552323326521,0.23150556151129706,0.0,5.468333333333333,fastStorage,987.csv
7,360,1.5003703703703704,8.752777777777778,0.12649040010026655,0.08088228628497904,0.09725161737904515,0.40887608085469973,False,0.17316312560359615,0.5738746289810123,0.0,5.666666666666666,fastStorage,987.csv
8,360,1.1164814814814814,9.815925925925926,0.14067671202383092,0.07692739236680729,0.11777993721122089,0.299031957752166,False,0.5997771505513467,2.393585713732725,0.0,5.633333333333334,fastStorage,987.csv
9,360,0.8464814814814815,8.231851851851852,0.1126167603330502,0.07326133706641536,0.08552959253470546,0.4231980146216924,False,0.1456459479137595,0.2705843756268473,0.0,5.468333333333333,fastStorage,987.csv
10,360,0.8209259259259262,11.078333333333333,0.11382902559085788,0.07430278112651327,0.08623307824628339,0.42609270882490347,False,0.1571697501442726,-0.015359322450193056,0.0,5.5,fastStorage,987.csv
11,360,0.8983333333333333,8.269074074074075,0.12236709433504998,0.060607909725150205,0.10630327866416474,0.24531794441552646,False,0.14912336751956445,0.40621923845891217,0.0,5.7,fastStorage,987.csv
12,360,0.8485185185185186,8.196851851851852,0.11536684243824358,0.0696542066905103,0.09196629722070032,0.3645295068660174,False,0.16229057665292013,0.3520719504061283,0.0,5.466666666666666,fastStorage,987.csv
13,360,1.665,7.631851851851852,0.11818173409794977,0.06305193713801954,0.09995686818594178,0.2846401446755368,False,0.1442985460606374,0.5718563363120955,0.0,5.7683333333333335,fastStorage,987.csv
14,360,0.9457407407407408,7.64925925925926,0.12138104386070143,0.06669028379076455,0.10141875495499249,0.3018723911980432,False,0.15200482921095237,0.35894582037287875,0.0,5.733333333333333,fastStorage,987.csv
15,360,0.8474074074074076,7.509814814814816,0.1117418942969055,0.06246910717622933,0.09264913161851855,0.3125349129867552,False,0.07643698432849422,0.6474976175879931,0.0,5.4350000000000005,fastStorage,987.csv
16,360,0.9411111111111113,7.281296296296295,0.11626524446133689,0.07255276067162555,0.09084989812091286,0.38941086643146117,False,0.12131110788727417,0.41969458976364404,0.0,5.735,fastStorage,987.csv
17,360,0.8451851851851852,7.187777777777778,0.11320493773796493,0.06739597775238289,0.09095680354463226,0.35443550173378896,False,0.14707365685999196,0.12668283521409074,0.0,5.6,fastStorage,987.csv
18,360,0.8677777777777778,7.196851851851852,0.12701213367730926,0.08843069893256472,0.09117068381645928,0.4847476267858705,False,0.14729636046047845,0.379122947185717,0.0,5.633333333333334,fastStorage,987.csv
19,360,1.4096296296296298,7.046111111111112,0.12697773990093597,0.07826364801656187,0.09999073871859063,0.37989623477484386,False,0.12399311764394794,0.5102620113322075,0.0,5.7,fastStorage,987.csv
20,360,1.4677777777777776,12.303888888888888,0.13963246052859998,0.07574409074001326,0.11730326828882331,0.2942555961936517,False,0.29383353965553205,2.1854215398620744,0.0,5.601666666666667,fastStorage,987.csv
21,360,0.8600000000000001,6.845,0.1124621296255392,0.07168832209596346,0.0866516882407779,0.40633499301214804,False,0.13914529685918198,0.2737875600559567,0.0,5.433333333333334,fastStorage,987.csv
22,360,0.8883333333333334,12.765555555555554,0.11295129861453972,0.06971709464102264,0.08886800646760125,0.3809746718068314,False,0.15181164650892653,-0.04564963093437112,0.0,5.535000000000001,fastStorage,987.csv
23,360,0.8572222222222223,6.829444444444445,0.12206399765179918,0.0701082094696966,0.09992226222264773,0.32988500327446546,False,0.10715871981456448,0.614443887277698,0.0,5.636666666666668,fastStorage,987.csv
0,360,3.0188888888888887,9.381296296296298,0.09640873047051048,0.08765530153353368,0.04013964902687642,0.8266537649588779,True,0.1598154137205659,-0.45749578151179626,0.0,1.9833333333333332,fastStorage,413.csv
1,360,3.431481481481481,11.046296296296296,0.09726247043797473,0.0874216635633644,0.04263145429740623,0.8078812715619353,True,0.16396486037034064,-0.2656548032106795,0.0,2.0,fastStorage,413.csv
2,360,3.8120370370370367,12.065370370370369,0.1543383710919998,0.0908597988727658,0.12475908680385726,0.34657379153844603,False,0.8202903332066466,2.9671850704353733,0.0,2.151666666666667,fastStorage,413.csv
3,360,2.8033333333333332,8.798968253968253,0.1023846296299344,0.09459903309631322,0.039161656268619054,0.8536972211263681,True,0.1771282461686482,-0.3908188272348343,0.0,2.0,fastStorage,413.csv
4,354,2.632580037664783,8.448022598870056,0.10571709799631308,0.09758379504033651,0.04066334657019336,0.8520497272903785,True,0.18117132143809755,-0.5020751306256938,0.0,1.9833333333333332,fastStorage,413.csv
5,360,2.6622222222222223,8.475185185185184,0.10566984015495122,0.09866954516239658,0.03782110489949647,0.8718949284818803,True,0.17565902218276858,-0.44018559785928824,0.0,2.0,fastStorage,413.csv
6,360,2.876851851851852,8.95074074074074,0.10199336453495403,0.09397718053142227,0.039635034357553875,0.8489868936484085,True,0.1763478591885979,-0.4441501467699326,0.0,2.0,fastStorage,413.csv
7,360,4.014814814814814,9.879999999999997,0.16290215510658243,0.09060265187442139,0.1353819471410108,0.30933435725316666,False,1.5333685604364766,6.728918451608316,0.0,1.9833333333333332,fastStorage,413.csv
8,360,3.8551058201058197,9.990925925925925,0.14134547803300973,0.0935214808635164,0.105982436174467,0.4377830192577301,False,1.4534214092375835,6.053360593083203,0.0,2.0,fastStorage,413.csv
9,359,4.715691736304549,10.2347260909935,0.20136423136691728,0.12259902334086023,0.1597405181845126,0.370688713922947,False,1.3846198645834487,5.423865463389912,0.0,2.083333333333333,fastStorage,413.csv
10,358,4.809217877094971,10.952793296089386,0.2011137463374423,0.1338109643340199,0.15013781931905348,0.44269018056324516,False,1.2379211874622147,4.954649713978769,0.0,2.1333333333333333,fastStorage,413.csv
11,358,4.797033785581272,10.812490023942537,0.211443553327574,0.13159201595101477,0.16550503793461546,0.387320232066293,False,1.52809646860501,5.10302901738847,0.0,2.1024999999999996,fastStorage,413.csv
12,353,4.492823418319169,10.82452448401457,0.18546836086002988,0.11469485361189247,0.14575185568305063,0.38242669068003043,False,1.3893241766790745,5.014972304082221,0.0,2.173333333333333,fastStorage,413.csv
13,360,4.256481481481482,10.836666666666668,0.16888168316247112,0.12850648535273176,0.10957694159848332,0.5790085731182454,False,1.1844863576836269,4.502437588896197,0.0,2.201666666666667,fastStorage,413.csv
14,356,6.046709470304976,10.77834403424291,0.2814317189356264,0.16387528953609357,0.22879838701905864,0.339063356913855,False,1.4742110631484135,4.285630277936806,0.0,2.1875,fastStorage,413.csv
15,360,5.493732193732194,11.36883190883191,0.236436735085198,0.14818373366907786,0.18423873309822753,0.3927997105457439,False,1.5811048210893164,4.70070718401936,0.0,2.3,fastStorage,413.csv
16,360,5.961851851851852,11.258703703703702,0.2523625263716646,0.15805356686243455,0.19673818825726505,0.3922463125479951,False,1.5075428276694902,4.4007612327828065,0.0,2.1675,fastStorage,413.csv
17,360,3.5828835978835976,10.465608465608465,0.11001046789383158,0.10403753930001708,0.03575602694116258,0.894359490277638,False,0.18081599925077002,-0.1273776140296859,0.0,2.05,fastStorage,413.csv
18,360,3.569563492063492,10.426415343915345,0.10691510845010814,0.09956103296490212,0.038967180163055865,0.8671627741490472,False,0.15391255395561693,-0.1637379596342211,0.0,2.083333333333333,fastStorage,413.csv
19,360,3.3359126984126988,9.946018518518517,0.11568924625009212,0.10822047543933108,0.04089413642075829,0.8750500462159847,False,0.17569072956482723,-0.3220329615132567,0.0,2.05,fastStorage,413.csv
20,360,3.302097162097162,9.849902597402597,0.11549456990063753,0.10779247491212635,0.041470206520487184,0.8710714006844311,True,0.19828306092936077,-0.1469278783277753,0.0,2.05,fastStorage,413.csv
21,358,3.451928704442671,10.363115190210163,0.10973810788188013,0.10322265689496356,0.03724963657594243,0.8847796621487873,True,0.18595477367119684,-0.12214561016448892,0.0,2.05,fastStorage,413.csv
22,359,3.1147632311977715,9.612123623822788,0.10138444179380063,0.09396430973501711,0.03807247738015364,0.8589803456212998,True,0.17326776150110318,-0.25131787591950827,0.0,2.0,fastStorage,413.csv
23,360,2.972407407407408,9.197592592592592,0.09742621576998313,0.08905449388251348,0.03951157600740164,0.8355260821517974,True,0.1641040086740176,-0.5215400084867545,0.0,1.9833333333333332,fastStorage,413.csv
0,359,3.2140336914710175,10.506486271388779,0.16928969052076728,0.16461138065032024,0.03952331814274363,0.9454938164534308,True,0.3192939963982384,0.8336777666936221,0.0,2.05,fastStorage,406.csv
1,360,3.175634920634921,10.408597883597885,0.17296282799231413,0.1685070174873054,0.03900672922242777,0.9491403325632549,True,0.3192662805208001,0.9054535025605065,0.0,2.05,fastStorage,406.csv
2,360,3.806468253968254,12.381256613756614,0.2159884652710009,0.17250508698810782,0.12997312065711017,0.6378854496092011,True,0.2882088857912699,1.9467635645723342,0.0,2.1008333333333336,fastStorage,406.csv
3,360,2.8069444444444445,9.1794708994709,0.17317741729335737,0.1688614796445788,0.03842158966832486,0.950776992854425,True,0.34056476432326943,0.8127477711512637,0.0,2.033333333333333,fastStorage,406.csv
4,355,2.6343393695506374,8.874218645204559,0.1761549201256082,0.17176803175995606,0.0390678787467419,0.9508130258622106,True,0.3384836158229785,0.8113235175060495,0.0,2.033333333333333,fastStorage,406.csv
5,360,2.6592063492063494,8.880727513227514,0.17464110358552634,0.1708048871618625,0.0364033732392199,0.9565499457772129,True,0.3405856059309296,0.7980366889054593,0.0,2.033333333333333,fastStorage,406.csv
6,360,2.8736772486772484,9.336428571428572,0.16925948924782516,0.16511820860286835,0.0372122545435545,0.9516645335553118,True,0.32780514359017715,0.8183498204639216,0.0,2.0166666666666666,fastStorage,406.csv
7,360,4.03962962962963,10.185383597883598,0.22841529080430864,0.16221548568655444,0.16080945642807246,0.5043526131796799,True,0.2842640934521027,3.745901262039926,0.0,2.033333333333333,fastStorage,406.csv
8,360,3.85026455026455,10.267579365079364,0.20656479961982846,0.16165927603080982,0.12858963766639334,0.6124753675150082,True,0.27303535129578765,3.025432175478708,0.0,2.033333333333333,fastStorage,406.csv
9,359,4.7458416235575,10.51553256400053,0.25521174063228386,0.1601015600921584,0.19874738492019736,0.3935408584220962,True,0.3110903989736955,3.7064952581946238,0.0,2.033333333333333,fastStorage,406.csv
10,359,4.817061026253227,11.219314946891549,0.25282068351898024,0.16402754759855104,0.1923883095299957,0.4209285479547525,False,1.4887109039680047,3.5989660441327582,0.0,2.05,fastStorage,406.csv
11,358,4.749068901303539,11.127351024208567,0.24878837309657534,0.14832332633563178,0.19973944390824372,0.35543382296690396,True,0.3185711576882677,3.7802941256784086,0.0,2.05,fastStorage,406.csv
12,354,4.547995695453323,11.107465698143665,0.23677498272835942,0.154729939868085,0.1792234308187233,0.4270483874664366,True,0.32136054861726937,4.062959350980549,0.0,2.0407142857142855,fastStorage,406.csv
13,360,4.233373015873016,11.146719576719576,0.20620899428782336,0.15752070929039377,0.1330765774651828,0.5835258623826545,True,0.29475590451004335,3.131779435851611,0.0,2.033333333333333,fastStorage,406.csv
14,357,6.07328264639189,11.060050686941445,0.3175287850881566,0.16312986273035052,0.2724209559581233,0.2639372807734269,False,1.5152901003718313,3.7665163831530197,0.0,2.05,fastStorage,406.csv
15,359,5.5701109784675245,11.656371313613652,0.27310015039326546,0.14659423682470388,0.23042096665582945,0.2881309526550258,False,1.8054647011965645,4.665162815438934,0.0,2.033333333333333,fastStorage,406.csv
16,360,5.9936772486772485,11.55654761904762,0.3013746286792257,0.14999494021118534,0.2613966042675079,0.24770789107168056,False,1.6331453954259563,4.033283892716518,0.0,2.0341666666666667,fastStorage,406.csv
17,360,3.592195767195767,10.786865079365079,0.16082795588551246,0.15574651564616904,0.040108032342536556,0.9378072688863996,True,0.3079087253006584,0.730423357380687,0.0,2.033333333333333,fastStorage,406.csv
18,360,3.5746428571428575,10.718492063492063,0.16043727053670362,0.1561009102563577,0.03704893513184936,0.9466737640331921,True,0.31196111201763843,0.761248513475202,0.0,2.0166666666666666,fastStorage,406.csv
19,360,3.3288029100529095,10.259854497354498,0.1635809862295621,0.15590790129878465,0.04951227492697745,0.9083863644198911,True,0.30512027493993565,0.7385938686108114,0.0,2.0166666666666666,fastStorage,406.csv
20,360,3.2983164983164985,10.16925364758698,0.16671079548231044,0.16221974750345233,0.03843491707108136,0.9468474078481337,True,0.2915787014371538,1.035318644597759,0.0,2.05,fastStorage,406.csv
21,357,3.4580765639589166,10.685714285714287,0.1598606071384314,0.15512471642836936,0.03862299920624876,0.9416273951053395,True,0.29367668780810524,0.9489695729906577,0.0,2.0166666666666666,fastStorage,406.csv
22,358,3.1072625698324026,9.937988826815642,0.1709743697272982,0.1660685005914851,0.040663106312021746,0.943436134490568,True,0.32182027810815056,0.8731708763724341,0.0,2.05,fastStorage,406.csv
23,360,2.979074074074074,9.52484126984127,0.17088055310477668,0.1670045300942109,0.03618909169081484,0.9551492113880484,True,0.3202757548672565,0.8791809351940592,0.0,2.05,fastStorage,406.csv
0,359,3.7569969491975064,9.87136224963523,2.4052541219994006,2.17723976530172,1.0221909781366783,0.8193898505812991,True,4.148935835672613,1.0455770405260485,0.08356545961002786,95.10499999999999,fastStorage,709.csv
1,360,3.117592592592593,6.2118518518518515,2.434655023935266,2.25149418097356,0.9264550926059134,0.855198226884102,True,4.846203634734029,1.0237827151556362,0.10833333333333334,95.32,fastStorage,709.csv
2,360,3.2311111111111113,6.701666666666666,2.241135542294279,2.063242531475958,0.8750535842126196,0.8475480268472305,True,4.232900971975393,1.2658710474853387,0.06944444444444445,95.05083333333333,fastStorage,709.csv
3,360,2.6212301587301585,6.761157407407406,2.286670828038797,2.128285043510374,0.8362214116929098,0.8662680231355225,True,4.286360223381078,1.2276064641252307,0.1,95.2667261904762,fastStorage,709.csv
4,360,3.3690608465608465,7.691785714285715,2.2537753576038386,1.9076799173632732,1.200108618180524,0.7164563949200123,True,4.2694799955894105,1.3104767174655492,0.05555555555555555,94.41083333333334,fastStorage,709.csv
5,360,1.991111111111111,5.277116402116403,2.3197858940370084,2.204124001079637,0.7233560548151747,0.9027681754052299,True,4.726465993652619,1.2858813530047886,0.08055555555555556,94.91666666666666,fastStorage,709.csv
6,360,3.0307407407407405,5.78462962962963,2.400444418290205,2.2263048570187345,0.8976079817578438,0.8601733017541339,True,5.403793360433834,1.0909363105615824,0.07222222222222222,94.8875,fastStorage,709.csv
7,360,6.289537037037037,12.039294871794871,2.5809539123909735,2.170006333758137,1.397281506832408,0.7069057331935509,True,4.412950906672068,0.7593998636203099,0.15,95.26750000000001,fastStorage,709.csv
8,360,9.163657407407406,14.72207671957672,2.6678636399357902,2.224644549930202,1.4725668160587126,0.6953348613757169,True,4.568125746907474,0.6007105455235429,0.16666666666666666,95.1525,fastStorage,709.csv
9,359,10.757288765088209,17.072861122164742,2.6482507486415185,2.425916986488764,1.0621482016863928,0.8391385315796007,True,5.40270962492014,0.5856057285189273,0.18662952646239556,95.18333333333334,fastStorage,709.csv
10,360,5.181666666666667,10.595185185185185,2.7462182125584866,2.4178689813765772,1.3021613033280168,0.7751672956583301,True,4.932370322720284,0.47864973585443704,0.225,95.42166666666665,fastStorage,709.csv
11,360,7.622777777777777,13.779999999999998,2.7216654412697525,2.2770402180198674,1.4908221288007872,0.6999579090073089,True,4.721747406732708,0.4502737935343151,0.23055555555555557,95.31833333333333,fastStorage,709.csv
12,360,7.839537037037037,10.873518518518518,2.767317700189811,2.498299576575463,1.190187581630176,0.8150251059411036,True,5.462295384455108,0.18629311609958912,0.2722222222222222,95.41999999999999,fastStorage,709.csv
13,359,3.6135561745589593,5.614113277623027,2.786391056382781,2.4825253701052086,1.265323241655644,0.7937856727622261,True,5.475612284073441,0.18101130650041133,0.31197771587743733,95.77000000000001,fastStorage,709.csv
14,360,6.622407407407407,11.384444444444444,2.6992579618658623,2.395889080405992,1.243265482142722,0.7878519861971661,True,5.234332475931781,0.4069499986149659,0.25555555555555554,95.51750000000001,fastStorage,709.csv
15,360,7.2807407407407405,11.965555555555557,2.7358216561637354,2.5037092601915436,1.1027964793041363,0.8375142887191285,True,5.2945845796943045,0.12560491854756514,0.26944444444444443,95.55,fastStorage,709.csv
16,360,4.986203703703704,10.271322751322751,2.754095537039594,2.443026288118396,1.2714813339974205,0.7868614657254008,True,5.3756829855298935,-0.027460862879154842,0.30277777777777776,95.50083333333333,fastStorage,709.csv
17,360,6.57193783068783,11.173624338624338,2.6798837109629097,2.1417573992286956,1.6107923351982618,0.6387172625980402,True,5.156958791534017,-0.06665147443077156,0.2722222222222222,95.66666666666666,fastStorage,709.csv
18,360,5.571679894179894,10.658148148148147,2.701127464682848,2.3814115097480295,1.2747426413608363,0.7772822299146906,True,5.214084328717429,0.05620995577890291,0.24166666666666667,95.41999999999999,fastStorage,709.csv
19,360,6.022962962962962,12.296296296296294,2.686278955857909,2.318452026552511,1.3567884246482973,0.7448931972230716,True,4.605225014072363,0.3513552320262724,0.19166666666666668,95.32333333333334,fastStorage,709.csv
20,360,6.006494708994708,10.265538720538721,2.770711002042281,2.4922560972611194,1.210577962174644,0.809101257002643,True,4.804409653383024,0.21395957495258225,0.2361111111111111,95.33416666666668,fastStorage,709.csv
21,360,5.445052910052911,14.203095238095239,2.7693979435485856,2.4928106073344036,1.2064245710744697,0.8102291001593486,True,5.085425032928548,0.28492342622164785,0.23333333333333334,95.46666666666664,fastStorage,709.csv
22,360,3.7244444444444444,12.627275132275134,2.721737269125646,2.535960654924909,0.9883103352795415,0.8681457072207113,True,4.785453397974155,0.4181999020699389,0.18611111111111112,95.26666666666668,fastStorage,709.csv
23,358,2.884809789837723,6.384091513700452,2.5635210846468275,2.3927059948930793,0.9201078053312927,0.8711739644657374,True,4.551599675537354,0.7899471199286375,0.15083798882681565,95.18583333333333,fastStorage,709.csv
0,348,3.4904488232074438,8.288067870826492,0.1395172782799638,0.1242806136178574,0.06339873829515616,0.7935070449994109,True,0.25081184723420447,0.42437505794950015,0.0,1.575,fastStorage,113.csv
1,348,3.281814449917898,7.438423645320197,0.1482297926386846,0.13814277736979905,0.05374611135947959,0.8685310806478698,False,0.2521379766789371,0.3506450559720922,0.0,1.5833333333333337,fastStorage,113.csv
2,348,3.0982758620689657,6.936973180076628,0.1423477816977266,0.1312115496329727,0.05519438555847478,0.8496552044792723,True,0.2683868686725076,0.2930327659570566,0.0,1.55,fastStorage,113.csv
3,348,2.9708675424192665,6.541174055829227,0.14231914819275776,0.13141890917749274,0.05462426432374223,0.8526858275441555,False,0.23760984252994644,0.2110940971384654,0.0,1.5416666666666663,fastStorage,113.csv
4,343,2.793586005830904,6.185228377065112,0.14144984836397673,0.13111847134760238,0.05306605387307386,0.859256413183042,False,0.24663815425424715,0.21510931604049313,0.0,1.5166666666666666,fastStorage,113.csv
5,348,2.8185686918445536,6.232881773399014,0.1312788723057545,0.11443960162844105,0.06432511090541787,0.7599114700553367,True,0.23324222705302441,0.4036174810597082,0.0,1.5,fastStorage,113.csv
6,348,3.0537219485495353,6.727148330596607,0.11414114703970937,0.10506961324059048,0.044593472852125886,0.8473635958869298,True,0.20837027861854737,0.3124196485774807,0.0,1.4583333333333337,fastStorage,113.csv
7,348,3.505904488232075,7.5378010399562125,0.1615824173405646,0.10314593694750243,0.12437762373048561,0.4074891488777658,False,0.9543589295176539,4.1472742968178,0.0,1.4833333333333334,fastStorage,113.csv
8,348,9.425191570881225,11.818295019157087,0.14270388392849329,0.1102170480466614,0.09064546766472563,0.5965213108117657,False,1.2528059405997092,3.60139099778346,0.0,1.475,fastStorage,113.csv
9,347,3.621970632633457,8.679449704954028,0.11007847488878629,0.10166365162306437,0.04221104799108112,0.8529559480557268,False,0.1430495203063224,0.1826471957610337,0.0,1.475,fastStorage,113.csv
10,346,6.56943297550234,8.564716946508854,0.12544420220763508,0.10242079361241414,0.07243085601670954,0.666615005846154,True,0.13068514266056952,2.353534549640082,0.0,1.4416666666666669,fastStorage,113.csv
11,346,5.591136801541426,8.815606936416184,0.20131356589238167,0.11997068630771467,0.16166071334483906,0.3551437722493385,False,0.41128778943573646,4.787059836292639,0.0,1.6624999999999996,fastStorage,113.csv
12,342,6.505847953216374,8.433723196881093,0.229706867719363,0.15995878546693015,0.1648588245420473,0.4849179229718897,False,1.570314620817936,5.2326015694018055,0.0,1.7162499999999998,fastStorage,113.csv
13,356,455.60527749404156,18.167466802860066,0.638637690949201,0.5257087235426997,0.36261334544116336,0.6776122916401138,False,1.7836125400100538,4.008239973738989,0.0,4.2749999999999995,fastStorage,113.csv
14,346,25.58861822185522,27.236278557665834,0.23262640388127565,0.13203268819980177,0.19152653348679474,0.3221401949383256,False,0.5726511948620966,4.717883244416017,0.0,1.75,fastStorage,113.csv
15,348,3.84760038811763,8.371025526197942,0.11377856222660411,0.10353207532436841,0.047187610676771165,0.8279973681220003,True,0.17485931922711684,0.538801440267971,0.0,1.5583333333333331,fastStorage,113.csv
16,348,3.7734821691718237,8.193297124331606,0.11291717642545566,0.10315850498806645,0.045919620866515805,0.8346224446471221,True,0.18307948652213119,0.48856463493290087,0.0,1.522980769230769,fastStorage,113.csv
17,348,3.4444444444444446,7.546818555008211,0.11724426988124109,0.10358325193685172,0.054924755239982664,0.7805411962607456,False,0.17385468721338582,0.5958157674390332,0.0,1.497083333333333,fastStorage,113.csv
18,347,3.4265129682997117,7.478084259640455,0.11695705077995898,0.1046386454107033,0.05224658470904113,0.8004448244128314,False,0.1294105845287721,0.7951200960498288,0.0,1.4833333333333334,fastStorage,113.csv
19,348,3.242952928297756,7.104392446633827,0.12427152663328572,0.11721898365985457,0.041268901142606035,0.8897185307929111,True,0.19692195012907127,0.7344351663804972,0.0,1.5166666666666666,fastStorage,113.csv
20,348,3.309195402298851,7.27816091954023,0.13034025837891342,0.12340918175671109,0.041937534648819684,0.8964741899219046,True,0.17688874617526598,0.7271144316715779,0.0,1.5083333333333335,fastStorage,113.csv
21,345,3.4750310559006206,7.6560800552104915,0.13054267917851478,0.12431634965688493,0.03983511384559814,0.9068834059977334,False,0.18939824413365083,0.2715643949835419,0.0,1.5316666666666667,fastStorage,113.csv
22,347,3.2883353917936056,7.3264169068203655,0.13441262259788095,0.12605046382091506,0.04666940844035371,0.8794452068685134,False,0.21287409255328912,0.023193829374482475,0.0,1.5166666666666666,fastStorage,113.csv
23,348,3.1323754789272034,6.937931034482759,0.12636060730803927,0.12098592188802172,0.03646107217515711,0.9167401811371154,True,0.21653621827482644,0.24685451039785708,0.0,1.525,fastStorage,113.csv
0,257,80.77380025940337,3.5442282749675744,1.8948072003020149,1.7639127483885209,0.6920304490329994,0.8666108962492298,True,4.694324672327608,1.5699019580753524,0.07392996108949416,95.77666666666667,fastStorage,278.csv
1,280,98.17119047619047,3.3115136054421774,2.1421486743308806,1.9558327081284441,0.8737959491508905,0.8336124468576896,True,4.775908155779495,1.118240749624384,0.11428571428571428,96.85624999999999,fastStorage,278.csv
2,300,140.43444444444444,3.2984444444444447,2.229117854488024,2.125291173148208,0.6723866733774587,0.9090145110059942,True,4.726308063858716,0.8517528915029854,0.10333333333333333,95.92125,fastStorage,278.csv
3,264,67.41035353535354,2.1681818181818184,1.9489456350377763,1.841715793003214,0.6375515870385258,0.8929883124970346,True,4.513904023888008,1.316893611777919,0.041666666666666664,87.61583333333331,fastStorage,278.csv
4,268,34.30412870711378,2.8545228403437357,1.7810749884140824,1.6314796346823008,0.7144944478238656,0.8390713726856136,True,4.276575556663864,1.5283923201693277,0.029850746268656716,81.70624999999988,fastStorage,278.csv
5,304,85.01973684210526,2.887421679197995,1.9075969773784,1.6636400056350362,0.9333960358571629,0.7605809777001187,True,4.395628088281926,1.3302182897350177,0.04276315789473684,73.28916666666662,fastStorage,278.csv
6,302,121.77240618101544,3.880905077262693,1.9083359862366638,1.609357853399274,1.0255308557366476,0.7112062544156131,True,4.308779688883103,1.3164595438632734,0.03642384105960265,81.28833333333333,fastStorage,278.csv
7,273,278.86729461015176,4.036344607773178,2.0732125585271377,1.7726109077574432,1.0752027169487501,0.7310366877390979,True,4.185199041141225,0.8643583189392635,0.054945054945054944,91.25499999999997,fastStorage,278.csv
8,252,180.94714663643234,2.6389455782312927,1.994265897097432,1.8008946755307234,0.8566649496570502,0.8154747208634233,True,3.9592774367654946,0.8347395845184143,0.031746031746031744,75.74458333333332,fastStorage,278.csv
9,258,77.13492347445838,6.5703041144901615,2.0030139640394244,1.725102496693195,1.0178832526571175,0.7417573415438105,True,4.149735854562623,0.928809305963631,0.031007751937984496,85.41,fastStorage,278.csv
10,295,93.49470540758675,2.4056497175141245,1.9635266507248423,1.544284896801851,1.2126916613947725,0.6185591670494774,True,4.058057387149622,0.9004729399427811,0.030508474576271188,75.26333333333339,fastStorage,278.csv
11,282,142.60070921985817,2.4300236406619384,2.1637719901843395,1.9748195336187548,0.8843059624044732,0.8329747550670344,True,4.478773823794643,0.8115929320019475,0.09219858156028368,95.7829166666667,fastStorage,278.csv
12,287,170.6301974448316,4.705923344947735,2.12997020396931,1.9134154819899427,0.935742626515571,0.8069962394840643,True,4.096874531342242,0.6473882074886732,0.09407665505226481,98.36833333333335,fastStorage,278.csv
13,294,319.2170068027211,3.1861678004535148,2.2067343581015324,1.9588932873084024,1.0160775640490567,0.78799133568898,True,4.288591705644187,0.43057999800220875,0.06462585034013606,95.72791666666666,fastStorage,278.csv
14,297,273.09828443161774,4.08987493987494,2.1520802068373515,1.8189192168544435,1.1502095892569824,0.7143481365488276,True,4.1587320853962035,0.42211486485280164,0.08417508417508418,96.41000000000003,fastStorage,278.csv
15,281,343.373546856465,3.2729860886444517,2.3106526099640377,1.9369911503978172,1.2598336267992531,0.7027258968287391,True,4.490196895464019,0.3314152839690683,0.12811387900355872,96.51666666666668,fastStorage,278.csv
16,275,299.16,3.089939393939394,2.2821111468299744,1.9626370292571351,1.1645115619324464,0.739616161409538,True,4.517835682545936,0.5934801584780673,0.12,97.10583333333335,fastStorage,278.csv
17,269,299.5719950433705,3.359019295450522,2.2541375540231923,1.98279873609551,1.0722151298110412,0.7737424742909232,True,4.41183168903623,0.5312694085597881,0.13011152416356878,97.53833333333334,fastStorage,278.csv
18,254,273.3441694788151,2.587664041994751,2.2121018317205454,1.8427989335668,1.2237183517241437,0.6939779533221113,True,4.399118776745819,0.6362906161801077,0.07480314960629922,97.00666666666666,fastStorage,278.csv
19,251,173.74634794156705,3.736254980079681,2.275710025026674,2.051357358645466,0.9852863061760294,0.8125475813543912,True,4.591369742692324,0.6031372210508932,0.10756972111553785,99.03750000000001,fastStorage,278.csv
20,240,210.64057539682537,6.096190476190476,2.154139459922677,1.9015643371435798,1.0121115968605743,0.7792457011394358,True,4.508344540552152,0.8866239476720751,0.09166666666666666,98.63625,fastStorage,278.csv
21,235,127.49255319148935,1.713049645390071,2.278528483576609,2.0847690162713244,0.9194727833193407,0.8371570981008989,True,4.6775832692724055,0.7603052153071799,0.15319148936170213,98.95666666666666,fastStorage,278.csv
22,232,90.46896551724137,4.735057471264367,1.985259747200414,1.7232336701110897,0.985759596478632,0.7534486678875723,True,4.743779524691201,1.3924803918534883,0.08189655172413793,96.78541666666663,fastStorage,278.csv
23,263,125.84334600760458,12.697591888466414,2.122127699982727,1.7687768316920884,1.1725418946473845,0.6947092053194226,True,4.733584302356662,1.181781857610334,0.08745247148288973,96.57833333333335,fastStorage,278.csv
0,360,2.9635185185185184,9.70574074074074,0.05791686095001008,0.05002767728431553,0.029182088476309945,0.7461233792802355,True,0.10340546562113484,0.4033242660941056,0.0,2.1008333333333336,fastStorage,455.csv
1,360,3.6505555555555556,15.75351851851852,0.19183670178583787,0.07539638658213038,0.17639927732966038,0.15446769534767726,False,0.8181318775883585,4.5944948222484525,0.0,2.335,fastStorage,455.csv
2,360,4.005370370370371,14.478333333333335,0.23677106427110348,0.06998022016437591,0.22619307164857305,0.08735612406068247,True,0.5321896831854455,2.551991875212385,0.0,3.6675000000000004,fastStorage,455.csv
3,360,2.8027777777777776,9.311111111111112,0.060980262019369624,0.053058378642112325,0.030056626753865973,0.7570583905559121,True,0.11098845765646992,0.38530562451280664,0.0,2.1166666666666667,fastStorage,455.csv
4,355,2.6292957746478876,8.895586854460094,0.06023652640412839,0.051977489987830916,0.030443055822308534,0.7445789721482082,True,0.10855270730557742,0.353993999159564,0.0,2.083333333333333,fastStorage,455.csv
5,360,2.6524074074074075,8.95185185185185,0.056990730844355277,0.04955797778510858,0.028141610473184243,0.7561687067901477,True,0.10353473677872338,0.5078539500000885,0.0,2.1,fastStorage,455.csv
6,360,2.8677777777777775,9.438888888888888,0.05929646385838768,0.0502968078712235,0.031405441313159525,0.7194875049578401,True,0.104471304631921,0.38184800115413364,0.0,2.1166666666666667,fastStorage,455.csv
7,360,4.065555555555555,10.275925925925925,0.18847267088620284,0.08208408526050956,0.16965892436864125,0.18967983162024962,False,2.26323201247408,10.000788860710198,0.0,2.184166666666667,fastStorage,455.csv
8,360,5.014629629629629,10.508703703703704,0.25597202632951543,0.12533802962643373,0.2231861478510737,0.23976219912320051,False,1.8368386381684882,7.682602789182104,0.0,2.184166666666667,fastStorage,455.csv
9,359,6.903170181721713,10.92362382278817,0.38586166498365143,0.21732552205804084,0.3188398374829527,0.3172182721426236,False,1.548906171000444,4.516729453549261,0.0,2.863333333333329,fastStorage,455.csv
10,357,4.624649859943977,11.25639589169001,0.24704812967043413,0.16747976653732985,0.1816130671902799,0.4595804573678727,False,2.000828939927014,7.604918643321189,0.0,2.1866666666666665,fastStorage,455.csv
11,358,5.035940409683426,11.238919925512104,0.25252118209028834,0.15975361657625964,0.19556515383646952,0.40022643466673113,False,1.8245405534973305,7.256202130805445,0.0,2.2,fastStorage,455.csv
12,355,7.662816901408451,11.698967136150234,0.4274523045991774,0.26430813139961945,0.33594148952338326,0.38233646712518166,False,1.8243665014071648,4.365629166142168,0.0,2.5316666666666747,fastStorage,455.csv
13,358,6.1026070763500915,11.385847299813781,0.3178244074677953,0.1678475927615008,0.2698880130469387,0.27890464171124785,False,1.832774411208493,5.758312093380077,0.0,2.2333333333333334,fastStorage,455.csv
14,358,3.912849162011173,11.033333333333331,0.09305611067696952,0.053919673836250924,0.07584265625435804,0.3357412622301146,False,1.207315733610104,5.869892946213186,0.0,2.1833333333333336,fastStorage,455.csv
15,360,14.096481481481483,11.882037037037039,0.5294762434984989,0.4153291601456081,0.32840033672641916,0.6153070480831395,False,2.0633650779212203,5.1885111962536,0.0,2.368333333333341,fastStorage,455.csv
16,360,5.798425925925926,11.708611111111109,0.3237905315192253,0.20263813540998435,0.25254325249166193,0.3916643759225449,False,1.955136934987126,6.030959786820251,0.0,2.25,fastStorage,455.csv
17,360,3.8652777777777776,10.903320105820107,0.13384979137831057,0.0704691177603528,0.11379749599220007,0.27718024321126805,False,1.194183773028335,10.766410753768401,0.0,2.1508333333333334,fastStorage,455.csv
18,360,4.59015873015873,10.892275132275133,0.1461366368412089,0.06469933326677993,0.1310340142943561,0.19601142850608,False,1.2188146922358736,6.3494121437594595,0.0,2.216666666666667,fastStorage,455.csv
19,360,3.317592592592593,10.300925925925926,0.07030777709445955,0.06210526139292519,0.032956335161553496,0.7802792425379118,True,0.1208472422717789,-0.0961603481663092,0.0,2.1333333333333333,fastStorage,455.csv
20,360,3.2866666666666666,10.250185185185185,0.06829965035043659,0.06074674955770639,0.031219779886558968,0.7910594600119283,True,0.11806068468580833,-0.09806639956969984,0.0,2.1,fastStorage,455.csv
21,357,3.435480859010271,10.79299719887955,0.06770718365380081,0.06084077317606107,0.029709645532530374,0.8074580162826622,True,0.11649329100470618,-0.13566299127005374,0.0,2.1199999999999997,fastStorage,455.csv
22,359,3.2148560817084495,12.625441039925718,0.09222318517882967,0.05642078775340895,0.07295074087227277,0.37428123660323503,True,0.09785736893980712,1.0729641556404717,0.0,2.3683333333333327,fastStorage,455.csv
23,360,2.9635185185185184,9.603888888888891,0.05946920090811706,0.05036472944382405,0.031622458549271495,0.7172471063242847,True,0.10761349883263649,0.40239208546380306,0.0,2.1166666666666667,fastStorage,455.csv
1,78,70.72777777777779,0.029914529914529912,0.776270027219004,0.5072914753131281,0.5875802194026133,0.42706058739825276,True,1.4498347291942255,0.13902331588091457,0.0,0.8666666666666667,fastStorage,919.csv
7,65,314.5015384615385,0.023589743589743584,1.341588437088362,0.8348420611916009,1.0501896340159491,0.3872309220602326,False,2.1198319647175703,-0.1209299604884287,0.0,4.266666666666666,fastStorage,919.csv
8,97,528.7147766323023,0.027491408934707903,1.260450506163783,0.6081794634220423,1.1040168561938777,0.2328155094013608,False,1.9206082467907417,-0.05894444073302674,0.0,6.533333333333323,fastStorage,919.csv
9,107,292.6202492211838,0.02367601246105919,1.3616595020665219,0.7220389189835079,1.15445935356823,0.28117983553371395,True,2.3393534507867013,-0.2129517837378474,0.0,3.539999999999998,fastStorage,919.csv
10,80,377.4206607975358,0.02517857142857142,1.157174813930838,0.6111179275200099,0.9826435918783154,0.27890230479393757,False,2.0049513404112513,-0.667128163900783,0.0,3.623333333333332,fastStorage,919.csv
11,129,326.31426474042746,0.029645290110406387,1.3015567565248858,0.7348530610460029,1.0742629888099562,0.3187680554712886,False,2.1718096886438505,-0.26744984788202636,0.0,4.2,fastStorage,919.csv
12,136,374.96564924046544,3.180085784313725,1.3505086890456124,0.7727510619572383,1.1075782209088707,0.3274043578093721,False,2.3069738017725157,-0.16666225705185544,0.0,4.283333333333333,fastStorage,919.csv
13,114,284.96403508771925,0.026315789473684206,1.2438932535527987,0.6963284842329356,1.030726475977031,0.3133733765817844,False,2.10132269460688,-0.2872268816247969,0.0,3.4899999999999998,fastStorage,919.csv
14,123,414.63075880758805,0.01978319783197832,1.260888484119153,0.699269568754884,1.0492196336314212,0.3075642836485404,True,2.159844160816443,-0.5653002858321067,0.0,4.633333333333331,fastStorage,919.csv
15,78,479.3130630053708,0.032478632478632474,1.4526616294158647,0.8896029705303135,1.1484042687141132,0.3750278484817397,True,2.597523703375395,-0.054888937401504426,0.0,8.079999999999995,fastStorage,919.csv
0,360,2.968148148148148,9.522037037037038,0.1319342984738229,0.12779655778550192,0.032782601055387064,0.9382593221977973,False,0.212222151640987,-0.036298394266302374,0.0,2.7175000000000002,fastStorage,453.csv
1,360,3.796455026455026,18.04227513227513,0.25535257759473057,0.1269013871056383,0.22158740224782147,0.24697457470080167,False,1.1092601811641767,2.8322217634925138,0.0,3.158333333333335,fastStorage,453.csv
2,360,4.002407407407408,14.29074074074074,0.24575702555884157,0.12209732003341714,0.21328094160563535,0.24683138436709648,True,0.6039920874985532,1.7326504009505965,0.0,4.066666666666666,fastStorage,453.csv
3,360,2.8109259259259254,9.132430555555556,0.12170742337871322,0.11642472545819965,0.03546801668360089,0.9150741950979677,True,0.1989826392681805,-0.11657834222928881,0.0,2.5675000000000003,fastStorage,453.csv
4,354,2.6333333333333333,8.79406779661017,0.12255521699052405,0.11653823572474639,0.03792915535254996,0.9042182568779803,True,0.21414407251701317,-0.15320852493267204,0.0,2.566666666666667,fastStorage,453.csv
5,360,2.6582539682539683,8.797645502645503,0.13032263893740245,0.12480420434754382,0.03752200416802245,0.9171042388401976,True,0.22348165946506193,-0.21563267708400147,0.0,2.5675000000000003,fastStorage,453.csv
6,360,2.879259259259259,9.292905643738976,0.12281841420959617,0.113804467577064,0.04618339559258205,0.858601516882762,False,0.18671559168931573,-0.26030081047241693,0.0,2.583333333333333,fastStorage,453.csv
7,360,3.963888888888888,10.202499999999999,0.21094252596425486,0.1355861512218302,0.16159562140426742,0.41314488606025657,False,1.806818436594979,6.430126222030458,0.0,2.6,fastStorage,453.csv
8,360,4.863703703703704,10.4080291005291,0.2609153009562761,0.13997983690645976,0.2201872828588087,0.2878272243806351,False,1.735055144434507,5.768831172468537,0.0,2.6,fastStorage,453.csv
9,359,6.825626740947076,10.775845602865102,0.3887132915149949,0.2558148595894529,0.29267179675132676,0.43310455747385246,False,1.5941131668890898,3.983101472185075,0.0,3.1449999999999787,fastStorage,453.csv
10,358,4.567783985102421,11.316945996275605,0.25152446242492144,0.19054476445060595,0.1641866253341264,0.5738965072278113,False,1.676801075049645,5.803903419076868,0.0,2.635833333333333,fastStorage,453.csv
11,358,5.0033652567172116,11.128425113061985,0.25809887059258796,0.18640875745291743,0.17851275065392072,0.5216274228115313,False,1.9485220041251496,6.038009681870892,0.0,2.619166666666666,fastStorage,453.csv
12,353,7.557318224740322,11.54365753855839,0.4171722898501393,0.2765289979396271,0.31235305780048706,0.4393902879692055,False,2.015919060023415,4.057985566704604,0.0,2.849999999999996,fastStorage,453.csv
13,360,6.030030864197531,11.483827160493824,0.3311328129531222,0.1861553786291227,0.2738523595328245,0.31604341137504777,False,1.4835117280700088,4.494357219016738,0.0,2.835,fastStorage,453.csv
14,357,3.914939309056956,10.986327864479122,0.1254982658950615,0.10619947184636501,0.06686917766969082,0.7160927290079768,True,0.03543880492528528,2.2119025821743064,0.0,2.583333333333333,fastStorage,453.csv
15,360,11.392923280423279,11.645489417989419,0.5599802606945213,0.4466027252720266,0.3378222878187626,0.6360588519634764,False,2.320071252217887,5.20806661727039,0.0,2.8016666666666667,fastStorage,453.csv
16,360,16.482341269841267,11.66734126984127,0.4652250409825361,0.31084496711572907,0.3461354433975575,0.44643837080571974,False,2.30076348455102,4.59672304981277,0.0,2.8866666666666676,fastStorage,453.csv
17,360,3.9005291005291003,10.82350529100529,0.1572753892475533,0.10178519233114282,0.11989713376508075,0.4188395321386719,False,1.2215580096130962,7.0076876677766835,0.0,2.6166666666666667,fastStorage,453.csv
18,360,4.592671957671958,10.795648148148148,0.17491065884868465,0.11501599875357602,0.13177654802580896,0.4323982809480645,False,1.257750647322124,3.8428007356508203,0.0,2.6675000000000004,fastStorage,453.csv
19,360,3.327962962962963,10.286111111111111,0.12766406392468513,0.12099982432631053,0.04070817768910914,0.8983222346890026,False,0.20435908507006928,-0.2709253149810959,0.0,2.6333333333333333,fastStorage,453.csv
20,360,3.299603174603174,10.167804232804233,0.13175758347655975,0.12617953162280682,0.03793134064374347,0.9171208776679642,True,0.24705982872504806,-0.11999393667676536,0.0,2.7,fastStorage,453.csv
21,357,3.4449246365212756,10.672855808990265,0.13193429680121135,0.12455805738100585,0.04349654025207278,0.8913088922173914,False,0.13344314101070665,0.2955406011707858,0.0,2.6166666666666667,fastStorage,453.csv
22,359,3.2304549675023213,12.36925321660698,0.13695127867533255,0.11347813899766745,0.0766704943275747,0.686581705003597,False,0.20011505374918603,0.03797110525781725,0.0,2.718333333333333,fastStorage,453.csv
23,360,2.9762962962962956,9.538584656084657,0.12267099251637623,0.11739317367161857,0.03559515669663555,0.915802720346225,False,0.2011425672860523,-0.208422884966177,0.0,2.5841666666666665,fastStorage,453.csv
0,359,58.50102135561746,8188.562965910599,1.5118969709881966,0.3065035954651875,1.4805026162929251,0.04109857395575324,True,2.011109604118762,0.8657015729522242,0.008356545961002786,76.24333333333331,fastStorage,951.csv
1,360,0.00222222222222222,3.388624338624339,0.15268237073410829,0.14593364570368036,0.044891840958245284,0.913551583648539,True,0.22484207964030645,2.374264666293547,0.0,2.5,fastStorage,951.csv
2,360,0.0037037037037037,4.016851851851852,0.15510333187575692,0.14595620855904623,0.05247693533381499,0.8855292116306788,True,0.2172903292504526,2.3080926452195762,0.0,2.5,fastStorage,951.csv
3,360,0.005370370370370365,2.2702116402116403,0.15297370331132965,0.1434496264683768,0.05313340353173215,0.8793571158529192,True,0.21128393007843638,2.0548209297799396,0.0,2.5,fastStorage,951.csv
4,354,21.44312617702448,2712.4444593542053,0.9423415325092632,0.4058352555619542,0.8504735793867263,0.1854739321534486,True,1.1117440260930924,1.7072999413516745,0.0,24.679999999999996,fastStorage,951.csv
5,359,0.003170181721713752,3.619843480567715,0.1517010826933134,0.14277360594467203,0.051272955209145196,0.8857649599518463,True,0.20913426219898462,2.2692417618934173,0.0,2.5,fastStorage,951.csv
6,360,0.003888888888888885,2.152037037037037,0.14604539733424438,0.14391924079706653,0.024829623656296027,0.971095562324382,True,0.20460511015402927,2.3742562330360166,0.0,2.5,fastStorage,951.csv
7,360,0.003333333333333331,3.8954894179894177,0.1520013734992929,0.14341005873664994,0.050378294917773465,0.890152063179899,True,0.20580897829310552,2.284651704750316,0.0,2.5,fastStorage,951.csv
8,360,0.42185185185185187,6.810925925925926,0.2543035193763223,0.15910357011680148,0.1983843087123363,0.3914309020582153,True,0.2802710506380323,4.127924851524738,0.0,2.6,fastStorage,951.csv
9,359,0.003156917363045493,2.0485342883671573,0.14501939350596652,0.14328662138985798,0.022351031822219106,0.976245659101185,True,0.21031876503358127,2.382345981053529,0.0,2.5,fastStorage,951.csv
10,359,0.015413184772516242,2.8926648096564533,0.14588628252247732,0.14086180207987226,0.03795734636455738,0.932304037054433,True,0.20314862111526477,2.258401516730222,0.0,2.5,fastStorage,951.csv
11,358,0.0039106145251396615,2.4512104283054,0.14810993579146822,0.14614249180857025,0.02406086382769351,0.9736091095980527,True,0.21329209634203122,2.127607751116469,0.0,2.5,fastStorage,951.csv
12,353,0.01303116147308781,4.341089977067314,0.17011661902069977,0.1582811633180789,0.06234370381770367,0.865695144328332,True,0.22196098125128827,2.9921184792612148,0.0,2.5,fastStorage,951.csv
13,360,0.00481481481481481,3.3875925925925925,0.12701068648481795,0.11722852540217624,0.04887931375721258,0.8518950161100992,True,0.1821114427265842,2.280404236338568,0.0,2.001666666666667,fastStorage,951.csv
14,356,1.8556179775280897,17.061750936329588,0.44031332478042673,0.12771725371736534,0.42138358663109754,0.0841347650383496,True,0.444924788119126,2.6280530234557657,0.0,7.441666666666666,fastStorage,951.csv
15,360,2.5235185185185185,8.521269841269842,0.2910093556976862,0.1466638728461285,0.2513486691935271,0.2539992270535797,True,0.32382641152478014,2.976657212304008,0.0,3.370000000000001,fastStorage,951.csv
16,360,10.29739417989418,1110.422320426487,0.7392039742597908,0.14601434211132905,0.7246394465244526,0.03901777012299165,True,0.828208843627402,2.3324941412275906,0.0,17.17666666666667,fastStorage,951.csv
17,360,60.21743386243387,9527.62064214335,1.3598449467976017,0.1906958360072993,1.3464075822203503,0.019665438577225507,True,2.574621697775173,0.858025179428538,0.0,56.845,fastStorage,951.csv
18,360,61.863703703703706,12575.240617052701,1.4581754600910397,0.49318503683387904,1.3722405736075876,0.11439320108523406,True,2.097738269024843,0.5282950509117902,0.0,56.65000000000003,fastStorage,951.csv
19,360,0.8887037037037037,735.5645502645501,0.28863731248615593,0.16232431976718248,0.23866778871760702,0.31627308798982445,False,3.2913485398941504,8.385541648672865,0.0,2.5,fastStorage,951.csv
20,357,69.42578364679206,17998.053708118834,1.5156986481725627,0.37016885177750175,1.4698018278822014,0.05964499645291514,True,2.2868077881431863,0.3501216446708087,0.011204481792717087,75.18666666666665,fastStorage,951.csv
21,357,50.32627717753768,12618.148106212182,1.4446491462738844,0.3238924308300774,1.4078724548341897,0.05026628940433352,True,2.0447518998894894,0.7239427432439463,0.0,60.57999999999998,fastStorage,951.csv
22,359,19.955551134102663,6152.792101120792,1.0821908121311676,0.16535389071456327,1.069483541101345,0.023346466085200638,True,1.2454342553903606,1.8818742957359025,0.0,43.28333333333331,fastStorage,951.csv
23,360,40.02981481481481,13487.875059963186,1.2236918632214893,0.21942115223076253,1.2038588513892334,0.03215235868360623,True,1.4991286806866297,1.4916559815574004,0.0,44.48666666666667,fastStorage,951.csv
0,359,0.03622496352301365,12.950179068842022,0.12443082780058776,0.07554833091415156,0.09887103015153313,0.3686326235570768,True,0.11258133307085252,4.935410208185261,0.0,1.1399999999999977,fastStorage,540.csv
1,360,0.03321428571428571,14.759100529100529,0.13881633066779037,0.07334436356439997,0.1178582962434229,0.2791594717025437,False,0.4283800045354806,5.152585228788935,0.0,1.4,fastStorage,540.csv
2,360,0.03833333333333332,11.467345679012347,0.11811415093722634,0.07347355129816746,0.09248021362030605,0.3869529827224273,False,0.26499963129297877,4.379248891722291,0.0,1.1333333333333333,fastStorage,540.csv
3,360,0.03814814814814814,13.3046164021164,0.15196791170963464,0.07904482149103637,0.129792767074431,0.27054720701042145,False,0.34112352142140207,7.456665942261501,0.0,1.1666666666666667,fastStorage,540.csv
4,360,0.036309523809523805,12.276878306878304,0.1260227792051552,0.0737741890229186,0.10217196245840628,0.3426973785553969,True,0.1123634753371748,7.25228095621482,0.0,1.168333333333334,fastStorage,540.csv
5,360,0.24044973544973544,12.38468253968254,0.16944095328666772,0.11016459899577163,0.1287400395323675,0.42271469300499487,True,0.37124138303242576,4.763767823826179,0.0,1.5,fastStorage,540.csv
6,360,1.1929629629629628,15.758161375661375,0.3060630856788789,0.2042292076672769,0.2279584241717622,0.4452601210613771,True,0.6100528024010645,3.584943411125433,0.0,2.2,fastStorage,540.csv
7,360,2.652222222222222,14.57111111111111,0.44322113459350176,0.2820334929374088,0.34190946610451656,0.4049118155478822,True,0.8024050346395952,2.338310846443416,0.0,3.370000000000001,fastStorage,540.csv
8,359,3.595211566520759,12.428730600875449,0.5197343401738997,0.31035288483032814,0.4168991139754222,0.35657324049468825,True,0.7797184802142842,2.0621979693122983,0.0,4.309999999999996,fastStorage,540.csv
9,359,5.502865101472344,12.805730202944687,0.5924522287341841,0.3702352030945182,0.462520851120966,0.3905249142397134,True,0.8329599335822956,1.5096865875794714,0.0,6.276666666666663,fastStorage,540.csv
10,360,6.910396825396826,16.380251322751324,0.550277380080233,0.32893334879885017,0.44114402078679377,0.3573160227387566,True,0.7528133005659179,1.2198361805298763,0.0,4.678333333333336,fastStorage,540.csv
11,360,6.25774013024013,14.678944851444852,0.5199423261983752,0.3307634415460566,0.4011677558194154,0.404692036429863,True,0.7349522488885895,1.2863409762267632,0.0,4.368333333333334,fastStorage,540.csv
12,360,6.583148148148148,12.90468660968661,0.6125313629425329,0.4096372672699093,0.4554030960060304,0.44724166916676894,True,0.8900105379226572,1.0865291309644465,0.0,5.2500000000000036,fastStorage,540.csv
13,360,5.983176638176638,12.49554131054131,0.5246798097985721,0.33719761702672973,0.4019784445486606,0.4130287554920831,True,0.7241288789001313,1.3875309345164824,0.0,4.785000000000004,fastStorage,540.csv
14,360,4.995740740740741,15.065052910052911,0.5144899285394007,0.3362542671943076,0.3894007631760586,0.42715141918706684,True,0.7502155014799412,1.6370958626009442,0.0,4.441666666666669,fastStorage,540.csv
15,358,2.670204841713222,13.269646182495343,0.4252110655605179,0.27450397911140306,0.3247337612985713,0.41676205664925703,True,0.7880390441117658,2.442567505625461,0.0,3.6,fastStorage,540.csv
16,360,0.9564814814814813,13.198703703703702,0.27343943856320724,0.16341320940672346,0.21923788348083528,0.357151116196968,True,0.5770107830052463,3.966604436648797,0.0,1.903333333333334,fastStorage,540.csv
17,360,0.5982407407407406,11.4085582010582,0.20208766213812593,0.09032269705233364,0.18077951649909263,0.19976260597907353,True,0.36468409572585914,5.00336528474355,0.0,1.4666666666666666,fastStorage,540.csv
18,360,1.0752380952380953,11.248955026455027,0.23690069439096484,0.14393247924897326,0.18816317498428115,0.36913476174937143,True,0.3676938055546244,4.371159740708383,0.0,1.5333333333333334,fastStorage,540.csv
19,360,0.7374867724867724,12.23424603174603,0.24817026979423945,0.1297385524197177,0.21155706281233386,0.2732993445537576,True,0.4383742784570293,4.42654013418153,0.0,1.5333333333333334,fastStorage,540.csv
20,360,0.8022751322751324,15.90345238095238,0.23694022127115302,0.11940745122239374,0.20465221486364282,0.25397167150934913,True,0.5888136658090535,4.56352669029867,0.0,1.5,fastStorage,540.csv
21,360,0.1992592592592593,16.13414021164021,0.1719967666099175,0.08727355155726435,0.14821003651186365,0.25746887431718257,False,0.31677828609866276,6.463486713774394,0.0,1.2083333333333353,fastStorage,540.csv
22,360,0.20648148148148152,22.16539886039886,0.22152470944632124,0.10008320127908561,0.1976273000296444,0.20411645892248761,True,0.3520458151708878,4.069873019070153,0.0,1.4683333333333337,fastStorage,540.csv
23,359,0.28904363974001857,23.839262501658045,0.2473673828005247,0.10644282755627578,0.22329475259263543,0.18516032611256544,True,0.4969066432511696,3.5659350191596433,0.0,1.9,fastStorage,540.csv
0,360,115.51407407407407,237.54037037037034,0.48173723864114043,0.46975398811328894,0.10677995010886145,0.9508686169824533,False,1.813320852762173,2.8805927973227767,0.0,18.67666666666667,fastStorage,973.csv
1,360,110.58055555555555,236.28648148148147,0.4715435577972523,0.46539877664636764,0.07587691082374853,0.9741074007013083,False,1.829202630795149,3.15580314491454,0.0,18.15666666666667,fastStorage,973.csv
2,360,112.71037037037038,597.3214814814814,0.6122500637970523,0.45782367868367535,0.40650660493532126,0.5591635110955392,True,1.359137048542539,1.9231220005302267,0.0,19.160000000000007,fastStorage,973.csv
3,360,108.47777777777777,235.2168518518518,0.4798015093655285,0.4752780832574416,0.06572847149121763,0.9812334756712402,False,1.8658570278205096,3.2265702645889704,0.0,17.336666666666666,fastStorage,973.csv
4,360,119.15703703703704,242.82999999999996,0.48897213982967264,0.4738972437993729,0.12047886058959315,0.9392909449339959,False,1.8479433664949267,2.97212377004359,0.0,16.8,fastStorage,973.csv
5,360,109.12444444444445,235.30462962962963,0.45958859642686717,0.45372572820828366,0.07317541614149223,0.9746491857320058,False,1.7849548894594096,3.174720372077039,0.0,16.943333333333335,fastStorage,973.csv
6,360,159.44592592592593,280.6112962962963,0.5634135952291105,0.43385079289718886,0.359455656224064,0.5929610221760114,True,1.2646491299360028,1.997395464638628,0.0,17.673333333333336,fastStorage,973.csv
7,360,161.85555555555555,294.0081481481481,0.5690729060132841,0.45706876004244384,0.33901640218677753,0.6451003237309927,True,1.1138554092528676,2.271329817653042,0.0,18.006666666666668,fastStorage,973.csv
8,358,178.29478584729978,342.31545623836126,0.7105275341882936,0.6750502058895443,0.22171286919838534,0.9026311636237017,True,1.1978175559592692,2.542032874036585,0.019553072625698324,19.433333333333316,fastStorage,973.csv
9,359,172.79740018570104,347.83751160631385,0.7165678540365413,0.705662714800189,0.1245376343896135,0.969794461602148,True,1.151800476520204,2.59443785592442,0.03064066852367688,20.539999999999996,fastStorage,973.csv
10,359,180.40037140204268,966.1507892293407,0.747726261695071,0.7229504513999522,0.19088532486571966,0.9348281852522009,True,1.0775361946983373,2.3732594122418016,0.03064066852367688,23.226666666666496,fastStorage,973.csv
11,360,181.2172222222222,706.4948148148148,0.7140707000491091,0.6738357256514822,0.23630992256857347,0.8904830125030133,False,2.098513463684598,2.284412566270091,0.03333333333333333,23.366666666666678,fastStorage,973.csv
12,359,156.72307692307692,747.7675890497618,0.662048429873283,0.6419832845528524,0.16175779997394593,0.9403032149082463,True,0.9059724591843017,3.207839577993654,0.022284122562674095,17.25999999999998,fastStorage,973.csv
13,360,203.06351851851852,1906.978148148148,0.718954396755665,0.6640463050889005,0.2755683750216653,0.8530884088038805,False,2.242501537677489,2.216926698528171,0.030555555555555555,31.419166666666683,fastStorage,973.csv
14,360,171.11314814814816,2143.4059259259257,0.6772660917558826,0.6073733086613616,0.2996448280348551,0.8042530937375413,True,1.1766945089922067,1.921540617324979,0.022222222222222223,26.236666666666693,fastStorage,973.csv
15,360,166.92666666666668,1973.2522222222224,0.586083139976642,0.517759161614548,0.2746250125700141,0.7804357020621957,True,1.4025762413754423,1.4861439292186054,0.0,26.11833333333334,fastStorage,973.csv
16,360,228.4901851851852,1743.3159259259262,0.7047784145040454,0.5319454638995561,0.46232741319061144,0.5696774530054364,True,1.1362799890479744,1.2809185367968519,0.0,22.153333333333382,fastStorage,973.csv
17,360,112.12555555555555,1882.0481481481484,0.5878473195244769,0.58299712531912,0.07535796535041851,0.9835665312347178,True,1.8934201580576568,2.671134138194997,0.0,19.21,fastStorage,973.csv
18,360,113.39537037037037,2202.608888888889,0.614038727629818,0.604512624996632,0.10774063879951357,0.9692129862161978,True,1.9580535526079972,2.5753537415636827,0.0,23.13666666666667,fastStorage,973.csv
19,360,111.34814814814816,417.8114814814814,0.46039453292507426,0.43783885983904025,0.14233853575945865,0.9044161163806197,False,1.7325659647144944,3.0176667349597457,0.0,18.336666666666662,fastStorage,973.csv
20,360,117.10981481481481,245.81037037037035,0.4523310274146888,0.44707481933836973,0.06875655805515603,0.9768944932603346,False,1.7488979711699049,3.096834448447668,0.0,19.136666666666667,fastStorage,973.csv
21,360,111.83222222222224,241.60074074074072,0.4521854074604569,0.4478900779684745,0.06217813745661155,0.981092142039158,False,1.759897853121579,3.1520932619214146,0.0,19.0,fastStorage,973.csv
22,360,116.81611111111111,250.05703703703702,0.4828457000483535,0.47020278084456446,0.10976937159892602,0.9483172493400813,False,1.8495390414219675,3.0644209622657885,0.0,19.003333333333334,fastStorage,973.csv
23,360,114.34462962962962,238.18370370370369,0.48409032546360753,0.47743471203687243,0.07999711838391581,0.9726916236181409,False,1.8677954213894532,3.1093420806068632,0.0,19.536666666666665,fastStorage,973.csv
0,360,0.09259259259259257,0.21186507936507928,0.11596660164091248,0.02320717024817236,0.1136207725075588,0.04004778636277093,True,0.18992232185416996,0.14944747040529296,0.0,1.0666666666666669,fastStorage,1115.csv
1,360,0.09703703703703705,0.2085978835978836,0.1268922078816599,0.02857804660986172,0.12363222748558304,0.050721860161587785,False,0.42623812178823256,-0.7109941354646382,0.0,1.0666666666666669,fastStorage,1115.csv
2,360,0.09149470899470899,0.21416666666666664,0.11788526927755205,0.017422854640255357,0.11659065506645672,0.021843365202875723,True,0.19066242099822167,0.11977803246638928,0.0,1.0666666666666669,fastStorage,1115.csv
3,360,0.09722222222222222,0.21369047619047615,0.11894006203444454,0.015393275554469356,0.1179397533678178,0.016749651143624762,True,0.20371204312058727,0.24617514576801963,0.0,1.0666666666666669,fastStorage,1115.csv
4,354,0.7101694915254237,0.21374764595103576,0.12188669385850481,0.023728370756568792,0.11955471785335653,0.03789860679688413,False,0.19128778325916493,-0.6871606992328126,0.0,1.0666666666666669,fastStorage,1115.csv
5,360,0.11969576719576719,0.21309523809523812,0.12070080694441106,0.013786784958558928,0.11991083919954208,0.013046849605275962,True,0.20051096936680957,0.12064247361036486,0.0,1.0666666666666669,fastStorage,1115.csv
6,360,0.13055555555555554,0.21563492063492065,0.11912986505143967,0.01579514363917329,0.1180781020536497,0.017579473329140356,True,0.1973144225096057,0.18807706140878425,0.0,1.0666666666666669,fastStorage,1115.csv
7,360,3.479814814814814,0.2763095238095238,0.18085992840979215,0.06523680847022828,0.16868453552419646,0.130107012052575,True,0.22252797870751553,3.492861669315205,0.0,1.0666666666666669,fastStorage,1115.csv
8,360,3.5285846560846563,0.2136243386243386,0.20337693226898332,0.11015272336930637,0.1709636046457482,0.29335067612939547,True,0.2359252087390763,2.821099481900694,0.0,1.070000000000001,fastStorage,1115.csv
9,356,2.722097378277153,0.21459336543606203,0.20446581527708113,0.07368449854417998,0.1907271986141835,0.12987060016255697,False,0.25898445983930474,-1.0104704890334724,0.0,1.0833333333333335,fastStorage,1115.csv
10,358,5.541842142959461,0.21403912660895896,0.18953735173204056,0.07159633761563909,0.17549464989458416,0.14268949407744727,True,0.23079452357008193,3.668217192811536,0.0,1.0666666666666669,fastStorage,1115.csv
11,358,48.90446927374302,0.21187815908486296,0.29503682244239077,0.12276117212255488,0.26828421723239565,0.17312891558451504,False,0.950655699524597,5.045491500319445,0.0,1.1433333333333318,fastStorage,1115.csv
12,353,2.8117091595845136,0.21313907999460405,0.1568891536824263,0.05360660444435566,0.14744673106967943,0.11674835160790115,True,0.20644712384636757,1.3797822538885567,0.0,1.0666666666666669,fastStorage,1115.csv
13,358,0.5238361266294227,0.2124501197126895,0.15386929296546317,0.04046870962436493,0.14845215680154453,0.06917271107066017,False,0.2228592421140409,-0.6284158920883142,0.0,1.0666666666666669,fastStorage,1115.csv
14,357,0.5017740429505135,0.21345871682006132,0.14981622975450654,0.07114539613711594,0.13184549786150426,0.225515229878491,False,0.17466698359226693,-1.6729275218170736,0.0,1.0666666666666669,fastStorage,1115.csv
15,360,0.07013668430335097,0.2119257902591236,0.11902922478175249,0.019237442571125966,0.11746436547084221,0.02612085945771152,True,0.19120577899964347,0.1550752298622831,0.0,1.0666666666666669,fastStorage,1115.csv
16,360,0.6798148148148149,0.21015873015873016,0.12095133604863871,0.019436107122457438,0.11937949334737138,0.02582243708793778,True,0.2041420029255978,0.22569041258104072,0.0,1.0666666666666669,fastStorage,1115.csv
17,360,62.4312962962963,0.21039682539682536,0.23507654655552607,0.08351323137969824,0.21974194621189966,0.12620947854354775,False,2.687166755183177,8.17845632912753,0.0,1.0666666666666669,fastStorage,1115.csv
18,360,7.018425925925927,0.21010582010582005,0.16016537603731207,0.0710951533547367,0.14352152051396347,0.1970346992226156,False,0.49073890998811365,1.4769214916363604,0.0,1.1366666666666674,fastStorage,1115.csv
19,360,4.740925925925926,0.21499999999999997,0.14692009714201792,0.0725740358058336,0.12774397939266474,0.24400579216002335,True,0.219475396963184,0.8673685136908096,0.0,1.070000000000001,fastStorage,1115.csv
20,360,0.26845238095238094,0.22487654320987652,0.11706851217509542,0.014038954530265844,0.11622368217617096,0.01438100830202559,True,0.19906877966069,0.1956209681550147,0.0,1.0666666666666669,fastStorage,1115.csv
21,357,0.7705082032813125,0.21069761237828463,0.13906367752977267,0.04341454703639304,0.13211314663472903,0.09746375246615666,False,0.2758861391843476,-2.015323395694186,0.0,1.0666666666666669,fastStorage,1115.csv
22,358,0.1212290502793296,0.21372705506783718,0.12375899367057094,0.018766273229926873,0.12232790157364813,0.022993364914108246,False,0.19866425657975817,-0.6813625084286568,0.0,1.0666666666666669,fastStorage,1115.csv
23,360,0.13888888888888887,0.21199735449735446,0.11387105469368995,0.02451800010627949,0.11120020129407053,0.046359996960820944,True,0.18714656890607362,0.2508145949315172,0.0,1.0666666666666669,fastStorage,1115.csv
0,359,1.0968032895609496,12.663304151744263,0.6294437744254241,0.5438741646686038,0.31686015554018876,0.7465913838938014,True,0.3484072406859142,-0.9907943244561191,0.0,3.0133333333333288,fastStorage,583.csv
1,354,1.97909604519774,27.131073446327683,0.6628212973105126,0.5184439751598277,0.412974474742528,0.611801806439713,True,1.119515392657313,-0.6078420679866838,0.0,3.1333333333333333,fastStorage,583.csv
2,350,0.28304761904761894,13.522666666666668,0.6201100253340599,0.5229561622742459,0.3332465991712458,0.7112021559187267,True,0.9249840063967301,-0.7722248250654905,0.0,3.066666666666667,fastStorage,583.csv
3,351,0.135042735042735,12.685470085470087,0.5929675990169087,0.5008495432045318,0.31742764302386994,0.7134320860794321,True,0.2786041036549596,-0.7438815388061404,0.0,3.0,fastStorage,583.csv
4,350,0.14850340136054418,12.894312925170068,0.5240599414745087,0.45645063402723374,0.25747163135848955,0.7586224685595894,False,1.2508874465469089,-0.3422684327075073,0.0,2.903333333333334,fastStorage,583.csv
5,360,0.13129629629629627,12.739953703703703,0.5341844100034842,0.4545186005490999,0.28065249980297385,0.7239705554443797,True,1.0044221344022382,-0.48720132832493773,0.0,2.673333333333335,fastStorage,583.csv
6,359,16.10891364902507,21.228249767873724,0.7191987319750855,0.5154088206330072,0.5015980100521368,0.5135773563621308,True,0.18335025455578782,-0.51294021836728,0.0,3.48666666666666,fastStorage,583.csv
7,358,41.77658951848896,43.03350625166268,0.6935321561779086,0.5058031551924681,0.4744997574816272,0.5318998449199661,True,1.3569444804663942,0.3850642641713645,0.0,4.163333333333329,fastStorage,583.csv
8,356,86.08132691278757,73.62482611021937,0.7942160484509517,0.5568573921994338,0.5662940723421803,0.49159862732335025,True,1.4341655904819863,0.6394297740350817,0.0,7.15,fastStorage,583.csv
9,359,58.36594044302958,78.38656320466906,0.7904183140706526,0.5037966898863674,0.6090566529296205,0.40625304645726984,True,0.31818255976869436,0.1793598952774492,0.0,7.133333333333334,fastStorage,583.csv
10,357,45.485674269707886,60.602814459116985,0.8538542699953792,0.6528488853824621,0.5503230389909355,0.5845986723761544,True,0.23719655971513554,0.1372703369427425,0.0,7.266666666666667,fastStorage,583.csv
11,358,70.89285202693024,94.00478134528413,0.8431023432887425,0.5920154117216004,0.6002826946889879,0.4930664273817763,True,0.32714332872983776,0.2806005172725642,0.0,7.496666666666662,fastStorage,583.csv
12,352,86.64204545454545,79.93927556818183,0.8452269107354176,0.6181498053866087,0.5764541167619808,0.5348608891355544,True,1.7119845844400725,0.021731467313105036,0.0,7.563333333333333,fastStorage,583.csv
13,355,58.00413145539906,68.64150234741784,0.728932115433685,0.4906318053060319,0.5390941110165932,0.4530407068896588,True,1.1487460207885987,0.5230467220407817,0.0,5.6400000000000015,fastStorage,583.csv
14,357,105.18487394957984,103.26853408029879,0.7864056618953804,0.543695980142769,0.568180029777275,0.4779901870254075,True,1.5977321168306458,0.9317311225535563,0.0,7.813333333333333,fastStorage,583.csv
15,356,58.32158239700374,55.38764713750669,0.7603648445097073,0.533653471889277,0.5416351804552507,0.49257755692782823,True,1.6971428461015776,0.7217817193052372,0.0,5.583333333333334,fastStorage,583.csv
16,355,21.14985915492958,24.249101274312544,0.7296404615423847,0.5847690273210487,0.43637184579871674,0.6423192014017709,True,1.388795630326664,-0.4501574720986132,0.0,3.4,fastStorage,583.csv
17,353,0.16284230406043435,12.738526912181305,0.5812911492626414,0.490162401276193,0.3124743518854607,0.7110376031290856,True,0.8096597520282798,-1.2090047149286807,0.0,3.0,fastStorage,583.csv
18,353,0.1297450424929178,12.64324834749764,0.5997688077497478,0.48422006292605235,0.3539117876101951,0.6518051813031289,True,1.1841528362670997,-1.4597586204244721,0.0,2.666666666666667,fastStorage,583.csv
19,356,0.13576779026217226,12.765355805243447,0.5949260965929057,0.502495558435421,0.3184890487284386,0.7134087228864211,True,1.073868793113439,-1.1690157994033226,0.0,2.4499999999999997,fastStorage,583.csv
20,356,2.5544542536115573,13.348097649853269,0.5210854342688271,0.43725035552374647,0.28344691990122156,0.7041131824035943,True,0.1431225037803331,-0.6008289822540153,0.0,3.0,fastStorage,583.csv
21,353,0.13352219074598676,12.819074598677998,0.4986871871217045,0.4052760415886583,0.29058602979769343,0.6604583593611832,True,0.39762308401728863,-1.559980100944506,0.0,1.4933333333333318,fastStorage,583.csv
22,356,0.14555912252541464,12.663202247191013,0.5957415221415063,0.5049893207295784,0.31605972086388645,0.7185361894564943,True,0.3472682730707487,-1.4254493742578294,0.0,2.7499999999999996,fastStorage,583.csv
23,355,0.15812206572769952,12.70600526234329,0.5415257018805945,0.43866812483586237,0.3175222229234652,0.6561966494360796,True,0.9993903304706075,-1.1040524566131327,0.0,2.326666666666669,fastStorage,583.csv
0,85,0.1687955182072829,0.5592156862745099,0.3069132716229481,0.26609009411498313,0.15294383973269712,0.7516680259129388,True,0.7237902240186012,0.7248806314740466,0.0,0.2,fastStorage,336.csv
1,92,5.291304347826086,31.078260869565216,0.7570139557739731,0.1314739975456641,0.7455097029589364,0.03016282152703515,True,1.0290730525442078,2.183847685840628,0.0,0.6666666666666667,fastStorage,336.csv
2,84,0.7174603174603176,2.834126984126984,0.36332644550215104,0.2963154790197301,0.21024567271298455,0.6651424374708518,True,0.24606227087651344,2.015401010665485,0.0,0.2,fastStorage,336.csv
3,84,0.1793650793650793,0.5404761904761903,0.28768481809159996,0.23427560054481145,0.16696555797458631,0.6631629159124012,True,0.5332764416193756,0.7504542020513925,0.0,0.2,fastStorage,336.csv
4,84,0.19761904761904758,0.5619047619047619,0.2786071971676491,0.2212852622314472,0.16927729627086124,0.630841591407691,False,0.5212462159764137,0.9979343879382371,0.0,0.2,fastStorage,336.csv
5,85,0.20801120448179267,0.5728851540616247,0.2884567737614771,0.22279649294308088,0.18321853907599983,0.5965614928729116,True,0.6902767626129953,0.9317140410156598,0.0,0.2,fastStorage,336.csv
6,84,0.19540816326530608,0.446938775510204,0.27732081907417366,0.22725895434023216,0.15893459146502634,0.6715479994928445,True,0.6739812741275284,0.9837807599628746,0.0,0.2,fastStorage,336.csv
7,84,0.23730158730158726,1.223015873015873,0.26682671200797864,0.178662037386585,0.19818266987267902,0.44833841811200664,True,0.6333555900222825,0.9220702822112581,0.0,0.2,fastStorage,336.csv
8,90,0.33851851851851844,2.2392592592592595,0.2839550830135772,0.13485079239157693,0.24989148236907016,0.2255317609504451,True,0.6926827892747178,0.7707895546802082,0.0,0.2,fastStorage,336.csv
9,91,0.3545787545787545,1.4930402930402928,0.2829960155193171,0.16983817784138538,0.22636638033799866,0.3601720450067618,False,0.7592069945408,0.6923208944089734,0.0,0.2,fastStorage,336.csv
10,85,0.2101960784313725,0.6133333333333333,0.28719836253985387,0.2258424989961172,0.1774205881310345,0.6183685914977677,True,0.6631935763257994,0.6400808829210739,0.0,0.2,fastStorage,336.csv
11,85,0.2627450980392157,0.996078431372549,0.2893796826768471,0.21909026680528898,0.18905040528213643,0.5732051666827573,True,0.5390186620731634,0.7733474300358194,0.0,0.2,fastStorage,336.csv
12,84,0.21258503401360537,0.542403628117914,0.28771640736280774,0.2230605498100133,0.1817270540789557,0.6010578578004968,True,0.6713537811680987,0.8988838487570165,0.0,0.2,fastStorage,336.csv
13,82,0.2822880371660859,1.090534262485482,0.32129721297086766,0.2250028934485584,0.229359100544591,0.49041335594729557,True,0.6265535605808912,1.5163482456663253,0.0,0.2,fastStorage,336.csv
14,81,0.19999999999999998,6.648559670781893,0.5601544824589476,0.36531130075791446,0.4246418464511147,0.42531488577571586,False,1.7246401705072318,4.828666998418335,0.0,0.2,fastStorage,336.csv
15,84,11.814285714285722,91.40238095238094,0.8399578671477972,0.640006189296502,0.543986485352023,0.5805683330312225,False,3.7783818070815136,4.864538244752371,0.0,0.2,fastStorage,336.csv
16,81,0.32427983539094646,12.105349794238684,0.44010080295998405,0.3280799513403947,0.2933466589114438,0.5557187649786607,False,0.5502211507818637,1.697178229589196,0.0,0.2,fastStorage,336.csv
17,79,0.8497890295358654,12.77637130801688,0.5105575087242673,0.4841898709309928,0.16195412499395814,0.8993775951496515,True,0.3997114323153581,4.810237894918451,0.0,0.2,fastStorage,336.csv
18,78,0.21282051282051276,0.4247863247863249,0.3150864272787127,0.2486382836518328,0.1935418832137744,0.6226967610428766,True,0.6875467716612913,0.7284821604955459,0.0,0.2,fastStorage,336.csv
19,78,0.19487179487179482,0.4324786324786326,0.3272480532413083,0.2654703802839287,0.19135507712661398,0.658078952020983,True,0.6645740555731736,0.44500461310743067,0.0,0.2,fastStorage,336.csv
20,78,0.1905982905982905,0.605982905982906,0.3338201577908986,0.2751328900110124,0.18904441430978225,0.6792973242545859,True,0.6583876906809367,0.34545934743726964,0.0,0.2,fastStorage,336.csv
21,79,0.1984930681133212,0.7122965641952985,0.28423102918237886,0.19391148527542637,0.20781148627627005,0.4654404143305749,True,0.48503740116981775,0.8444470412862651,0.0,0.2,fastStorage,336.csv
22,85,0.192156862745098,0.5764705882352941,0.24222270988695224,0.17956463608341242,0.1625680862076265,0.5495559348497729,False,0.6539534500070301,0.9027332909626905,0.0,0.19333333333333325,fastStorage,336.csv
23,83,0.2016064257028112,0.6281124497991968,0.3056113671941542,0.24939415496965014,0.17663766083498242,0.6659375959358516,True,0.7065050517123557,0.7675826478618893,0.0,0.2,fastStorage,336.csv
0,359,3.0480965645311056,9.85348189415042,0.07261894062889526,0.0627524184685011,0.036546470615055796,0.7467257333086273,True,0.14155260966543715,0.5065511369834935,0.0,1.7349999999999994,fastStorage,414.csv
1,360,3.346851851851852,11.005171957671958,0.07275042346324505,0.061454942553770424,0.0389347421950403,0.7135798580970384,True,0.14376222776308556,0.5130777555556514,0.0,1.75,fastStorage,414.csv
2,360,3.80973544973545,12.42112433862434,0.14530396315316432,0.06584572712460356,0.1295283055067439,0.20535263322077246,False,0.8547003897705249,4.349288025445344,0.0,1.85,fastStorage,414.csv
3,360,2.8050661375661377,9.104007936507937,0.06444234299352311,0.05513998064392913,0.03335263265593886,0.7321339977182185,True,0.13113451666398346,0.7992571359024778,0.0,1.7175,fastStorage,414.csv
4,355,2.6347551978537895,8.807122736418512,0.06756407143642894,0.0578491123446238,0.03490535703879799,0.7330975597776798,True,0.14449556222056936,0.8336156853295329,0.0,1.7333333333333334,fastStorage,414.csv
5,360,2.661309523809524,8.804537037037038,0.06598820101419194,0.056640060436975476,0.03385773511009218,0.7367409992857124,True,0.1421694224057194,0.7391740286826882,0.0,1.7333333333333334,fastStorage,414.csv
6,360,2.874563492063492,9.3096164021164,0.06915014721186408,0.058812474464520564,0.036370808442796394,0.7233569964608347,True,0.1385655386046057,0.6980791437217289,0.0,1.75,fastStorage,414.csv
7,360,4.037791005291005,10.197566137566138,0.15747519052026315,0.08727726811762965,0.13107674888902524,0.30716943777888656,False,1.5055836177656547,7.469570906020865,0.0,1.75,fastStorage,414.csv
8,360,3.8349867724867726,10.309021164021164,0.1327751195574955,0.07008448359534239,0.11277143934827386,0.27861875870484304,False,1.481456804309187,7.6586096368391825,0.0,1.75,fastStorage,414.csv
9,359,4.692956625547155,10.553720652606446,0.18583428323043322,0.09072817938450531,0.16218131300905758,0.23835963865787435,False,1.3141010498738734,6.547609847498209,0.0,1.75,fastStorage,414.csv
10,358,4.734035238504512,11.239779401231917,0.15752234057214706,0.08637739941859603,0.13172787347030165,0.30068788935481766,False,1.1677357425277726,6.306550249588553,0.0,1.7833333333333334,fastStorage,414.csv
11,358,4.772579143389199,11.133240223463687,0.20137288842455084,0.0789635830102198,0.18524522328695744,0.15376294694835738,False,1.4529009015174852,6.216034582844944,0.0,1.7833333333333334,fastStorage,414.csv
12,354,4.468388485337638,11.068186709712133,0.1553916335809584,0.07849243535614281,0.13411001968093425,0.2551528028214498,False,1.4978191396894927,7.565907040034713,0.0,1.7833333333333334,fastStorage,414.csv
13,360,4.213941798941799,11.162857142857142,0.13241628888143422,0.08423415836302452,0.10216985918559521,0.4046631497460902,False,1.2074274448047588,6.3805921693686445,0.0,1.8,fastStorage,414.csv
14,358,5.965309922851821,11.097871774408086,0.25656308436266223,0.12861185360659605,0.22199911569544162,0.2512891047229455,False,1.3984515046403119,4.978439750946759,0.0,1.840892857142857,fastStorage,414.csv
15,359,5.488964053588009,11.670179510987312,0.2097265330110686,0.0989409193989155,0.18492137009372436,0.22255898304509683,False,1.5342567449520657,6.353272513747032,0.0,1.8,fastStorage,414.csv
16,360,5.944113756613756,11.590542328042329,0.22640595505748115,0.10639264694181631,0.199850597102446,0.220824642601538,False,1.158963436606229,5.377497015978254,0.0,1.8508333333333336,fastStorage,414.csv
17,360,3.594285714285714,10.770502645502646,0.0722009737791753,0.0633212283907064,0.03469009440392397,0.7691526712436517,True,0.1337190929498822,0.6232795835189047,0.0,1.7666666666666666,fastStorage,414.csv
18,360,3.577050264550264,10.730701058201058,0.07065874813646686,0.06141327623027328,0.034943786155435516,0.7554272648840042,True,0.12896200493238996,0.620145567297097,0.0,1.7508333333333335,fastStorage,414.csv
19,360,3.3290680615680617,10.280189995189996,0.07317272280793756,0.06158158857491557,0.039521580329195984,0.7082773346495523,True,0.13282129982673985,0.9096930145670737,0.0,1.7666666666666666,fastStorage,414.csv
20,360,3.296835016835017,10.174169472502806,0.07195828604965068,0.06262521591454488,0.0354411803254348,0.7574201443708102,True,0.14617565521020082,1.193188718079335,0.0,1.7508333333333335,fastStorage,414.csv
21,357,3.4605042016806724,10.656769374416434,0.07348460643015144,0.06438476393152938,0.03542018570921795,0.7676680579268885,True,0.13359625852674817,1.1869252051203891,0.0,1.75,fastStorage,414.csv
22,358,3.1089385474860336,9.90782122905028,0.08310082398244067,0.07563130500491157,0.03443330727383917,0.8283092822558258,True,0.14841382108879547,1.1487751982946115,0.0,1.7524999999999995,fastStorage,414.csv
23,360,2.976111111111111,9.474166666666665,0.07642992664199771,0.06648893481080083,0.03769290694847281,0.7567838669647036,True,0.1465119648153968,0.8488968402311138,0.0,1.7341666666666669,fastStorage,414.csv
0,360,86.27165343915344,63.71006613756613,1.0646488726725984,1.0179051754661983,0.3120036471616372,0.9141171309439586,True,2.2290718331416137,0.9466792739987414,0.008333333333333333,50.513333333333335,fastStorage,675.csv
1,360,81.80666666666667,77.02794973544974,0.9805612101674235,0.9661213907838102,0.1676596109829619,0.9707647043496718,True,2.1308841629505304,1.0194639423225593,0.0,50.58333333333334,fastStorage,675.csv
2,360,70.58027777777778,60.51699735449735,0.9861574170387967,0.9609826458410906,0.2214019095962996,0.9495953929011177,True,2.2341157055188,1.1048109536945332,0.0,49.745,fastStorage,675.csv
3,360,35.742208994708996,47.224034391534396,0.7944839248250558,0.6556438439574593,0.44870464304051033,0.6810292215577926,True,2.296766204242754,1.7067733221213162,0.0,37.03333333333333,fastStorage,675.csv
4,355,4.1380952380952385,29.85806841046277,0.3885174687288556,0.31491609747244464,0.2275382936127523,0.657004918339868,True,0.6087470917218045,0.27463382355518284,0.0,7.696666666666667,fastStorage,675.csv
5,360,3.643690476190476,39.4230291005291,0.41669968785131684,0.3388360702277021,0.24254638189021202,0.6612001176407106,True,0.5904782467615725,0.3386163924240722,0.0,7.966666666666666,fastStorage,675.csv
6,359,3.177967900252023,36.497068576734314,0.4331804431369408,0.3674131617646618,0.22946212079210562,0.7194021597554293,True,0.6255897348480532,0.4822060254768078,0.0,8.669999999999998,fastStorage,675.csv
7,360,5.304391534391534,45.185327080327085,0.4135240912876752,0.332537391025035,0.24580695198785685,0.6466649738677867,True,0.5993800634371882,0.27891368767516345,0.0,7.7700000000000005,fastStorage,675.csv
8,360,6.2283465608465605,50.70712962962963,0.47405171319852407,0.3836094631537717,0.2785117709636897,0.6548279126959886,True,0.6390636508249203,0.323969781585334,0.0,9.14666666666667,fastStorage,675.csv
9,359,26.875248706725028,135.91058495821727,0.7285142827621298,0.6532423703177258,0.32250188497139004,0.8040305501730475,False,1.4388467593044831,1.6357412125446016,0.0,14.191666666666618,fastStorage,675.csv
10,357,31.534106976123788,46.31760704281713,0.7135808097762728,0.649925220258068,0.2946095384631377,0.8295459662174847,True,1.186247569525384,1.6679218030777028,0.0,17.833333333333332,fastStorage,675.csv
11,358,43.635155626496406,152.48729715349825,0.8025364285165565,0.6990550836746834,0.3941912087866638,0.7587405357294476,True,1.7855874940897116,1.5585155380432412,0.0,24.287499999999827,fastStorage,675.csv
12,355,45.762320590207906,153.85867203219314,0.8305389708364377,0.7187448415233728,0.4161740439546788,0.7489096914857037,True,1.5573110544196072,1.1708013067592284,0.0,37.46666666666667,fastStorage,675.csv
13,358,47.93745677041767,45.074009044958764,0.8504549835803074,0.7498927057619198,0.40116656009897844,0.7774914066516756,True,2.0633045493988638,1.65781515477872,0.0,47.87666666666666,fastStorage,675.csv
14,357,44.98871548619447,47.08249966653328,0.8788462358897314,0.7424620576515167,0.47023483418971124,0.7137115669055569,True,2.0591940867047365,1.5975960961780942,0.0056022408963585435,46.40666666666666,fastStorage,675.csv
15,355,44.10438631790744,50.53849429912811,0.8165408373787675,0.7026245086421947,0.4160020900939481,0.7404415299423457,False,2.507214975525387,1.7818293640053922,0.005633802816901409,40.91500000000008,fastStorage,675.csv
16,360,18.90161375661376,34.2205291005291,0.5340444506759927,0.4186956954833489,0.33150775237019364,0.6146702288014632,True,0.6887986388288027,1.2051730882474432,0.0,9.11666666666667,fastStorage,675.csv
17,360,35.767552910052906,38.40571428571428,0.5872613547405682,0.49975689402507495,0.3084135951058861,0.724193699864494,True,0.7147349380254623,1.7293222717918573,0.0,8.743333333333336,fastStorage,675.csv
18,359,3.505478180129991,28.801299907149488,0.4569956052970925,0.38092256914688793,0.25247372056392386,0.6947832857647688,True,0.6692766313540366,0.22936867991085386,0.0,8.806666666666665,fastStorage,675.csv
19,360,4.709259259259259,28.231296296296296,0.4467605940618556,0.3703134802891655,0.24992589846318036,0.6870515502249197,True,0.6272818123323353,0.4172998927075457,0.0,8.97,fastStorage,675.csv
20,360,11.861666666666668,35.40148148148148,0.47184297839993733,0.40378959007513876,0.24411014565616712,0.7323441952647198,True,0.7182972083704764,0.24173259472158795,0.0,9.7,fastStorage,675.csv
21,357,11.026143790849673,29.821101774042955,0.5319810026984557,0.4395568044747964,0.2996558073389535,0.6827123631446952,True,0.6691772753988134,1.185737486372497,0.0,9.726666666666663,fastStorage,675.csv
22,359,13.221249502586549,31.874797718530306,0.5786415487088631,0.5083021924602,0.2765048336509605,0.7716577760789509,True,0.6844139678324304,1.8780159223076052,0.0,9.303333333333333,fastStorage,675.csv
23,360,54.551230158730164,43.35228835978836,0.8402036654541001,0.6530088851543185,0.528698019054374,0.6040446433535746,True,1.8277023627299005,1.316341890698871,0.005555555555555556,37.63666666666668,fastStorage,675.csv
0,113,47.282595870206485,6.063421828908554,0.532132994186088,0.5213191544175972,0.10673266950082552,0.9597695983680934,False,1.1129258212623812,-0.1701110634742593,0.0,2.1333333333333333,fastStorage,1003.csv
1,111,51.5063063063063,6.499699699699699,0.5071203028506595,0.49998967727331795,0.08474269398283256,0.9720756845063687,False,1.0989450562286147,0.04427568838019294,0.0,2.0666666666666664,fastStorage,1003.csv
2,112,48.24345238095238,6.132738095238096,0.5570147013920596,0.548305676635931,0.09811351861848126,0.9689741001358624,False,1.1173978668258464,-0.6002213713117384,0.0,2.1333333333333333,fastStorage,1003.csv
3,111,53.05645645645645,9.389189189189189,0.5137424317166889,0.5020567846411651,0.10895077393920398,0.9550251456912263,True,0.6076737942934348,0.3452330623477833,0.0,2.2666666666666666,fastStorage,1003.csv
4,110,55.47878787878788,6.055757575757575,0.516310758398001,0.48786581599419965,0.16900812057955306,0.892849847010195,True,1.1440915096463113,0.2112341886965195,0.0,2.303333333333333,fastStorage,1003.csv
5,111,57.82102102102102,6.451051051051052,0.5284537459699239,0.5126481582653305,0.1282779305134346,0.9410763110463727,True,1.1370496369063805,-0.13848551066297243,0.0,2.2,fastStorage,1003.csv
6,113,57.05722713864306,8.31740412979351,0.5552289899156669,0.5008452001242376,0.23965249165256808,0.8136970936259568,True,1.1446946484572207,-0.18989075196015004,0.0,2.2666666666666666,fastStorage,1003.csv
7,110,60.77939393939394,5.324242424242425,0.5238278108555073,0.46612505585388336,0.2390042002369149,0.7918224168072983,False,1.1700530913685183,0.24632241507662464,0.0,2.466666666666667,fastStorage,1003.csv
8,110,180.7430303030303,49.57636363636363,0.8641152781454513,0.7380247302700049,0.4494604670427389,0.729454926632578,True,2.0670038211806054,1.6552729499139314,0.0,6.39333333333333,fastStorage,1003.csv
9,111,308.9975975975976,74.0174174174174,0.881888508274934,0.7546951794142087,0.45624831747234273,0.7323451083494659,True,1.6596730935279675,1.418969918735695,0.0,4.733333333333333,fastStorage,1003.csv
10,116,2032.2563218390803,371.9460815047022,1.4495861571981037,1.3757341766340234,0.45678824676371776,0.9007017086153909,True,3.7888143929881295,1.6426661974565835,0.0,47.95,fastStorage,1003.csv
11,117,2438.9253561253563,403.645584045584,1.556945419999957,1.4946234582398015,0.4360960432498092,0.9215455619505053,True,4.177438468047887,1.67743912477003,0.008547008547008548,59.066666666666656,fastStorage,1003.csv
12,118,1987.4632768361587,41.08568738229754,1.3714972953394187,1.3415122399252164,0.28521876034750926,0.9567519764393231,True,4.019813796917789,1.6761683444834905,0.0,41.173333333333325,fastStorage,1003.csv
13,117,1085.6011396011395,27.46438746438747,1.275937991703401,1.1833589638110655,0.4771575436269554,0.8601493624824976,False,3.8344317878758414,1.411411117209312,0.0,36.42666666666666,fastStorage,1003.csv
14,109,65.09648318042814,15.709785932721712,0.7258359761460303,0.5247249939072836,0.5014992971449332,0.5226205971615762,True,0.5255795669017537,1.3257356297312728,0.0,2.613333333333333,fastStorage,1003.csv
15,114,63.23684210526316,9.478947368421055,0.617109582243891,0.5246550608906202,0.32490199072811077,0.7228083365963576,False,0.23284278066427405,-0.29674612843426296,0.0,2.4,fastStorage,1003.csv
16,112,64.64107142857144,6.1208333333333345,0.5730594800004867,0.5512032043836499,0.15675520755504246,0.9251753744594551,False,1.2108318902864297,-0.1783458226710849,0.0,2.2666666666666666,fastStorage,1003.csv
17,110,66.49090909090908,6.496969696969697,0.5729339036046786,0.547236604519874,0.16966247838945983,0.912307476375299,True,1.2111956975179405,-0.08905534886496819,0.0,2.2666666666666666,fastStorage,1003.csv
18,113,57.489675516224196,6.399115044247786,0.6215807780108407,0.5848728799384765,0.2104432890472739,0.8853761450621518,False,1.131162128506483,-0.9434520238538077,0.0,2.1333333333333333,fastStorage,1003.csv
19,110,59.40424242424242,6.372727272727273,0.5189292657091163,0.4951451229362843,0.15530257577327736,0.9104344515621966,False,1.1290274071150106,0.04708326470757345,0.0,2.2,fastStorage,1003.csv
20,112,57.96130952380952,6.036054421768708,0.5314866100911922,0.5190059184155195,0.11450272204576674,0.9535862170487932,True,1.1416355098973279,-0.11328349111506797,0.0,2.2,fastStorage,1003.csv
21,111,46.28588588588589,6.135135135135136,0.5207850288951783,0.503140409895802,0.13441270122736146,0.933386287859541,False,0.13995376538115292,-0.9211557394018995,0.0,1.9333333333333331,fastStorage,1003.csv
22,114,47.31111111111111,17.01171679197995,0.5362586223392892,0.46913890392079555,0.2597729756176094,0.7653398402882776,False,0.14582773535158022,0.32578745084320904,0.0,2.0899999999999994,fastStorage,1003.csv
23,111,47.71831831831831,6.3805662805662795,0.5342736054903773,0.5099300617960371,0.15943530851218976,0.9109484313288413,False,0.08014677848258148,-0.6528328264317987,0.0,1.9666666666666666,fastStorage,1003.csv
0,359,3.424406419949596,11.284029712163417,0.10340837930098286,0.09401309836869962,0.04306774018651491,0.8265426505713448,True,0.14780953319551332,-0.0710679931078826,0.0,1.818333333333333,fastStorage,423.csv
1,360,3.417314814814815,15.95403439153439,0.29596141921237934,0.09522727394227273,0.28022299684310187,0.10352673120131672,False,0.8145654166379912,3.118037665711659,0.0,2.880000000000003,fastStorage,423.csv
2,360,4.031600529100529,14.843650793650793,0.2696677724712375,0.09478784757838359,0.2524598412838292,0.12355127385630692,True,0.6847983200120457,2.3006391297491215,0.0,3.1341666666666668,fastStorage,423.csv
3,360,2.8124074074074077,9.000449735449735,0.09526030862136843,0.08746144484692345,0.03774946441907392,0.842964580042353,False,0.12085139091943004,-0.020403166372982055,0.0,1.8166666666666669,fastStorage,423.csv
4,355,2.6403085177733066,8.636673373574782,0.09409334786677685,0.08547655585138386,0.039335944282088,0.8252322407721814,False,0.18665414625798377,0.06871765048320334,0.0,1.8166666666666669,fastStorage,423.csv
5,360,2.669259259259259,8.732883597883598,0.09483067100737765,0.08687799765790409,0.03801407221888632,0.8393091515803112,False,0.18095438596061086,0.05478929063050435,0.0,1.8166666666666669,fastStorage,423.csv
6,360,2.8799404761904763,9.145747354497354,0.0960071279343551,0.08557872673874833,0.04351609063298618,0.7945563182685106,False,0.1817681925968766,-0.02955508083955009,0.0,1.8166666666666669,fastStorage,423.csv
7,360,3.9590079365079363,10.032637085137086,0.2118646540227712,0.12193321204201392,0.17325969936862354,0.3312279772597329,False,1.9911358231869616,8.36755175613005,0.0,1.8166666666666669,fastStorage,423.csv
8,360,4.976666666666667,10.312870370370371,0.28333747667117604,0.12298757997293927,0.25525317012485677,0.1884145633589186,False,1.926973302281913,7.098418537067782,0.0,1.8333333333333333,fastStorage,423.csv
9,359,6.970407215811115,10.711334394482027,0.43567051300171933,0.2333072145561112,0.3679355100221368,0.28677415135620743,False,1.832740522828084,4.3591415004570315,0.0,2.1099999999999794,fastStorage,423.csv
10,359,4.611818543573419,11.070486801963126,0.259993712487941,0.168051935633348,0.19838164598356162,0.41779318093229745,False,2.075067853602863,7.276427507696893,0.0,1.8366666666666653,fastStorage,423.csv
11,357,5.135080698946245,11.226944110977724,0.27948202669546446,0.18490223499890363,0.2095742511336127,0.4377000070016619,False,2.022318864532189,7.018309111189989,0.0,1.85,fastStorage,423.csv
12,352,7.514962121212121,11.37849025974026,0.46232383058345655,0.2817523726488107,0.3665500304625908,0.37140060277342357,False,1.9708932268454251,4.331921716680513,0.0,2.16083333333333,fastStorage,423.csv
13,360,6.018928571428571,11.25706349206349,0.35353372177576625,0.20484942941545636,0.2881367795002694,0.3357436648758246,False,1.636554230022937,5.130870915687889,0.0,1.9008333333333334,fastStorage,423.csv
14,357,3.9140989729225026,10.843017206882752,0.12268722547790377,0.08912676464404584,0.08431236635008447,0.5277370595763052,False,0.6080817142709496,5.312133260269419,0.0,1.82,fastStorage,423.csv
15,360,14.301223544973546,11.493558201058201,0.5566761124110147,0.4468377764959403,0.33200044521838334,0.644309586023581,False,2.613157116134172,5.414722215193299,0.0,1.9174999999999998,fastStorage,423.csv
16,360,5.975674603174603,11.53281746031746,0.3540648931222161,0.2325225926238367,0.26701159611735137,0.4312852241806792,False,1.9846387009360242,5.674077240177408,0.0,1.8833333333333333,fastStorage,423.csv
17,360,3.8853703703703704,10.72861111111111,0.15813130125360503,0.09143463204405664,0.1290163419847515,0.3343380102978793,False,2.2837102067767603,8.47041402609654,0.0,1.8666666666666665,fastStorage,423.csv
18,360,4.615568783068783,10.671944444444444,0.1921236324610931,0.095120695487704,0.16692376535407025,0.24512547917422492,False,1.601112515394811,6.136406357604779,0.0,1.8666666666666665,fastStorage,423.csv
19,360,3.3263756613756614,10.119563492063492,0.09502486508353693,0.08549745252263358,0.04147180483514566,0.8095279092879946,False,0.22369561724109732,-0.30838356021925606,0.0,1.8166666666666669,fastStorage,423.csv
20,360,3.3042063492063485,10.074973544973545,0.09283165117335498,0.08410637013418362,0.03929165257943683,0.8208534536019668,False,0.2173061974732855,-0.2575439216700427,0.0,1.8166666666666669,fastStorage,423.csv
21,358,3.4549481245011973,10.572319765895184,0.0982327299699454,0.08992991360072629,0.03952568629529552,0.838100162949892,False,0.22004948854788575,-0.29385248659885427,0.0,1.8166666666666669,fastStorage,423.csv
22,359,3.215598885793872,12.076044568245123,0.12082103762284203,0.08693870133926915,0.0839010449380791,0.5177751161655549,False,0.21983447738973394,0.5191349073506238,0.0,1.9833333333333332,fastStorage,423.csv
23,360,2.9774470899470895,9.401825396825396,0.10329987917562856,0.09592278070494904,0.03833647322758983,0.8622712240912601,True,0.14931169382645504,-0.16125842012652178,0.0,1.8166666666666669,fastStorage,423.csv
0,360,0.4504761904761904,12.39691798941799,0.20277616482698824,0.11866647961828812,0.16442761214876384,0.34246982173753565,False,0.2490089195854798,-0.3282108272947502,0.0,1.0,fastStorage,774.csv
1,360,1.9400925925925925,22.23473544973545,0.24806834954007767,0.1114088383619025,0.22164380609074016,0.2016956712236367,True,0.20335546281584752,0.6705359760375448,0.0,1.201666666666667,fastStorage,774.csv
2,360,0.6053703703703703,14.558333333333334,0.20098087009500964,0.1037507448577739,0.17213103463816234,0.2664851437064659,False,0.2980496803760933,-0.014351409575770314,0.0,1.0,fastStorage,774.csv
3,360,0.43022486772486773,12.454788359788362,0.20793441446642735,0.1120300084745301,0.17517419307846893,0.29027924851719855,False,0.33486085520093456,-0.31180398169175505,0.0,1.0350000000000004,fastStorage,774.csv
4,354,0.44248049502286785,11.873755716976056,0.19094825068102222,0.12075424259155194,0.14791770460050796,0.3999202804994835,True,0.4134484355029411,-0.38477349567796937,0.0,0.9333333333333332,fastStorage,774.csv
5,359,0.5091656718397665,12.356068444090731,0.1885127999776758,0.11195104492763705,0.15167082545774385,0.3526749512719031,True,0.2618252251167592,-0.42948328397221225,0.0,0.9333333333333332,fastStorage,774.csv
6,360,0.5845502645502645,12.708042328042326,0.19728415172918837,0.1001914066916943,0.16994916460119755,0.2579149701935118,False,0.21115419516156791,-0.3386592556980025,0.0,1.0,fastStorage,774.csv
7,360,3.626481481481482,17.695185185185185,0.28007612987174557,0.16328636985301975,0.22755263115191116,0.3398972686473538,True,0.3169854398539515,1.0521654319132316,0.0,1.1666666666666667,fastStorage,774.csv
8,360,1.7624074074074074,16.637962962962963,0.259528009182292,0.16115185674621524,0.2034327078357145,0.38556904234055334,False,0.22917082803855476,0.6650617097198066,0.0,1.201666666666667,fastStorage,774.csv
9,358,3.48535514764565,73.50151636073424,0.5687028767881374,0.408248339028647,0.3959245581514922,0.5153211919599862,False,1.4318107997766685,4.815757468505728,0.002793296089385475,1.776666666666665,fastStorage,774.csv
10,357,3.324183006535948,68.47450980392156,0.569631886693457,0.39126427747338205,0.41399607668573357,0.47179334743515616,False,2.0908093618163135,4.774079381106841,0.0,1.6533333333333324,fastStorage,774.csv
11,358,6.315323224261771,56.9583133812184,0.6418077700430735,0.4825791936623091,0.42312472810259905,0.5653628215021581,False,3.2287818619982094,3.494652237630589,0.0,2.3433333333333315,fastStorage,774.csv
12,353,7.91293673276676,48.293295561850805,0.6619368139864805,0.45367111630568285,0.4820195680058312,0.4697309644401218,True,1.182970282790731,2.5886436210046293,0.0,3.3,fastStorage,774.csv
13,360,5.9255555555555555,123.62921296296295,0.8772356845566018,0.6106374249251065,0.6298129734614272,0.48454515606203563,True,2.108401290878823,3.3925966124964333,0.0,8.476666666666668,fastStorage,774.csv
14,356,9.342696629213483,61.86551966292135,0.6339884358872115,0.40250305249420326,0.4898291840749809,0.4030655531510078,True,1.3957474209710665,3.5630513490749425,0.0,3.1,fastStorage,774.csv
15,360,5.694126984126983,105.26601851851852,0.6856627521325342,0.46173283433995765,0.5068887445528361,0.4534823646354032,False,2.290350982899184,4.604061285134231,0.008333333333333333,1.8350000000000004,fastStorage,774.csv
16,360,1.3666402116402117,13.91420634920635,0.2682572964163824,0.15431331431466425,0.21942966551004564,0.3309052911108391,False,3.1636724175247433,4.48258566181477,0.0,1.0350000000000004,fastStorage,774.csv
17,360,0.5435185185185186,12.60611111111111,0.20759437509315348,0.11356626918290329,0.17377608314780618,0.29927301157178987,False,0.2835010715978331,0.41086510672862836,0.0,0.9666666666666668,fastStorage,774.csv
18,360,0.8944444444444445,14.481851851851854,0.2300049391398521,0.1344741026600071,0.18659846661350926,0.34182434123801936,False,0.12320377516095332,0.4458245606495153,0.0,1.1,fastStorage,774.csv
19,360,0.832579365079365,13.735925925925926,0.229584254219667,0.1450067657373678,0.17799429113313947,0.39892599214480967,False,0.08620192888594946,0.49573172766439133,0.0,1.0333333333333332,fastStorage,774.csv
20,360,0.6336243386243386,15.239166666666668,0.328184472353789,0.18331296035771916,0.2722157351422291,0.31199690350762666,False,2.821645036402867,5.139086188689805,0.0,1.0,fastStorage,774.csv
21,357,0.9748299319727892,15.014325730292118,0.23217147193848328,0.16668622075184195,0.1616146533998392,0.5154442396267368,False,0.11963808402275775,0.422206135851832,0.0,1.0333333333333332,fastStorage,774.csv
22,359,0.4601273378432153,12.317482424724766,0.1883239790735025,0.10708767261133112,0.1549133676245061,0.3233461664478472,False,0.19984641300869474,-0.23845480985309372,0.0,0.9333333333333332,fastStorage,774.csv
23,360,0.43907407407407406,12.399814814814818,0.21003469345294878,0.11275512409048573,0.17720286240694122,0.2881976929948532,False,0.30976339253572394,-0.1344695113468728,0.0,1.0666666666666669,fastStorage,774.csv
0,360,0.2733333333333333,0.1994179894179894,0.1319245826974408,0.03447041356751569,0.12734161184930212,0.06827182775211602,True,0.2258037287784406,0.014062496373805647,0.0,1.0666666666666669,fastStorage,1204.csv
1,360,0.25277777777777777,0.20092592592592587,0.13398403355949476,0.02928343332242993,0.1307447963848757,0.04776809172006784,False,0.22006218770240996,-0.2542835710528585,0.0,1.0666666666666669,fastStorage,1204.csv
2,359,1.2304549675023213,0.20074280408542242,0.14205731580488876,0.026260041541576566,0.13960906557929742,0.034171465831639394,True,0.2098514991656898,-1.621793030958662,0.0,1.0666666666666669,fastStorage,1204.csv
3,360,14.869629629629632,0.2033333333333333,0.1837401014751951,0.13968616386606936,0.11936582640980883,0.5779614575091302,True,0.24688217615466346,2.349416263454224,0.0,1.0666666666666669,fastStorage,1204.csv
4,355,7.8134205231388325,0.20101945003353447,0.16559476264286632,0.09288387720778235,0.13709197923145192,0.31462083354514075,True,0.2316645040427912,2.4183419225629947,0.0,1.0666666666666669,fastStorage,1204.csv
5,360,14.041540404040406,0.20256854256854256,0.1836655353777954,0.13957321231692105,0.1193831951706265,0.5774957731344784,False,0.7713820178948504,2.113496772112805,0.0,1.0666666666666669,fastStorage,1204.csv
6,360,13.094259259259257,0.2148148148148148,0.1732979153266489,0.12219504797604712,0.12288424515247638,0.49718788267497244,True,0.2403646093309083,2.0033518630119436,0.0,1.0666666666666669,fastStorage,1204.csv
7,359,0.09637883008356544,0.2658092062688163,0.12326172293865077,0.017527687766096044,0.12200914926094254,0.020220541817243157,True,0.2121832839920929,0.30976790169749324,0.0,1.0666666666666669,fastStorage,1204.csv
8,359,0.06778087279480037,0.2026137743407938,0.12822843249293459,0.022971938263644045,0.12615395733787504,0.03209420440266096,True,0.2103277822846241,0.13569801759074884,0.0,1.0666666666666669,fastStorage,1204.csv
9,354,0.09642184557438795,0.2055410691003911,0.15889020012525598,0.03865165936394688,0.15411730897033374,0.05917551725958649,False,0.13764482072963838,-5.01593778400948,0.0,1.0666666666666669,fastStorage,1204.csv
10,358,0.06666666666666667,0.20428919311600874,0.12246537244475658,0.020520157768816057,0.12073396611217509,0.028075970394668907,True,0.20478561212830493,0.12607914762135944,0.0,1.0666666666666669,fastStorage,1204.csv
11,357,0.23940242763772177,0.20659583180591579,0.12725173187553854,0.01794207831223398,0.12598049488377797,0.019880078382476435,True,0.20912909117241887,0.22980929789718577,0.0,1.0666666666666669,fastStorage,1204.csv
12,353,0.09575070821529744,0.2049664216803027,0.13392574912025768,0.02408925627269993,0.13174146655343708,0.032353302260607106,True,0.22165979511594297,-0.9510587714818506,0.0,1.0666666666666669,fastStorage,1204.csv
13,360,0.14879629629629632,0.19910774410774404,0.13011694537232218,0.021638441436561927,0.1283050946970554,0.02765567318338232,True,0.20761217592125403,-0.024420490390423686,0.0,1.0666666666666669,fastStorage,1204.csv
14,357,0.08967587034813924,0.2021208483393357,0.12458543889394637,0.02410690741855768,0.12223088234611715,0.037441085122752654,True,0.21157012343249645,0.41169560537825195,0.0,1.0666666666666669,fastStorage,1204.csv
15,360,0.10638888888888888,0.20746312329645664,0.12781301950936175,0.023714871078724054,0.12559368155213854,0.03442637904995858,True,0.21009137487914586,0.8280870415020348,0.0,1.0666666666666669,fastStorage,1204.csv
16,360,0.1162962962962963,0.20088624338624336,0.1213912324408641,0.019186495754870435,0.11986538155013828,0.024981394773032944,True,0.20659547900453346,0.2072272190772402,0.0,1.0666666666666669,fastStorage,1204.csv
17,358,0.11415270018621974,0.2035647778664538,0.12203776953817877,0.01999732585582343,0.1203882226485201,0.026850682171547086,True,0.21358808632232099,0.3217565183753272,0.0,1.0666666666666669,fastStorage,1204.csv
18,360,1.4183333333333332,0.20185185185185184,0.12861846640242824,0.023987189595080557,0.12636187967517032,0.0347818022656819,True,0.215503011121561,0.7192381445762239,0.0,1.0666666666666669,fastStorage,1204.csv
19,359,5.780458538675807,0.20499964288265118,0.1708936239336452,0.07817173278283975,0.151966479510787,0.2092414682040825,True,0.22950187404623698,1.6620495006340101,0.0,1.0666666666666669,fastStorage,1204.csv
20,359,0.25013927576601674,0.20435445087255671,0.11834465282027265,0.016443825280231604,0.11719666147678474,0.019306716854763973,True,0.20423777470762153,0.26600682229750994,0.0,1.0666666666666669,fastStorage,1204.csv
21,356,0.20337078651685395,0.20051498127340822,0.13246050750954977,0.03502015813105125,0.12774730750259924,0.06989777899096628,False,0.1060732385615924,-0.003268583513644739,0.0,1.0666666666666669,fastStorage,1204.csv
22,358,0.30819366852886404,0.19950515034313912,0.12167545604087467,0.017183630282942463,0.12045596478819122,0.019944533132048418,True,0.20625132815742092,0.24390712195664926,0.0,1.0666666666666669,fastStorage,1204.csv
23,360,0.10351851851851851,0.20045584045584042,0.1233677394838447,0.025696375134270387,0.12066190554732933,0.04338509107467041,True,0.1985558340325204,-0.03385364493198358,0.0,1.0666666666666669,fastStorage,1204.csv
0,360,2.9644444444444447,9.601481481481482,0.15013404411285305,0.1451852466941079,0.038229247233644806,0.9351614750099719,True,0.14365915373548965,1.004801468550489,0.0,2.2,fastStorage,448.csv
1,360,3.461666666666666,11.539444444444444,0.15298861559552376,0.14716788580836623,0.04179868285640856,0.9253539272079877,True,0.13670141410776138,0.9322468041237462,0.0,2.2,fastStorage,448.csv
2,360,3.9282407407407405,12.655873015873016,0.25784366704821793,0.1428565788270178,0.21465170514746046,0.30696407562011535,True,0.6354032974274417,1.668930648919945,0.0,3.4508333333333336,fastStorage,448.csv
3,360,2.809179894179894,9.24563492063492,0.15177753767261817,0.14678735376505894,0.03859914139737379,0.9353244273332201,True,0.20543447596345232,1.2657504304235743,0.0,2.2,fastStorage,448.csv
4,354,2.627347323110035,8.845574387947268,0.16760258304500605,0.16094735419319914,0.04676082785373937,0.9221599748699062,True,0.22848697860803718,1.1241007539479335,0.0,2.216666666666667,fastStorage,448.csv
5,360,2.6606878306878303,8.879219576719576,0.16089463316999075,0.15578495950200097,0.04022597886771448,0.9374927883170803,True,0.222564249481226,1.0693696683598828,0.0,2.2,fastStorage,448.csv
6,360,2.8714814814814815,9.359537037037038,0.1394158798726619,0.1233344400232692,0.06500310350141066,0.782607930882289,False,0.17584647580839285,0.7365399166987142,0.0,2.1175,fastStorage,448.csv
7,360,3.9770370370370363,10.182037037037036,0.22891149209496015,0.13902672110928863,0.181857202306483,0.3688598353205787,False,1.8281300104895035,6.26099806387982,0.0,2.25,fastStorage,448.csv
8,360,7.462896825396824,10.393386243386244,0.28720266681806783,0.17099672075231492,0.23074985009608326,0.3544856240598129,False,1.8651074625428534,6.059128838130105,0.0,2.2508333333333335,fastStorage,448.csv
9,359,6.609444223371801,10.832922138214618,0.4159384772264909,0.2664842699235767,0.31936022094304484,0.41047334643524325,False,1.750771164879855,4.176583222409079,0.0,2.4216666666666646,fastStorage,448.csv
10,358,4.499627560521415,11.172811918063317,0.288930663374379,0.23393174683753842,0.16957849527430222,0.6555277155337041,False,2.138850206880529,5.858050655056324,0.0,2.2191666666666663,fastStorage,448.csv
11,358,4.790689013035381,11.115642458100558,0.3009824396556147,0.23007745534767693,0.19404843086658413,0.5843402670092003,False,0.7111764912519933,4.81662490214635,0.0,2.6016666666666617,fastStorage,448.csv
12,353,7.193175379860932,11.572710103871577,0.45932307870567995,0.3235587350497465,0.326017538799176,0.49621481168720216,False,2.198828905955657,3.9732249790124383,0.0,3.05,fastStorage,448.csv
13,360,5.98,11.280555555555555,0.34470336155318604,0.2282710016714648,0.2582881283798631,0.4385412515857187,False,1.8557906639724084,4.80323762947785,0.0,2.3833333333333333,fastStorage,448.csv
14,357,3.9122315592903822,10.942857142857143,0.16321809518453187,0.14432921721694913,0.0762182632523834,0.7819372490181977,True,0.21143985657508046,1.7939524361886674,0.0,2.4899999999999998,fastStorage,448.csv
15,360,12.417089947089947,11.641712962962963,0.5443844724374087,0.4496837833607944,0.3068207111869699,0.6823433979265384,False,2.1691536060970904,5.03493840193037,0.0,2.9008333333333334,fastStorage,448.csv
16,360,5.7352706552706545,11.61934472934473,0.3442461040676497,0.23747870616478714,0.24921726321435647,0.4758951517882079,False,2.101016949723129,4.873553698001328,0.0,2.65,fastStorage,448.csv
17,360,3.8615740740740736,10.840621693121694,0.2054205069455361,0.15882957652073312,0.13027183231998246,0.5978265005637103,True,0.3323244358184494,4.407677922049029,0.0,2.666666666666667,fastStorage,448.csv
18,360,4.561507936507937,10.834338624338624,0.20997589862120694,0.17266574437357274,0.11948396847152087,0.6761973639136415,True,0.3394392324784824,2.2443916095843712,0.0,2.668333333333334,fastStorage,448.csv
19,360,3.322685185185185,10.233002645502646,0.15140315375890542,0.14316465234508377,0.04926253431416276,0.8941322562847389,True,0.33615474844505655,0.7913602247010093,0.0,2.55,fastStorage,448.csv
20,360,3.298333333333334,10.203703703703704,0.16193112207256335,0.15604167266203736,0.043274527016629476,0.9285826043160784,True,0.24414341811879225,0.6473777718716538,0.0,2.6333333333333333,fastStorage,448.csv
21,357,3.457843137254902,10.751353874883288,0.1595610956784545,0.1515288354872298,0.049987551150191,0.901854655600673,True,0.08333644854534483,0.7509137832016824,0.0,2.453333333333333,fastStorage,448.csv
22,359,3.1184639872662157,9.926236901445817,0.15194866495029688,0.1461933225955029,0.04142353447817777,0.9256808852948172,True,0.11812725638928301,0.8491887685192331,0.0,2.2333333333333334,fastStorage,448.csv
23,360,2.9736375661375662,9.554907407407407,0.1529910072589504,0.14843339179276333,0.037064491133755505,0.94130727465279,True,0.1244599124040151,0.93161216399626,0.0,2.234166666666667,fastStorage,448.csv
0,156,52.747466422466424,1.1837606837606838,0.531519149357089,0.20341284920255004,0.4910558205668517,0.1464599678825612,True,0.2562727920682494,-0.7443838998906553,0.0,0.8833333333333333,fastStorage,1037.csv
1,161,998.2587991718426,1.1664596273291923,1.1065704661353926,0.7435735159690431,0.8195099894891675,0.4515331874072991,False,4.62512900679179,2.7888067315097578,0.0,1.6666666666666663,fastStorage,1037.csv
2,198,6625.225589225588,1.1585858585858584,2.1798587879078775,1.4616778333126554,1.6171834301716126,0.4496210134290578,True,4.414600237541902,0.5852063990395525,0.0,65.78999999999996,fastStorage,1037.csv
3,159,2073.744234800839,1.170230607966457,1.5742737996532403,1.0893415564500544,1.1365179143619446,0.4788148462367843,True,4.532900855221104,1.8812811494706638,0.0,42.27333333333332,fastStorage,1037.csv
4,154,802.278478664193,1.1898886827458255,1.049793324754292,0.7216999921601809,0.7623746756121069,0.4726131347950931,True,0.5279333928335002,2.6353875017601007,0.0,1.826666666666665,fastStorage,1037.csv
5,157,87.04998483469821,1.1694267515923564,0.6533867012422562,0.20125757431493002,0.6216185085252108,0.0948776428322748,True,1.3219065929801992,-0.2527999606348179,0.0,1.3333333333333337,fastStorage,1037.csv
6,160,88.73770833333333,1.1685714285714286,0.7763956487060102,0.2726667614925724,0.7269408782746909,0.12333837280728299,False,1.5647477017052873,0.010019906647612577,0.0,1.5366666666666657,fastStorage,1037.csv
7,144,96.06858465608465,1.1639880952380952,0.660206814893493,0.22308287607341856,0.6213751433993981,0.11417537954684422,False,1.3733116157616871,-0.0774192653220731,0.0,1.5333333333333334,fastStorage,1037.csv
8,157,95.58938428874734,1.1690021231422505,0.6956403052679977,0.252319035337411,0.6482673358420517,0.13156202732805647,False,1.4481809561478136,0.2601260197585106,0.0,1.546666666666666,fastStorage,1037.csv
9,155,85.87812596006145,1.1638709677419354,0.5868476796606688,0.19716476351335077,0.5527352486967295,0.11287761402692845,False,1.3374431526985253,-0.5042587833720965,0.0,1.0666666666666669,fastStorage,1037.csv
10,153,95.22807345160287,1.170525988173047,0.6314790750454693,0.25028670545617515,0.5797606293050392,0.1570932899397317,False,1.3175052139427805,0.3172873550644514,0.0,1.5333333333333334,fastStorage,1037.csv
11,154,94.34301175015459,1.1531849103277674,0.6910078972592206,0.2666698181703141,0.6374787229011029,0.14892983488695638,False,1.425274165261912,0.0771320733889965,0.0,1.4666666666666666,fastStorage,1037.csv
12,148,98.9108108108108,1.1878378378378378,0.640413038402952,0.1962969317398615,0.6095870523116589,0.09395214331749564,True,1.3811468467335577,0.16864473883160555,0.0,1.576666666666667,fastStorage,1037.csv
13,161,82.60056196391601,1.157349896480331,0.7032987020965535,0.2841145939673104,0.6433567920411559,0.1631952271302718,True,1.5567086455083334,0.24425416814905807,0.0,1.4666666666666666,fastStorage,1037.csv
14,157,86.74012738853503,1.1592356687898089,0.6553780123529901,0.23160436344763446,0.613090334214928,0.12488484546135353,False,1.3731036099953484,-0.04024488283224883,0.0,1.3466666666666662,fastStorage,1037.csv
15,146,95.92876712328767,1.1621004566210043,0.7129803870175858,0.24730286120713324,0.6687169259937361,0.12031038471932891,False,1.4509327759826163,-0.06870691708085952,0.0,1.45,fastStorage,1037.csv
16,156,92.13547008547008,1.2119658119658119,0.659137363679653,0.25441672437943524,0.6080577230449439,0.14898393893920917,True,1.4173721353749125,0.24864415047449853,0.0,1.5333333333333334,fastStorage,1037.csv
17,156,90.78446275946277,1.2166971916971916,0.5852542940372085,0.20424571454007714,0.5484580902685314,0.12179141839274393,False,1.239916391828966,0.1465364200995454,0.0,1.2666666666666666,fastStorage,1037.csv
18,152,90.35977443609022,1.1959899749373433,0.6720660753000529,0.23699030374078284,0.6288945901357936,0.12434754290548372,False,1.5011409772542794,-0.20717927166002545,0.0,1.496666666666666,fastStorage,1037.csv
19,155,87.82172043010753,1.1801228878648233,0.6291601582638211,0.20423835601009008,0.5950875554746983,0.10537854213612512,False,1.3040266971997052,0.04901878937542376,0.0,1.326666666666663,fastStorage,1037.csv
20,184,3333.342261904762,1.1699792960662525,1.8461896829682454,0.35469547353506736,1.8117967508945714,0.03691124152494624,True,3.6202933620408015,0.5831359164782891,0.0,27.59,fastStorage,1037.csv
21,154,91.20692640692641,1.1645021645021645,0.6977069523642611,0.23382877273992608,0.6573576624763456,0.11231811322945251,True,1.5614105120130128,0.3189078764271878,0.0,1.6666666666666663,fastStorage,1037.csv
22,153,90.35599128540305,1.1664488017429193,0.6882223267279226,0.2324006794373719,0.6477961833816586,0.11402951358393983,True,1.5128407722884503,0.29968981252594146,0.0,1.4933333333333336,fastStorage,1037.csv
23,153,101.99589169000934,1.1530034235916589,0.6617332460284869,0.21202901810614763,0.626844944448259,0.10266553988380753,True,0.11494935298130426,0.3315573204736139,0.0,1.626666666666667,fastStorage,1037.csv
0,359,17164.41126144051,55206.464159702875,0.6879063347367873,0.16224011759783338,0.6685007626120123,0.05562344554714404,True,2.1752623113379483,-2.5035647051411964,0.0,70.34666666666666,fastStorage,895.csv
1,360,1334.7044841269842,6078.467235449735,0.6648499815414299,0.2422605227809452,0.6191408055180524,0.13277550994125417,False,2.108488799829935,1.6705791005055268,0.0,44.206666666666685,fastStorage,895.csv
2,360,3.3912830687830686,419.15580484330485,0.38014397257187943,0.11250163100208532,0.36311544019030706,0.08758332319605057,True,0.6799573347086231,1.8125064012801384,0.0,5.933333333333334,fastStorage,895.csv
3,360,0.8817460317460318,184.3573148148148,0.07822827456223329,0.038405732539994845,0.06815176189248918,0.24102639412627708,True,0.11402606661525427,0.7633350629753385,0.0,2.6,fastStorage,895.csv
4,360,0.8502777777777777,183.4291402116402,0.07655672610201567,0.044447366229606565,0.06233268762623892,0.33707407964535313,False,0.11008645938173955,0.47630331369263124,0.0,2.533333333333333,fastStorage,895.csv
5,360,0.8477215608465608,184.47695767195768,0.07790478114137576,0.053141215531541476,0.056966359691627784,0.4653018127257659,True,0.07311768474178237,0.6661180639466731,0.0,2.533333333333333,fastStorage,895.csv
6,360,0.9678632478632478,184.7457977207977,0.07774040498181697,0.053371473710538075,0.056524829594632627,0.4713296840964408,False,0.07717398913407669,0.6666177821621857,0.0,2.533333333333333,fastStorage,895.csv
7,359,0.9567714551001457,187.9412123623823,0.08372417136157856,0.05051819772788016,0.06676562415277625,0.3640776178816225,True,0.011691538299278159,-0.880484276727384,0.0,2.533333333333333,fastStorage,895.csv
8,360,0.9342989417989417,184.0939021164021,0.0826816276615534,0.04849378162433948,0.06696719119490252,0.34399653641744704,False,0.09102079230377769,-0.02764084459840539,0.0,2.501666666666667,fastStorage,895.csv
9,359,0.9538798249104656,184.9296585958146,0.08262127062486913,0.05008843550179017,0.06570709998661386,0.3675286457632307,True,0.0630609169909675,0.4349652043410145,0.0,2.533333333333333,fastStorage,895.csv
10,360,0.9280158730158731,184.32410765160765,0.08951745717415002,0.0659132217561847,0.060570804325564324,0.5421626626683024,False,0.3330398967592329,-0.9038020176182583,0.0,2.466666666666667,fastStorage,895.csv
11,360,0.8663227513227513,185.39291412291414,0.09767959297964696,0.06941921721595734,0.06871881231361053,0.5050701960860344,True,0.025815625170519607,-0.288229596856554,0.0,2.533333333333333,fastStorage,895.csv
12,360,0.9583201058201057,182.85199735449734,0.09642025611270916,0.07239042433362859,0.06369059784330515,0.5636709891513261,True,0.003237136234261362,-0.6923175499103429,0.0,2.533333333333333,fastStorage,895.csv
13,360,12.905277777777776,227.03041005291004,0.14343765426535868,0.08840263931086574,0.11295722209766648,0.3798429883599964,True,0.21349347828753507,1.9559557490705404,0.0,2.870000000000001,fastStorage,895.csv
14,360,0.937195767195767,184.96522486772486,0.07411602903229013,0.047633286411079674,0.05678253063394876,0.413044465206682,False,0.0961722003161064,0.625702110149006,0.0,2.466666666666667,fastStorage,895.csv
15,360,0.9271608946608947,184.10546055796055,0.08093247721986792,0.05386023246203157,0.06040812220289887,0.4428848043525966,True,0.07437201801692905,0.9945254191516021,0.0,2.533333333333333,fastStorage,895.csv
16,360,34.561851851851856,306.4535978835979,0.17045524846058052,0.0418568987454936,0.16523616963355128,0.06029944833598755,True,0.3455245541509795,2.003098320236125,0.0,3.403333333333334,fastStorage,895.csv
17,360,23.779417989417986,249.84383597883595,0.14327232656307232,0.0628416883378397,0.1287551232597968,0.19238493561790201,True,0.1235814347237355,0.6864637126832448,0.0,3.0,fastStorage,895.csv
18,360,0.9008068783068782,181.35565536315534,0.1187267341277574,0.08752758507008992,0.0802181977386763,0.5434916163053187,False,0.12962771383554783,1.4431952897453018,0.0,2.4,fastStorage,895.csv
19,360,0.8444047619047619,182.05870370370369,0.10117999642465407,0.08261118919893558,0.05841903025239876,0.6666354865109755,False,0.43753229452812,-2.0479160314347364,0.0,2.4,fastStorage,895.csv
20,360,6.375462962962964,198.2417195767196,0.12130600065800803,0.08016025096592984,0.09104658126870988,0.436670212049442,True,0.03396045625671207,-0.8779849069882402,0.0,2.7366666666666672,fastStorage,895.csv
21,360,0.9437217412217412,182.90652116402117,0.08641762660838699,0.0581403473374092,0.06393517185487196,0.4526375451673587,True,0.029259568408831926,-1.2337160788004196,0.0,2.6,fastStorage,895.csv
22,360,0.8947619047619049,191.48402116402116,0.09414817273227481,0.04190602650970172,0.08430755227732825,0.19812039074461515,True,0.05064742862768046,0.16538772830884113,0.0,2.8,fastStorage,895.csv
23,359,17790.295503382415,49203.47030110094,0.7052394797563843,0.13673412661970183,0.6918572847232318,0.037590716970790854,False,2.407796083358396,-2.9004738694374623,0.0,69.26666666666667,fastStorage,895.csv
0,208,0.1717948717948718,0.5987364398422089,0.5263079645539096,0.3728793606451751,0.37143109180267175,0.5019457786122643,False,1.2824919601303302,-0.21941004534783737,0.0,0.4,fastStorage,1010.csv
1,218,3.832798165137615,18.821236179722415,0.7682921847221121,0.3395706227552293,0.6891768084219765,0.1953472902609055,True,0.491293373596827,1.1017851167134418,0.0,1.4,fastStorage,1010.csv
2,201,0.7180762852404644,3.065059318790662,0.5377540087588293,0.3098275779180332,0.4395295734050623,0.3319501205495255,True,0.18381727918029833,0.7510154046977295,0.0,0.6,fastStorage,1010.csv
3,194,0.186254295532646,0.6295683697745553,0.46683199425072136,0.22476147892803267,0.40916303406611537,0.23180485983211488,True,0.5079592656732008,1.2661086688246235,0.0,0.4,fastStorage,1010.csv
4,204,0.17908496732026144,0.6706385118149822,0.46839657947359575,0.31255217429053467,0.3488645783234861,0.445264036509454,True,0.7145315970903883,-0.4349118231215606,0.0,0.4,fastStorage,1010.csv
5,212,0.1687828288064137,0.6147993123228971,0.5094335115826736,0.34164992960116236,0.37788599911477905,0.4497670651737682,False,1.2560535365926302,-0.27469460666394896,0.0,0.4,fastStorage,1010.csv
6,221,0.22141779788838614,0.6241327300150828,0.5649781416426667,0.37993299508679995,0.41815214907779047,0.45222100516240066,True,1.24512399789391,-0.006588310580818876,0.0,0.4,fastStorage,1010.csv
7,224,0.6398365027829312,0.8950622294372295,0.5811035425793254,0.41406176133720424,0.40771826669475314,0.5077187525415547,True,1.2630126729489999,-0.3638668841966812,0.0,0.4,fastStorage,1010.csv
8,221,1.0075414781297136,1.0138978668390433,0.5628774719278371,0.4158422357560267,0.3793498166142987,0.5457948831395434,False,1.3602976916663783,-0.40648845145459844,0.0,0.4666666666666666,fastStorage,1010.csv
9,223,3.196562032884903,1.1940209267563529,0.5698965891612098,0.38236673992462833,0.42258466434194264,0.45016124270726504,False,1.3737975650563654,0.11504489072947613,0.0,0.45999999999999847,fastStorage,1010.csv
10,225,2.578137566137566,1.3372910052910052,0.5988039323766342,0.3334241913506329,0.4973876335936562,0.31004513826705554,False,1.0036617324926445,0.0186599388569673,0.0,0.5333333333333333,fastStorage,1010.csv
11,216,3.5657407407407398,1.2647762345679012,0.6356761630270422,0.4301945413297117,0.46799235127393024,0.4579920487053867,False,0.03176350694627761,0.3658168159295467,0.0,0.8,fastStorage,1010.csv
12,217,1.5271889400921659,1.1798771121351768,0.617392129422978,0.4998838216675474,0.36233852446087866,0.6555653416595693,False,0.5792765496455499,-0.21031577009275224,0.0,0.7333333333333333,fastStorage,1010.csv
13,228,2.730409356725146,1.129030910609858,0.6739368224531772,0.44991032437903644,0.501768413389519,0.44567014977552544,False,0.7677063655541629,-0.07690983963744795,0.0,0.7333333333333333,fastStorage,1010.csv
14,233,1.1244635193133048,1.109442060085837,0.6170283354487434,0.47911498164340927,0.38880946633471064,0.6029333209482958,False,1.0030443649493705,-0.28378768747678845,0.0,0.6666666666666667,fastStorage,1010.csv
15,231,1.675324675324675,1.0213564213564215,0.7335733963996129,0.637927357330476,0.3621858841459985,0.7562324489454665,False,0.923913881512609,0.10812520290007574,0.0,1.0,fastStorage,1010.csv
16,212,0.7380503144654087,0.8391509433962263,0.6155186759713486,0.4914887859071997,0.3705428636433155,0.6375947858471791,False,0.7053851130003482,0.11473743550245002,0.0,0.8,fastStorage,1010.csv
17,214,0.22910547396528708,0.6487538940809968,0.5861206073114759,0.4640793448663872,0.35800520664308516,0.6269176498664413,False,1.0164479602428542,-0.15954808201695986,0.0,0.623333333333333,fastStorage,1010.csv
18,221,0.23408748114630473,0.691704374057315,0.5349232017613319,0.420524999037163,0.33060785980885077,0.618017490473311,False,0.615845679040258,0.11445637725305322,0.0,0.5333333333333333,fastStorage,1010.csv
19,218,0.5096330275229357,0.7440366972477064,0.5832598758795682,0.46959160145372436,0.3459419180370826,0.6482110645659955,False,0.47012111615955865,0.10201501949145955,0.0,0.619999999999997,fastStorage,1010.csv
20,211,1.5045813586097951,0.6610697359512524,0.6000961922868019,0.4513079421629585,0.39552064590581615,0.5655932404925326,False,1.0005796769862423,0.04968883864945443,0.0,0.6,fastStorage,1010.csv
21,191,0.1839441535776614,0.7895287958115181,0.4508316166182501,0.32513434720196654,0.3123088260234985,0.5201121162310969,True,0.6161775273258814,-0.4481119069561262,0.0,0.4,fastStorage,1010.csv
22,193,0.16774611398963732,0.6625215889464593,0.4017684362915431,0.28281772195259786,0.28536294880326474,0.49552048158639866,False,1.2554208699565859,-0.15557303351519905,0.0,0.4,fastStorage,1010.csv
23,205,0.18283391405342622,0.49435897435897436,0.47078097887558873,0.2884307030397435,0.37207856645479703,0.3753575553313721,False,1.2532089909768318,0.33963132916672556,0.0,0.4,fastStorage,1010.csv
0,359,0.02155458283591986,4.399761241543971,0.026875637241388344,0.01057451526358771,0.024707883439721228,0.1548115631751874,False,0.07582788432764997,-10.193856285294576,0.0,0.4,fastStorage,769.csv
1,360,0.020185185185185164,4.412470492470492,0.07324096003110696,0.04268037482999676,0.05951994481389564,0.33958491752013137,False,0.3876872834102315,5.134591338106387,0.0,0.4,fastStorage,769.csv
2,360,0.02037037037037035,4.407962962962963,0.04745152400995189,0.021517777815609894,0.04229222586652404,0.20563380281690077,False,0.40546510810815684,8.30747160735696,0.0,0.4,fastStorage,769.csv
3,360,0.02185185185185183,4.44622507122507,0.05729294219933473,0.0366745674788802,0.04401655740847267,0.4097582917361718,False,0.3197867156542562,6.596845625611406,0.0,0.4,fastStorage,769.csv
4,360,0.5429629629629629,29.706931216931217,0.5919817531318147,0.0958742503912624,0.5841665209107162,0.02622933752287962,True,1.3198004324756694,3.1182783720234406,0.0,3.6033333333333344,fastStorage,769.csv
5,360,0.04481481481481479,5.336118827160493,0.16450058835703307,0.05984440533015269,0.15322888344072222,0.1323464207111202,False,0.7542745191893843,10.115320214142038,0.0,0.4,fastStorage,769.csv
6,360,0.021111111111111087,4.4364902998236335,0.08137189719953343,0.03412150972846497,0.07387224260641954,0.17583591819221533,False,0.47908955486724747,10.87862998238457,0.0,0.4,fastStorage,769.csv
7,360,0.021296296296296275,4.422116402116402,0.07763280461510023,0.028448772477073694,0.07223240060356582,0.13428778541906128,False,0.4448128845525033,9.728135951264038,0.0,0.4,fastStorage,769.csv
8,360,0.019814814814814792,4.400868945868946,0.06230559512893316,0.03565275468858725,0.05109665612822388,0.32744026616118016,False,0.34946573386537794,5.902537190656985,0.0,0.4,fastStorage,769.csv
9,359,0.022098421541318452,4.474041650086218,0.1011465392906378,0.05394788824165083,0.08555844648390294,0.28447679221886385,False,0.42851932353295463,5.394101713263974,0.0,0.4066666666666644,fastStorage,769.csv
10,360,0.020185185185185164,4.4319301994302,0.10679134356520716,0.053952131600722236,0.09216050431828407,0.2552378718714073,False,0.46039480594955323,5.538900130202545,0.0,0.4,fastStorage,769.csv
11,360,0.020555555555555535,4.424938271604938,0.07877181545517647,0.033171837642093985,0.07144668010167397,0.17733618143938293,False,0.5417269316380181,8.111185662256199,0.0,0.4,fastStorage,769.csv
12,360,0.021296296296296275,4.374475308641975,0.10404708782553881,0.049938701550606486,0.09127936553468606,0.23036401210956411,False,0.6186500569609386,7.390601751685179,0.0,0.4,fastStorage,769.csv
13,359,0.020866042035958442,9.574992262457442,0.21956860774862857,0.06826917747318473,0.2086856317905139,0.09667381216258207,False,3.3207305641911784,11.170921290337844,0.0,0.4,fastStorage,769.csv
14,359,0.022469823584029686,4.446120175089534,0.11368104320654786,0.03729416346296312,0.10738959426372176,0.10762313521048707,False,0.48890128803291555,12.535584882664445,0.0,0.4,fastStorage,769.csv
15,360,0.023148148148148126,4.465740740740741,0.16180313848734923,0.06595066359888024,0.14775237932170043,0.166136270460484,False,1.1849737753793734,11.160412331076042,0.0,0.4,fastStorage,769.csv
16,360,0.022962962962962935,4.466851851851851,0.08640759167603483,0.02573619831548143,0.08248587755196991,0.08871253453816945,False,0.5662223210835646,14.54777517273706,0.0,0.4,fastStorage,769.csv
17,360,0.020555555555555535,4.364351851851852,0.061452666078780714,0.017465961714154658,0.05891833627649216,0.08077994428969353,False,1.167605160155053,18.894517340099494,0.0,0.4,fastStorage,769.csv
18,360,0.02701388888888886,4.580203924162258,0.12718443626415601,0.04563720828013247,0.11871447278334246,0.12875680785313035,False,0.7578914001884325,7.10808118118417,0.0,0.4,fastStorage,769.csv
19,360,0.02611111111111109,4.584029982363315,0.09355268932014825,0.03655340813489102,0.08611593367522795,0.1526663062898105,False,0.5837120204996253,8.203051471117345,0.0,0.4,fastStorage,769.csv
20,359,0.02376973073351901,4.491776097625679,0.0540441678898086,0.03499660401755972,0.04118263942658287,0.41932826595119416,False,0.388638960157245,7.0545580717674925,0.0,0.4,fastStorage,769.csv
21,360,0.02259259259259257,4.45923611111111,0.06541128158362533,0.03615743667294682,0.05450940773530896,0.30555539208677185,False,0.38234639750819643,6.127711193510812,0.0,0.4,fastStorage,769.csv
22,360,0.0222222222222222,4.466620370370371,0.11501142465104543,0.04524386299732292,0.105738454033254,0.15475239928355192,False,0.8228589210607415,9.351029310091977,0.0,0.4,fastStorage,769.csv
23,358,0.026283586060122353,4.408344076779831,0.12349870621097539,0.04402422794474323,0.11538543144458965,0.12707457946329015,False,0.4454262758266683,10.239605118236089,0.0,0.4,fastStorage,769.csv
0,360,2.508220899470899,24.867559523809522,0.3269107500977952,0.31851524374871265,0.07361167046875972,0.9492968498760738,True,0.6009144467054794,0.31772668611563665,0.0,0.9833333333333332,fastStorage,745.csv
1,360,2.5116931216931215,25.011944444444442,0.3198868857665912,0.3110842678051749,0.07452649199825781,0.9457214188442982,True,0.5889282188541416,0.2949559733938435,0.0,0.9916666666666668,fastStorage,745.csv
2,360,2.5239550264550266,26.94816137566137,0.32405398691972304,0.31305391349226735,0.08371519387628536,0.9332619002694171,True,0.5942992129740607,0.29935471088287574,0.0,0.9916666666666668,fastStorage,745.csv
3,360,2.505634920634921,26.785211640211642,0.3219825694975733,0.3130676539064744,0.07524240252514253,0.9453914575503077,True,0.5890753216083768,0.31584812655550826,0.0,0.9833333333333332,fastStorage,745.csv
4,355,2.4751978537894033,24.373684156219372,0.31789283255986767,0.30909572218976,0.07426767477797265,0.9454194155650508,True,0.5844584928345481,0.3236777895882672,0.0,0.9833333333333332,fastStorage,745.csv
5,360,2.511111111111111,26.12312169312169,0.3205426413895271,0.3091873521619418,0.08456220321196864,0.930404532470389,True,0.593061435904518,0.2742722492682691,0.0,0.9670833333333335,fastStorage,745.csv
6,360,2.512420634920635,25.681851851851853,0.32375104966973245,0.3129172512878954,0.08305140582002048,0.9341930737376208,True,0.5895808536262457,0.3477954815414522,0.0,0.975,fastStorage,745.csv
7,360,2.719973544973545,27.793968253968256,0.37602390136136904,0.33692600048942273,0.16695761315144064,0.8028569130439057,True,0.6021576831922381,1.3986423488885145,0.0,0.9920833333333335,fastStorage,745.csv
8,360,21.412473544973544,35.68746031746032,0.4745917568671926,0.34407581435782103,0.32687791246930514,0.5256151945914033,True,0.6035655561617651,3.9319313822043314,0.0,0.9916666666666668,fastStorage,745.csv
9,359,2.410850245390635,36.52382278816819,0.37566941129351056,0.318340435433161,0.19946647274626936,0.7180785325727422,True,0.5794588377962316,1.9300285383975158,0.0,1.0,fastStorage,745.csv
10,359,2.394070831675288,25.481018702745725,0.3302583928275539,0.31756530235287417,0.09068012337092692,0.9246095252090586,True,0.5928695449287551,0.4206637218304275,0.0,1.000833333333333,fastStorage,745.csv
11,357,5.104948646125117,28.653781512605036,0.3766071601538898,0.33757714675476813,0.16695694974479888,0.8034686406583774,True,0.6121534954345237,1.9198087076749382,0.0,1.0083333333333333,fastStorage,745.csv
12,354,2.5454455776489673,28.297691942395335,0.36395711258194413,0.3174716079094185,0.17797909419478017,0.7608680736233185,True,0.6134121501078871,1.529017343944778,0.0,1.0029166666666665,fastStorage,745.csv
13,360,2.5619179894179895,26.431679894179894,0.3261711443274525,0.316368161900922,0.0793649893045532,0.9407938461247567,True,0.5953912049836925,0.26070603919706736,0.0,0.9916666666666668,fastStorage,745.csv
14,358,2.4540436286246337,24.93339984038308,0.3195874463027347,0.309960037635143,0.0778518522806239,0.9406585058851573,True,0.5770838811658024,0.32690594869074174,0.0,0.984583333333333,fastStorage,745.csv
15,360,2.5020502645502645,26.01527777777778,0.32373086330592726,0.3144906444860091,0.07679392155356818,0.9437288901685312,True,0.5929122808286456,0.29965625739381524,0.0,1.0,fastStorage,745.csv
16,360,2.513148148148148,25.33477513227513,0.32747769319546943,0.31930004885490426,0.07272632495789819,0.95068036665107,True,0.6064905544876822,0.28146669076384484,0.0,1.0,fastStorage,745.csv
17,360,3.214351851851852,31.313809523809525,0.34216051796197944,0.32346075311948214,0.1115659501971254,0.8936827957107922,True,0.6211603899917082,0.4343649186890061,0.0,1.0,fastStorage,745.csv
18,360,2.513201058201058,25.066455026455028,0.323317438099319,0.3157942040740011,0.06934108776457965,0.9540036846657829,True,0.6009797259153913,0.2746360022083359,0.0,0.9833333333333332,fastStorage,745.csv
19,360,2.5098148148148147,25.686878306878306,0.3274675301062157,0.3203304285313149,0.0679955868480408,0.956885340122618,True,0.6047658316287714,0.29174541918405844,0.0,0.9837499999999999,fastStorage,745.csv
20,360,2.515767195767196,24.954854497354496,0.3220204985211949,0.31455523614293274,0.06893623780641579,0.9541722937973733,True,0.5973037370593122,0.2671974726639794,0.0,0.975,fastStorage,745.csv
21,358,2.531284916201117,27.435195530726254,0.33605299674715056,0.31938629638473376,0.10451799033842649,0.9032688043342532,True,0.6170513689005925,0.29569201995663824,0.0,0.9916666666666668,fastStorage,745.csv
22,359,5.570122032099748,32.75933147632312,0.4250090066918114,0.3091227523596849,0.29167752697582494,0.5290121856401434,True,0.6666855865538397,0.990978747069448,0.0,1.4349999999999992,fastStorage,745.csv
23,360,2.6228703703703706,26.624285714285715,0.32632825914354735,0.3136241028648876,0.0901668166115041,0.9236543836454704,True,0.5986742539891752,0.28839426433644055,0.0,1.0004166666666667,fastStorage,745.csv
0,339,0.06922320550639134,21.22734934681837,0.7350563845950994,0.6120628443108688,0.4070466351023035,0.693347132877043,True,0.6917976837477688,-0.8311672552142317,0.0,2.4533333333333305,fastStorage,734.csv
1,343,0.20447035957240037,612.3661807580174,0.9809324031315756,0.5549297469096095,0.8088766009153217,0.32003527495298395,True,1.972026802595256,0.5388374593513238,0.0,9.2,fastStorage,734.csv
2,350,0.12152380952380952,41.891088435374144,0.8870014687912551,0.5933472334810971,0.6593259180088191,0.44747540068410596,True,0.2117141581974459,0.05270363174587881,0.0,6.366666666666666,fastStorage,734.csv
3,346,0.14643545279383427,105.79175930042982,0.8218708854770492,0.46127774998451965,0.6802165756316498,0.31500527131800443,False,0.4943831583539446,0.3444291179653965,0.0,3.125,fastStorage,734.csv
4,344,0.3401162790697674,34.616279069767444,0.6864310137571263,0.49337626198123585,0.47724983055110565,0.5166098781356598,False,0.12399659036452101,-0.24907422751146358,0.0,2.5,fastStorage,734.csv
5,343,0.21652089407191444,23.100680272108843,0.7423802089979424,0.5149139583879062,0.5347821894651378,0.4810791763014118,True,0.28682201507766963,-0.6023411845529698,0.0,2.696666666666666,fastStorage,734.csv
6,342,0.9945976051239209,46.122918407128935,0.9683188334369136,0.5859649589805734,0.7708997535578282,0.36619004518471987,False,1.5392980986352915,0.20951824565413749,0.0,7.579999999999995,fastStorage,734.csv
7,355,9.746358148893359,194.5011133467472,1.1447338225794954,1.0406995984587148,0.4768226822680874,0.8264978809663335,True,1.918943743111092,-0.9484631092784702,0.0,16.330000000000002,fastStorage,734.csv
8,356,14.43931692527198,551.7626359907258,1.2814886123759215,1.2344527663201619,0.3440049874255674,0.9279390512759029,True,2.574718123344543,-1.2460084040100194,0.0,23.991666666666667,fastStorage,734.csv
9,356,15.452173622257893,107.80679507758158,1.276025576024105,1.2255400695567378,0.3553769950046231,0.9224360597820186,True,2.5977348925072117,-1.1381759570093768,0.0,24.199999999999996,fastStorage,734.csv
10,353,14.4743558613247,99.99150141643061,1.2427149448903037,1.1911479243484593,0.35426975114179277,0.9187309651484207,True,2.5895993651772984,-1.148400329263106,0.0,23.66,fastStorage,734.csv
11,352,14.176785714285716,61.537067099567096,1.1737428440672493,1.1225597471623945,0.34282922578125774,0.9146880712335694,True,2.4512729121169685,-1.164289804679369,0.0,24.226666666666663,fastStorage,734.csv
12,352,10.45094696969697,98.17675865800865,1.135688655511496,1.091131454306415,0.31499344704402527,0.9230719962359326,True,2.3617802438159488,-1.2728460569655418,0.0,18.781666666666666,fastStorage,734.csv
13,355,14.30461099932931,118.04700536552652,1.2183502600676688,1.0806044865827016,0.5627355504891192,0.7866638840453041,True,2.59449654322625,-1.4287376312062532,0.0,20.863333333333337,fastStorage,734.csv
14,349,16.65109837631328,95.4762996316005,1.3211087270246642,1.2651641586015285,0.38037865398943566,0.9170998814308112,True,2.8407908299953286,-1.348099641481327,0.0,23.27333333333332,fastStorage,734.csv
15,347,15.991889666529433,64.6052010429532,1.2640409993978685,1.2103005106303613,0.3646537016494532,0.916777849913861,True,2.443688267530033,-1.4241696645881807,0.0,21.77,fastStorage,734.csv
16,347,6.807587273437418,119.89756468315544,1.1545629292070865,0.911401205642146,0.7087759870744006,0.6231376317949883,True,1.797809294329343,-0.5596140726451938,0.0,15.293333333333328,fastStorage,734.csv
17,346,0.9169556840077071,42.929689650426646,0.919747956053313,0.6421956902972413,0.6584231147430176,0.4875252466851967,False,0.9189136903459661,0.04502945094273534,0.0,5.925000000000001,fastStorage,734.csv
18,343,0.16289046230737192,21.811078717201166,0.6948193544722108,0.5016826365940573,0.480716618694647,0.521331930809244,True,0.21948937805778088,-0.45960173714196983,0.0,2.566666666666667,fastStorage,734.csv
19,344,0.23953488372093024,23.68473145071982,0.7979057873096024,0.6432257847180307,0.4721379409622044,0.6498657678332799,False,0.5275494665936928,-0.5179523205148024,0.0,3.466666666666667,fastStorage,734.csv
20,340,0.11411764705882352,21.74348739495798,0.7795718959231916,0.6812573079157681,0.37897337812126053,0.7636775079160483,False,0.228742530786185,-0.42509210618348714,0.0,3.6033333333333344,fastStorage,734.csv
21,345,0.11942028985507243,53.130407177363686,0.7475929987571491,0.6087163345368225,0.43400428092216115,0.6629785245546523,False,0.49472224445748125,-0.6935714814964674,0.0,2.9933333333333354,fastStorage,734.csv
22,340,0.1341456582633053,38.075336134453785,0.6797136421385186,0.4837760421225566,0.4774634817213191,0.5065668212921767,False,0.912860515567309,-0.5231823119518205,0.0,2.501666666666667,fastStorage,734.csv
23,339,0.22064896755162242,52.86902654867257,0.754015897076008,0.6279665663298082,0.4173702967573132,0.6936047193254969,False,0.4360876082060692,-0.5505018902362412,0.0,2.9099999999999966,fastStorage,734.csv
0,360,0.0,0.18847883597883594,0.12351279500702482,0.02969883932676477,0.11988907153318998,0.057816933578851794,True,0.21242384341473441,-0.09409343386211207,0.0,1.0666666666666669,fastStorage,1179.csv
1,360,0.0,0.1875396825396825,0.13231029531870883,0.024878155698784765,0.1299503428866233,0.03535485703535221,True,0.21526282871765662,-0.34071866585427607,0.0,1.0666666666666669,fastStorage,1179.csv
2,360,0.0,0.19398148148148142,0.1245235057627839,0.013632298570340816,0.12377505371900736,0.01198492996395118,True,0.19678523098627737,0.21199210822094566,0.0,1.0666666666666669,fastStorage,1179.csv
3,360,0.0,0.19260582010582009,0.11662809142790576,0.014291896477335147,0.11574909677918474,0.015016661329649064,True,0.19444277026420728,0.12128023070840004,0.0,1.0666666666666669,fastStorage,1179.csv
4,354,0.0,0.1913909066451439,0.11988896241941865,0.015111822918581357,0.11893273778940018,0.015888222331623847,True,0.19127429474692814,0.02588155608789899,0.0,1.0666666666666669,fastStorage,1179.csv
5,360,0.0,0.1910185185185185,0.12213706516110687,0.016728390164252094,0.12098604733059516,0.018759157865828893,True,0.2009211346132629,0.15102713894115283,0.0,1.0666666666666669,fastStorage,1179.csv
6,360,0.0,0.19265873015873014,0.1228084045890151,0.014105572799569392,0.12199564358490542,0.013192444459805476,True,0.21829340297500507,-0.015770175979090355,0.0,1.0666666666666669,fastStorage,1179.csv
7,359,0.0014856081708449396,0.254622628995888,0.12320035079678428,0.014430258273192283,0.12235233582821241,0.013719058863496633,True,0.206938290187113,0.2054687264692819,0.0,1.0666666666666669,fastStorage,1179.csv
8,360,0.0,0.19185185185185183,0.12827630857058875,0.017472595585394206,0.12708076071540553,0.018553333136028406,False,0.19672972021931562,-0.65049883341233,0.0,1.0666666666666669,fastStorage,1179.csv
9,357,0.0,0.1944244364412431,0.1631121909937739,0.03022584788384233,0.16028719527926175,0.03433872311935377,False,1.918626875305249,-4.606166919894854,0.0,1.0666666666666669,fastStorage,1179.csv
10,358,0.0,0.19456586244295737,0.12027587713401866,0.024606089395734707,0.11773201342458503,0.04185314802893925,True,0.19885192660164627,0.2743733419063348,0.0,1.0666666666666669,fastStorage,1179.csv
11,358,0.003165735567970205,0.19800478850758177,0.14433637633225813,0.030627163935886246,0.14104951741133887,0.04502585523225454,True,0.2028014038848512,1.0113316958620615,0.0,1.0666666666666669,fastStorage,1179.csv
12,355,2.554822266934943,0.18823608316566057,0.18204649254974314,0.08782554337067236,0.15946033795684064,0.2327432310262213,False,0.1525086860195784,0.7050077957230849,0.0,1.0666666666666669,fastStorage,1179.csv
13,360,0.019708994708994707,0.19677248677248677,0.22158872320979314,0.07344013296150757,0.20906484430516384,0.10984280095879034,False,0.03974893230220757,0.3381368555778573,0.0,1.0666666666666669,fastStorage,1179.csv
14,357,0.0,0.1958650126717353,0.12311385729850353,0.025728404865393094,0.1203954776642325,0.043672881327157465,True,0.19565358646321462,0.22882263665567054,0.0,1.0666666666666669,fastStorage,1179.csv
15,360,0.0,0.19486263736263737,0.12141294964878092,0.01931540793690948,0.11986667326095352,0.025309161044039057,True,0.19558232992694316,0.06511298828990861,0.0,1.0666666666666669,fastStorage,1179.csv
16,360,0.0,0.19567460317460317,0.12291841524416255,0.018542161793816764,0.12151183087316353,0.02275552333030089,True,0.19999736200554497,0.22643172091747857,0.0,1.0666666666666669,fastStorage,1179.csv
17,360,0.0,0.1911375661375661,0.12099771701499158,0.020564149860507492,0.11923742392116064,0.02888465388955394,True,0.19078937740060306,0.19082287304348408,0.0,1.0666666666666669,fastStorage,1179.csv
18,360,0.0,0.19482804232804227,0.12714326709933746,0.016019591329775328,0.12613002442844629,0.015875087642068575,True,0.20143099817705443,0.23745907072401812,0.0,1.0666666666666669,fastStorage,1179.csv
19,360,0.0,0.20866402116402114,0.1256092887796777,0.0190261616340776,0.12415997181543825,0.022943456734282594,True,0.2118088703693617,-0.5002281630643554,0.0,1.0666666666666669,fastStorage,1179.csv
20,360,0.0,0.19304793971460635,0.12517389254700606,0.017294306403762033,0.12397342594839514,0.01908880681337905,True,0.21628781713211984,-0.16794745802483196,0.0,1.0666666666666669,fastStorage,1179.csv
21,357,0.0,0.19177004134987324,0.12313242793750456,0.023243823633916184,0.12091864815924859,0.035634466156286286,True,0.21440122580544585,-0.7922418726341787,0.0,1.0666666666666669,fastStorage,1179.csv
22,359,0.0,0.19262501658044828,0.13162048501349616,0.019937581652630383,0.13010167144596052,0.022945524233158602,False,0.21482136315880854,-0.38631543571010774,0.0,1.0666666666666669,fastStorage,1179.csv
23,360,0.0,0.1913095238095238,0.1252299447306723,0.02849463622459415,0.12194504813101388,0.0517737778690075,False,0.206434253948805,-0.4788210555431168,0.0,1.0666666666666669,fastStorage,1179.csv
0,203,115.40197044334974,1.7274220032840721,1.1683381614881154,0.35693906340213666,1.1124785681562745,0.09333639759045097,True,2.9980831115455615,1.028705946942065,0.0,6.65333333333333,fastStorage,1091.csv
1,233,447.6137339055794,1.65035765379113,1.8939729062631638,0.40841637265856506,1.8494132680943312,0.04650062215875726,True,3.473895990547399,0.10274938617127242,0.0,13.733333333333333,fastStorage,1091.csv
2,176,27.53901515151515,1.6939393939393939,0.7061098862768422,0.39559704161395287,0.584888153550902,0.31387844045363783,False,1.247356532701277,-0.33545475088898097,0.0,0.7333333333333333,fastStorage,1091.csv
3,171,29.281147312726254,1.7225563909774437,0.7410585811648341,0.40702068905286076,0.6192753663766802,0.3016670588973284,False,1.0091062287100623,-0.08213570896839585,0.0,0.8,fastStorage,1091.csv
4,226,529.2625368731564,1.6545722713864304,1.892180364831689,0.45410929106227077,1.8368808575477902,0.057596449484777934,True,3.2954818307690092,-0.14689957334789275,0.0,12.450000000000001,fastStorage,1091.csv
5,228,484.0219298245614,1.6728070175438596,1.8266338065701229,0.4606915327671323,1.7675843331907892,0.06360884038126975,True,3.198190264277782,0.0014884229210604819,0.0,12.4,fastStorage,1091.csv
6,216,47.48959435626102,1.655731922398589,0.7604437803126656,0.29048047293898416,0.702777232028302,0.14591490667350404,False,1.1895245623289337,-0.5122219060637865,0.0,1.0,fastStorage,1091.csv
7,206,39.108391123439674,1.6587609801202032,0.7503417165223728,0.28922510736288676,0.6923593928189806,0.14857775674331966,False,1.2362265108097272,-0.4146676591505759,0.0,0.8,fastStorage,1091.csv
8,259,479.5002941717227,1.6749034749034752,1.8526005469593103,0.4859246708821648,1.7877376767361581,0.0687977638526408,True,3.267046408457058,0.036768484430735854,0.0,12.539999999999997,fastStorage,1091.csv
9,262,410.0372294372294,1.6747265457189122,1.7534619397094307,0.43961403065111304,1.6974593597680745,0.06285653005624181,True,3.169514224181583,0.2027075319255149,0.0,12.498333333333333,fastStorage,1091.csv
10,219,45.22907153729072,1.7169167210263103,0.7924886059903622,0.4162972446422215,0.6743402662809347,0.27594404048003107,False,1.3186192003939219,-0.3492581646168827,0.0,1.1333333333333333,fastStorage,1091.csv
11,234,45.400223850223846,1.7370980870980872,0.750099827212455,0.3479343638697683,0.6645234602500462,0.21515751387562776,False,0.9968822790201498,-0.42193374298034525,0.0,1.0666666666666669,fastStorage,1091.csv
12,280,438.9625651927438,1.689640022675737,1.7339003806166091,0.45117181808433826,1.6741727869216174,0.06770732320450391,True,3.185697399293251,0.11909953538987345,0.0,12.933333333333332,fastStorage,1091.csv
13,252,467.39281305114633,1.7229276895943564,1.7688726216266641,0.49576436159499704,1.6979776351037998,0.07855204355941178,True,3.0891485557980283,-0.09530071064168723,0.0,12.666666666666668,fastStorage,1091.csv
14,237,49.8423347398031,1.7253164556962024,0.8829344995772568,0.46529313228348396,0.7503836562676224,0.27771306491356207,False,1.3320699980973116,-0.22201240164058123,0.0,1.479999999999999,fastStorage,1091.csv
15,248,48.50613405411792,1.7407051282051282,0.8290641012426855,0.5092643453620499,0.6542148809927091,0.3773204310335285,False,1.264754429213145,-0.42639684272333067,0.0,1.5333333333333334,fastStorage,1091.csv
16,273,431.48030733003264,1.7244002334661677,1.7237108843364406,0.3499436132610064,1.687814764812106,0.04121613800185129,True,3.114717000603538,0.10397298877933894,0.0,12.359999999999998,fastStorage,1091.csv
17,239,470.36197947798354,1.6966626818091257,1.7743444063544798,0.5648892541907512,1.682022057780827,0.1013563081277235,True,3.187139269213203,0.01126385891998601,0.0,12.406666666666666,fastStorage,1091.csv
18,229,40.69885631108339,1.7475254730713243,0.7326104243473959,0.36201651153668635,0.6369160692252,0.24418027037782283,False,1.031623884856641,-0.43235802211527474,0.0,1.1066666666666665,fastStorage,1091.csv
19,206,39.84926028663893,1.7741100323624597,0.7097905192950428,0.3348507628576128,0.6258414718559334,0.22255748095057581,False,0.8828085025553045,-0.25805970000294925,0.0,1.1333333333333333,fastStorage,1091.csv
20,236,469.6740787108372,1.7044317264656248,1.8400377111401833,0.4870316600943472,1.7744122803012128,0.07005851704988533,True,3.230732032409219,0.02560493094656908,0.0,12.4,fastStorage,1091.csv
21,243,487.79611992945337,1.7339996080736821,1.7992601463316578,0.6393589604639872,1.6818314998393353,0.12627041020418245,True,3.2047386024855973,-0.07251497933436321,0.0,12.593333333333332,fastStorage,1091.csv
22,255,510.162502334267,1.7540989729225025,1.8561013201821785,0.4411874680926703,1.8029048030276047,0.05649928819234769,True,3.20748827778933,-0.09475435949370213,0.0,12.753333333333332,fastStorage,1091.csv
23,209,489.5871439963546,1.723917748917749,1.8122867208144957,0.48632662807321186,1.7458148725645275,0.07201157044215208,True,3.0847763220796525,-0.08102556439385382,0.0,12.533333333333331,fastStorage,1091.csv
0,359,103.33643719326172,393.0499933678206,0.36075008335906644,0.11663594825443835,0.3413746888952977,0.10453265205646235,True,0.7771694274218952,0.796365505071974,0.0,6.939999999999998,fastStorage,870.csv
1,360,72.9998544973545,319.01626984126983,0.3678327584873063,0.19472578563494217,0.31206218390768775,0.280250322658551,True,0.8493043763732977,0.941115124825427,0.0,6.666666666666666,fastStorage,870.csv
2,360,73.9806684981685,332.33342592592595,0.428222853483554,0.21511055791959388,0.37027322360267745,0.2523386476137478,True,0.8133346553255757,1.169650720821218,0.0,6.866666666666666,fastStorage,870.csv
3,360,57.13600529100529,285.364417989418,0.35879721070328313,0.15241237502816948,0.32481672731977457,0.1804439581587778,True,0.8387489708225592,1.261791281605236,0.0,6.333333333333334,fastStorage,870.csv
4,360,51.81391534391534,390.0883201058201,0.35673357285994745,0.17719788046235108,0.3096122626206425,0.24673404492405737,True,0.6918799922471964,1.8558129001119978,0.0,6.133333333333334,fastStorage,870.csv
5,360,29.63399470899471,220.17290343915343,0.29474701694232924,0.11062887841263212,0.27319783172193146,0.14087637956529134,True,0.4550999380346058,1.6075888966342746,0.0,5.803333333333334,fastStorage,870.csv
6,360,22.70394586894587,206.28700854700858,0.2816895619293225,0.07686009082650416,0.2710009884448305,0.07444924157185932,True,0.451408430710438,1.1750352659012107,0.0,4.533333333333333,fastStorage,870.csv
7,359,54.72561347658841,313.5652739090065,0.34562239950124923,0.12147562140278993,0.3235715012818761,0.12353058461282465,True,0.5355377613041811,0.9337640416506362,0.0,5.613333333333329,fastStorage,870.csv
8,360,60.44994708994709,339.4476455026455,0.37276973970639976,0.1521551670419176,0.34030292973059045,0.16660656462682635,True,0.6644489752757982,0.7715616265839441,0.0,5.7500000000000036,fastStorage,870.csv
9,359,45.42728478578061,299.61201750895344,0.35120287146856066,0.14085752951813935,0.32171822035099107,0.16085850126264536,True,0.5229454326251056,0.8932539374811875,0.0,5.466666666666666,fastStorage,870.csv
10,360,41.200317460317464,282.5489550264551,0.34445028621023505,0.13662523947620855,0.3161954199674333,0.15732899645837778,True,0.64014332723747,0.8837207010384092,0.0,5.073333333333335,fastStorage,870.csv
11,360,41.71009259259259,289.7655952380952,0.34489877492915827,0.14546747527014997,0.3127209276434221,0.17788875641328386,True,0.6332966225927442,0.8615033383971781,0.0,5.4,fastStorage,870.csv
12,360,60.804404761904756,347.43014550264553,0.3711271850203627,0.14624724862653665,0.3410969506317911,0.15528513133102145,True,0.5711841747957204,1.2910093351472238,0.0,5.803333333333334,fastStorage,870.csv
13,360,56.488425925925924,338.9080046805047,0.370509575973335,0.1532739463854578,0.3373194972831667,0.17113459244578821,True,0.5640400832832327,1.054598337191323,0.0,5.666666666666666,fastStorage,870.csv
14,360,39.99273809523809,286.65093203093204,0.3325885111085946,0.12671442580442838,0.307503775610131,0.14515688305265903,True,0.5759441833378441,0.9819484428178042,0.0,5.140000000000002,fastStorage,870.csv
15,360,39.87162457912458,285.0677454489955,0.32866183136187543,0.11992880885612435,0.3059994774513399,0.13315224669010878,True,0.49503619188799763,1.8673050777502294,0.0,4.336666666666667,fastStorage,870.csv
16,360,28.019537037037036,422.6359523809523,0.31634200021879305,0.1301540478345288,0.28832652485457183,0.16927843921078345,True,0.45259490043409567,1.8285919486814621,0.0,4.533333333333333,fastStorage,870.csv
17,360,37.89329365079365,271.0484391534391,0.31310844510593333,0.1436346468841985,0.27821931387146165,0.21044027425343623,True,0.459396223481079,1.2540946403566566,0.0,4.873333333333336,fastStorage,870.csv
18,360,37.353759018759014,270.9747210197211,0.31351916290018134,0.12478315415871209,0.2876168109548423,0.15841041673896006,True,0.46308547918118204,1.235662038198358,0.0,4.8800000000000034,fastStorage,870.csv
19,360,38.85107142857142,271.6320899470899,0.31295532169938384,0.11195399170451065,0.29224533721069224,0.1279718604759747,True,0.4385577321970412,1.093720053905017,0.0,4.673333333333336,fastStorage,870.csv
20,360,61.06076719576719,533.8613492063492,0.3820441381458051,0.11897359080113623,0.36304684020585387,0.09697818635088287,True,0.5632942758460798,1.5487112345678882,0.0,6.003333333333334,fastStorage,870.csv
21,360,32.6648569023569,251.83981240981237,0.2948558002814592,0.12374775818486736,0.2676311553310626,0.17613891997712652,True,0.3771493348816283,2.067858764172287,0.0,4.466666666666667,fastStorage,870.csv
22,360,32.240502645502644,310.18367724867727,0.29271458693955543,0.11136192781057934,0.2707034363311738,0.14473872758659087,True,0.39777487680515844,1.7501309166063592,0.0,4.6,fastStorage,870.csv
23,359,87.46185170447009,376.4990582305345,0.3233016751892999,0.07685929032593503,0.31403283693079176,0.056516704538408895,True,0.6343610658527143,1.1617314811378305,0.0,6.733333333333333,fastStorage,870.csv
0,360,3734.384847883598,0.22670634920634916,1.4245834223920237,1.3792600852829648,0.3564821797781754,0.9373819012710202,True,2.5210217067577583,0.845323250460397,0.0,39.95333333333334,fastStorage,1025.csv
1,360,3681.3897486772485,0.22289682539682537,1.4459377828795172,1.3914390357700885,0.3932346394886134,0.9260387364202863,True,2.6520982578180052,0.8643699511241734,0.0,37.206666666666685,fastStorage,1025.csv
2,360,3837.242103174603,0.2291137566137566,1.4839075569484759,1.4602888915518821,0.26370057030459787,0.9684202676386774,True,3.1072595737433995,0.9695589744518609,0.0,43.24333333333335,fastStorage,1025.csv
3,360,3854.3676984126982,0.22347883597883597,1.5057514015519473,1.5002079380458488,0.12908689282757133,0.992650500877065,True,3.317011585487001,1.181438080151149,0.0,46.61333333333334,fastStorage,1025.csv
4,354,4589.607761635727,0.2258676351896691,1.5374423156645538,1.508260341657916,0.29812684511451293,0.9623985573152147,True,2.7508525524509646,0.9381809070908871,0.0,48.71666666666652,fastStorage,1025.csv
5,360,3822.475,0.22757936507936505,1.4470314415731231,1.4150609824721114,0.3024936508197387,0.9563004875607869,True,2.6891728332622176,1.170504315913268,0.002777777777777778,49.59000000000003,fastStorage,1025.csv
6,360,3088.19078042328,0.22634920634920633,1.3530772103321143,1.3277814415366584,0.2604119441019743,0.9629595170245921,True,2.670515597845748,1.6056686462554968,0.002777777777777778,45.42000000000009,fastStorage,1025.csv
7,359,2699.6337179997345,0.2913914312243003,1.2975986210282129,1.286856251944509,0.16662283194583405,0.9835112295346199,True,2.6219871524036593,1.687189338815497,0.0,38.76666666666665,fastStorage,1025.csv
8,360,3594.9980423280426,0.22268518518518515,1.4472494965165894,1.36938530394956,0.46831078836013595,0.8952916029972485,True,3.006162193589285,1.313892035479467,0.0,48.75666666666667,fastStorage,1025.csv
9,357,4651.988435374149,0.21984793917567025,1.5733651162025175,1.5633219972192167,0.1774883711500016,0.9872743265825482,True,3.3055369201088225,1.0656660732877916,0.0,57.679999999999986,fastStorage,1025.csv
10,357,3895.7234427104167,0.22490329465119374,1.464214893252527,1.4373806751018066,0.279037718716276,0.9636824799116371,True,2.9195608731053975,1.215155370906958,0.0,54.06666666666667,fastStorage,1025.csv
11,358,3213.0939877627025,0.2364990689013035,1.3665813885787461,1.3438592904419489,0.24816707900661739,0.9670225299670937,True,2.8336481259799546,1.4998112951678002,0.0,50.46666666666667,fastStorage,1025.csv
12,353,3481.5325644138675,0.220315661675435,1.4446724867094831,1.3878293660198124,0.40125832660320854,0.9228547285461903,True,2.834990574849572,1.1893298141886255,0.0,48.42666666666666,fastStorage,1025.csv
13,358,3088.2810853950514,0.2248603351955307,1.4023825687578484,1.3722205440934718,0.28928817383999206,0.957447179637803,True,2.7604889885572956,1.1088557163300512,0.002793296089385475,43.01999999999997,fastStorage,1025.csv
14,358,2875.9627826549613,0.21654695397712156,1.3644396282889961,1.3493132710442945,0.20260601133520426,0.9779506391642465,True,2.8246475330580654,1.0867507858172758,0.0,26.6,fastStorage,1025.csv
15,360,2409.7361212861215,0.2190221815221815,1.2954262318225618,1.2504223104658538,0.33848658405206733,0.9317256544357737,True,2.922039743263751,1.636583281978154,0.0,27.543333333333333,fastStorage,1025.csv
16,360,1792.6182275132276,0.2198941798941799,1.1485467093379158,1.1134532999281979,0.2817468587401839,0.9398243428558429,True,3.2367759128508213,2.230078463550403,0.0,23.09666666666667,fastStorage,1025.csv
17,360,1610.3837433862432,0.21933862433862433,1.0893699367217275,1.0821533585254184,0.12518373562591034,0.9867947981913664,True,3.060905328454055,2.4649600977360433,0.0,19.35666666666667,fastStorage,1025.csv
18,359,1380.0810717601803,0.2181987000928505,1.02764388540088,0.9940902352133115,0.26045452473581604,0.9357639942606838,True,2.88203184413237,2.6707211015763432,0.005571030640668524,19.619999999999948,fastStorage,1025.csv
19,360,1192.5865343915343,0.219047619047619,0.9309537913431333,0.9237354586934506,0.1157055053511045,0.9845527278836008,True,2.8926801304997567,3.1847839508538294,0.002777777777777778,8.933333333333334,fastStorage,1025.csv
20,360,1259.8401851851852,0.22037037037037033,0.9299658187048312,0.9218364956111265,0.12269433287134414,0.9825933564987636,True,2.7864038635090944,3.255557273005014,0.0,8.0,fastStorage,1025.csv
21,357,1189.3731625983723,0.21719354408430033,0.9400140610176779,0.905976137377038,0.25066645849480756,0.9288911343845642,True,2.6190482759252554,3.1981397959374713,0.0,8.613333333333332,fastStorage,1025.csv
22,358,4068.9909018355943,0.21931364724660812,1.4319837586990345,1.269422623710508,0.6626791739520305,0.7858438948227968,True,2.604149835530841,0.7406038647043403,0.0,34.50333333333328,fastStorage,1025.csv
23,360,3612.745052910053,0.2231084656084656,1.4229538462438882,1.3418643014172718,0.47349534857505393,0.8892739502716029,True,2.6567430487912835,0.7861451482548588,0.0,36.696666666666665,fastStorage,1025.csv
0,360,8.74699074074074,1998.9899999999998,1.4380089439397528,0.30190128878325023,1.4059606447841049,0.04407646534102625,True,3.5979846753009057,1.6743599899442747,0.0,80.28333333333336,fastStorage,593.csv
1,360,3.3796296296296298,9.01537037037037,0.286611151416444,0.27517663456131086,0.08014843671445208,0.9218005057792853,True,0.3420283485342047,2.062191547063436,0.0,2.983333333333333,fastStorage,593.csv
2,360,3.716666666666667,16.181296296296296,0.28586149774307423,0.26732078617662725,0.10127385235006892,0.8744885545513844,False,0.9543153176265328,2.0782055239858024,0.0,2.975,fastStorage,593.csv
3,360,2.707962962962963,6.619814814814815,0.27356815289271774,0.2725728907950505,0.02331423343716978,0.9927370809290438,False,0.9773540586522295,2.315059552843507,0.0,2.975,fastStorage,593.csv
4,355,2.5440375586854462,6.19943661971831,0.2746196722076736,0.27358732943843356,0.023789441653727008,0.9924957860186114,False,0.9788063881275598,2.3231568192798178,0.0,2.9691666666666667,fastStorage,593.csv
5,360,2.5627777777777774,6.217037037037037,0.27468772544651177,0.27372244258817546,0.023008062381286744,0.992984129147086,False,0.9815181339005906,2.3138329805360938,0.0,2.966666666666667,fastStorage,593.csv
6,360,2.7948148148148144,6.743333333333333,0.27435926494444235,0.2732940321559423,0.024153224397613773,0.9922498345983443,False,0.9777930987278589,2.2948515713994118,0.0,2.975,fastStorage,593.csv
7,360,3.142962962962963,9.174814814814814,0.276165016254926,0.27499916784756584,0.025349041130382985,0.9915746927611786,False,0.9742581302150304,2.2131629558499135,0.0,2.975,fastStorage,593.csv
8,360,4.71037037037037,581.3412457912457,0.667118455034421,0.6397495770534637,0.18912300681679936,0.9196320634641586,True,1.6291469760002135,4.400991082339615,0.005555555555555556,3.0254166666666666,fastStorage,593.csv
9,359,4.942989786443826,651.3910863509749,0.715393760741763,0.6356735835116076,0.3281879463565868,0.7895470798113003,False,2.1652488955498583,4.567525871959406,0.005571030640668524,2.9924999999999997,fastStorage,593.csv
10,358,4.136685288640596,88.92458100558659,0.4450001232219436,0.36501350700646235,0.25453928846130663,0.6728180104070562,False,1.2264280249350419,5.303698926408664,0.0,3.0,fastStorage,593.csv
11,358,9.758845437616387,680.1819366852886,0.7126475491575845,0.6907012744464266,0.17549438395115188,0.9393575338788087,True,1.6080381871186633,4.1945716952029795,0.002793296089385475,3.075,fastStorage,593.csv
12,352,4.892234848484849,598.575,0.6639154764109142,0.6147777169298493,0.25066335708366544,0.8574536443665564,True,1.6014184362852089,4.6249448296018665,0.0,3.0370833333333334,fastStorage,593.csv
13,360,3.8464814814814807,97.76648148148146,0.4317624513683256,0.32470415722943496,0.28458043623817164,0.5655694681616058,True,0.9819429603561474,5.3027347350245515,0.0,2.9512500000000004,fastStorage,593.csv
14,357,3.5385620915032687,8.45639589169001,0.29561397250444965,0.2946413507573214,0.02396028304846629,0.9934304749471142,True,0.8700405057815257,1.8501093455201685,0.0,2.9766666666666666,fastStorage,593.csv
15,360,3.905,30.428148148148153,0.32315965456825435,0.3161199506720017,0.06708456698678683,0.9569065790946292,True,0.9335524915574647,2.3225712636482663,0.0,2.9920833333333334,fastStorage,593.csv
16,360,3.769259259259259,8.952962962962962,0.29338938656017455,0.29241276684100204,0.02391873605659973,0.9933535819445022,True,0.35395909553516275,1.8711771362272536,0.0,2.983333333333333,fastStorage,593.csv
17,360,3.4703703703703703,8.350555555555557,0.29410903723544485,0.29303196578564017,0.02514742156491675,0.9926891110777567,True,0.3482636530723663,1.8822396714998133,0.0,2.975,fastStorage,593.csv
18,360,3.458769841269841,8.284834147334148,0.29339248407766666,0.29224879863846753,0.02588028994498185,0.9922189123630115,False,0.8653707818191656,1.8623302808147284,0.0,2.975,fastStorage,593.csv
19,360,3.2222222222222223,7.65037037037037,0.29397412783347165,0.292879513044096,0.02534519036234573,0.9925668500531762,False,0.8711089304577331,1.8943493704111387,0.0,2.9670833333333335,fastStorage,593.csv
20,360,3.1885025853775852,7.598152056277056,0.2933918598217253,0.29241854915611726,0.023878348332376884,0.9933761201483428,False,0.8723794330873959,1.9147553115829998,0.0,2.9670833333333335,fastStorage,593.csv
21,358,3.352513966480447,8.213594040968342,0.2924931430868354,0.29159151762985286,0.02294832453873575,0.9938443972149376,True,0.3473412659421142,1.9172282817370037,0.0,2.975,fastStorage,593.csv
22,359,3.026926648096565,7.301578458681522,0.2939299024998806,0.29302650034411803,0.023027324631139753,0.9938623880618391,True,0.34962891556204684,1.9076893055047437,0.0,2.975,fastStorage,593.csv
23,360,44.82592592592592,17308.08111111111,1.0314587014969312,0.08010267328187327,1.0283436267254409,0.006031013940033929,True,1.5966071313903902,-0.7784222161932427,0.08055555555555556,90.66666666666666,fastStorage,593.csv
0,359,0.0,11.631282181142904,0.13625905155813445,0.11962048446434673,0.06524928220323464,0.7706911831566312,True,0.19377404466910342,1.4783652386087258,0.0,4.4,fastStorage,159.csv
1,360,0.0,11.609541847041847,0.14833804174318513,0.13612461066530046,0.05894289608954852,0.842108824433237,True,0.24938451454738875,1.630593412790508,0.0,4.806666666666668,fastStorage,159.csv
2,360,0.0,11.62175925925926,0.14708110617454748,0.13472856332446817,0.05900055947237526,0.8390842755602549,True,0.20032797705280037,1.949085444762132,0.0,5.0,fastStorage,159.csv
3,360,0.0,11.631990740740743,0.15371766534705256,0.13679750304667776,0.07011108186258892,0.7919700916980482,True,0.21058715793941785,1.6598355785707186,0.0,5.0,fastStorage,159.csv
4,355,0.4219718309859155,30.318881064162756,0.23885292191523855,0.14844883676098453,0.18711937679395374,0.3862713352167006,True,0.3879606680409826,1.62419502229512,0.0,6.0,fastStorage,159.csv
5,360,0.0,11.655198412698413,0.17023873199392436,0.16052651431678827,0.05667860330143301,0.8891536166719953,True,0.23800659675314217,1.4834081348964463,0.0,5.0,fastStorage,159.csv
6,360,0.0,12.192396723646723,0.14992448003937114,0.13824901096460823,0.05800483326743943,0.8503132831480225,True,0.20994082065979414,1.5916232529420273,0.0,4.936666666666667,fastStorage,159.csv
7,360,0.0,11.647962962962962,0.14597885201234795,0.13376599714892257,0.05845069068537548,0.8396756799294984,True,0.20249919461590515,1.5776143610563342,0.0,5.0,fastStorage,159.csv
8,360,0.0007407407407407406,11.683302469135803,0.15307252809288527,0.14048139081876906,0.060796197992731796,0.8422540087270405,True,0.22518465109324315,1.6659585894269793,0.0,5.0,fastStorage,159.csv
9,358,0.0,11.656610800744875,0.15343199734487178,0.1396075197907459,0.06364839532237437,0.8279149903654438,True,0.2259033131467323,1.5103115493540973,0.0,5.0,fastStorage,159.csv
10,358,0.0,11.639305666400638,0.1475042773810836,0.1305247649948175,0.06870806043517266,0.7830267724435179,True,0.2145689451418915,1.489114799733206,0.0,4.876666666666665,fastStorage,159.csv
11,357,0.0,11.700411275621358,0.16541311688586685,0.13909431471956857,0.0895224600342902,0.707096793896046,True,0.21568435642704853,1.3947391883830034,0.0,5.0,fastStorage,159.csv
12,353,0.0009442870632672328,11.718913845046991,0.15826067008838293,0.1353460609884487,0.08202367628761302,0.7313836396241085,True,0.22655450046098524,0.9163202517142068,0.0,5.0,fastStorage,159.csv
13,358,0.0,11.62290502793296,0.145377523586101,0.13652949355418637,0.04994318525950024,0.8819793666117743,True,0.2229761221899973,0.9670298931522479,0.0,4.2,fastStorage,159.csv
14,357,0.0,11.643833290892115,0.15807671377055896,0.14502404289970475,0.06289892222863483,0.8416745941235931,True,0.23105388876617794,1.2249596704988406,0.0,5.0,fastStorage,159.csv
15,360,0.0,11.653875661375661,0.14940623003312944,0.13297610401453439,0.06811444291652191,0.7921543194652395,True,0.21615810553681203,1.1974587183441332,0.0,4.403333333333334,fastStorage,159.csv
16,360,0.00018518518518518499,11.621650132275134,0.14711124708756534,0.12970431443502492,0.06941548700829608,0.7773508734577925,True,0.2097792027349612,1.413967550755107,0.0,4.666666666666667,fastStorage,159.csv
17,360,0.0,11.635802469135802,0.147224130401774,0.13054022455389644,0.06807491715732654,0.7861957925445424,True,0.20856972720282219,1.660350526870549,0.0,4.803333333333334,fastStorage,159.csv
18,360,0.0,11.642407407407406,0.14362563500237127,0.1304579895955435,0.060075252646355576,0.8250446255226973,True,0.21642743555605604,1.434308209904878,0.0,4.533333333333333,fastStorage,159.csv
19,360,0.0,11.590462962962963,0.17757534005535827,0.12054247752795512,0.13039368277335597,0.46080259554753117,True,0.184545026467688,-4.016808063897033,0.0,4.2,fastStorage,159.csv
20,360,0.0,11.631327160493827,0.14551047330034836,0.13020269080170302,0.06496581522683707,0.8006660473978722,True,0.20874167041749936,0.9173282469346722,0.0,4.2,fastStorage,159.csv
21,358,0.0,11.60316573556797,0.13878730463552605,0.1300488184358485,0.04846876057249691,0.8780380539393913,True,0.2145375857105296,1.2974593247884036,0.0,4.2,fastStorage,159.csv
22,359,0.0,11.60420359584705,0.13726789699126046,0.1255079664674942,0.055589800301832866,0.8359968205708768,True,0.1962710160499661,1.4906028435846883,0.0,4.266666666666667,fastStorage,159.csv
23,360,0.0,11.622037037037037,0.13802054609311143,0.12447414362275337,0.059631021400130955,0.8133375276468974,True,0.24467370140741274,1.657483005209615,0.0,4.470000000000001,fastStorage,159.csv
0,360,3.468518518518518,11.54425925925926,0.0837737034422264,0.07503282548045194,0.03725732798854667,0.8022083378606661,True,0.15088232019354164,0.1448879381970878,0.0,2.283333333333333,fastStorage,451.csv
1,360,3.2927777777777774,15.250185185185185,0.23056963975253333,0.09305232816881116,0.21095881825128074,0.1628734310714618,False,1.166633609338854,3.91346291264048,0.0,2.685,fastStorage,451.csv
2,360,3.9612962962962963,13.942407407407407,0.22872598429295551,0.08058578311203178,0.21405958855188412,0.12413259969338812,True,0.597052851708405,2.3310251564951954,0.0,3.668333333333334,fastStorage,451.csv
3,360,2.814259259259259,9.166388888888887,0.08599832015129012,0.075374763750549,0.04140478303762412,0.768195912139557,True,0.14104676976777986,0.2117501361911665,0.0,2.2666666666666666,fastStorage,451.csv
4,355,2.6406036217303823,8.84655935613682,0.07887755645882724,0.07209335354616499,0.032003394935274355,0.8353790113683193,True,0.13863845483652792,0.36939135055687355,0.0,2.2333333333333334,fastStorage,451.csv
5,359,2.6589600742804085,8.82923464650484,0.07810338756081532,0.07152874713177003,0.031365227278536176,0.8387286817088142,True,0.13633827707721102,0.3179673834511982,0.0,2.2333333333333334,fastStorage,451.csv
6,360,2.8740740740740742,9.315925925925924,0.07685047101263566,0.06811535743863063,0.035585010550392475,0.7855919284703834,True,0.1389806685112026,0.1398010279621899,0.0,2.216666666666667,fastStorage,451.csv
7,360,3.9594047619047616,10.2244708994709,0.18005921759197888,0.09131766666602092,0.15518506885170716,0.25720469654265016,False,1.7078201446708967,9.136840084239445,0.0,2.25,fastStorage,451.csv
8,360,5.066825396825397,10.46329365079365,0.2502187568940564,0.12001059932024889,0.21956065756961468,0.23003794795729782,False,1.7393278029201804,7.438400847705283,0.0,2.2333333333333334,fastStorage,451.csv
9,359,6.718357872396869,10.801989653800238,0.3756916432573853,0.21411185169818525,0.30870750845389033,0.32480173840231025,False,1.5284009537601182,4.594616721308061,0.0,2.5566666666666586,fastStorage,451.csv
10,357,4.74423102574363,11.310884353741498,0.25355936855951755,0.1754315222894272,0.18307412261571943,0.47869174781678875,False,2.034266540095282,7.1729608857382745,0.0,2.3061904761904763,fastStorage,451.csv
11,358,4.967411545623835,11.146927374301677,0.23679828979074766,0.14029676330102944,0.19076228205564597,0.35102510718459773,False,1.905767411945348,7.372998939045032,0.0,2.2666666666666666,fastStorage,451.csv
12,354,7.605320150659134,11.566666666666668,0.4171975626849378,0.24985270793064038,0.3341069149987453,0.35866136445759916,False,1.8963869728609204,4.409257614958544,0.0,2.5908333333333293,fastStorage,451.csv
13,360,5.959074074074073,11.395925925925926,0.3066512350793554,0.1753118930674505,0.25159634362367206,0.326838585586314,False,1.7329556332333507,5.590907954398331,0.0,2.3525000000000005,fastStorage,451.csv
14,358,3.8904096834264426,10.975552008512903,0.09190346411190517,0.06871554706310863,0.06102802886859404,0.559044338518688,False,1.0053394960779205,3.0574437865255306,0.0,2.2,fastStorage,451.csv
15,360,13.68,11.802777777777777,0.5306559777296906,0.4173882802435776,0.32769313422097,0.6186633361933073,False,2.1730394840119853,5.234768537940844,0.0,2.3683333333333336,fastStorage,451.csv
16,360,5.546666666666667,11.710925925925926,0.3124879212879989,0.2041956756367101,0.23654349917544137,0.4269987572051826,False,2.059207372765301,6.178859832709903,0.0,2.283333333333333,fastStorage,451.csv
17,360,3.8750793650793653,10.839484126984127,0.14343076614722094,0.09275955263748478,0.10939858350121574,0.4182468265277925,False,1.4448086536326918,9.80706231835499,0.0,2.3,fastStorage,451.csv
18,360,4.570026455026455,10.817804232804233,0.13632742045499807,0.07835106046586404,0.11156288312780532,0.33031121803530805,False,1.0753677467547007,5.201450044633081,0.0,2.283333333333333,fastStorage,451.csv
19,360,3.3312962962962964,10.286111111111113,0.07884309274975237,0.07217722498572494,0.0317282440060288,0.8380560343736455,True,0.14755404979023312,-0.12185812260367146,0.0,2.2666666666666666,fastStorage,451.csv
20,360,3.342777777777778,10.35925925925926,0.08052683958460106,0.07294437046053204,0.034112911215560905,0.8205447127866602,True,0.14871488124835264,-0.023782012327054455,0.0,2.2508333333333335,fastStorage,451.csv
21,357,3.4089635854341735,10.529598506069096,0.08022957148253097,0.07395573942244968,0.03110197335779952,0.8497180073668573,True,0.15102408612860252,-0.10234052930478137,0.0,2.2666666666666666,fastStorage,451.csv
22,358,3.227467411545623,12.586499068901302,0.10260487994415327,0.07229974508197619,0.07280458948057715,0.4965208600473382,True,0.15052001219346478,0.6675946593514246,0.0,2.4691666666666663,fastStorage,451.csv
23,360,2.978148148148148,9.557407407407407,0.08487459211504708,0.07925444241447255,0.03037152851383473,0.8719504966963505,True,0.1543598633502271,0.09043120577857337,0.0,2.2675,fastStorage,451.csv
0,230,2487.674492753623,1.5011068641503424,1.81780524441095,1.722828558743003,0.5798945281578892,0.8982338563632396,True,3.2566269937024743,-0.35585970082258517,0.0,27.68333333333327,fastStorage,923.csv
1,302,2116.1164459161146,1.2280353200883003,2.001134383825504,1.9650699019052928,0.37820510672728935,0.9642807551361017,True,3.8106632848710102,0.11003788994540681,0.0,25.59,fastStorage,923.csv
2,224,1952.2400297619047,1.850595238095238,1.748872234058042,1.704049829806774,0.39340598444186253,0.9493982241324117,True,3.2812848092898497,-0.123370967682692,0.0,22.333333333333336,fastStorage,923.csv
3,196,1247.2280088958662,2.107927786499215,1.746086482487543,1.3583793106786337,1.0970978318481723,0.6052162999109043,True,3.434802850460321,0.2680714421216366,0.0,22.583333333333332,fastStorage,923.csv
4,182,250.09780219780217,2.2805860805860805,1.2987375729494648,1.0384959324983303,0.779900943437748,0.6393913986965357,False,2.0159199533669754,0.5517825348220672,0.0,4.019999999999989,fastStorage,923.csv
5,182,116.04676434676435,2.2677655677655677,1.1768355946472786,1.0062533941999932,0.6102426759001761,0.7311106754183794,False,1.9408788399694807,0.3707299183896632,0.0,1.513333333333329,fastStorage,923.csv
6,199,94.44187604690116,2.6857621440536015,1.0641390264249047,0.8910696658300572,0.5817101668340117,0.7011752486998836,True,1.8775199640909765,-0.1265969291171091,0.0,1.0,fastStorage,923.csv
7,218,134.74179226736564,2.966491917868065,1.1512054420088187,0.8700195219157666,0.7538832808838385,0.5711528225969477,False,1.901075028811747,0.1807393024576555,0.0,2.1433333333333318,fastStorage,923.csv
8,234,202.36134852801518,4.030484330484331,1.141836596912913,0.788804585943844,0.8255774580520128,0.4772335163747662,False,1.892680473578449,0.17481681829961998,0.0,2.65333333333333,fastStorage,923.csv
9,234,670.1888176638176,1.1911680911680913,1.33708635414344,1.152528659235887,0.6778477764782624,0.7429927122502996,True,0.18625221706774336,0.529985915126686,0.0,12.793333333333312,fastStorage,923.csv
10,229,906.9576904415333,4.44283114992722,1.6394672161513828,1.3593284643696197,0.9165581698886858,0.6874535340882884,True,3.855795537314771,0.8574932374014006,0.0,27.906666666666666,fastStorage,923.csv
11,247,1127.7868806631964,4.967971210076473,1.646120446668328,1.3046368433503857,1.0038103565476282,0.6281394344830875,True,3.6246977910035283,0.6468580709812769,0.0,26.08666666666666,fastStorage,923.csv
12,257,1277.1232814526588,1.0952010376134889,1.7269543845539623,1.4604470564202123,0.9216647122048732,0.7151710117232479,True,3.5564975363251916,0.3563870912867405,0.0,25.94666666666666,fastStorage,923.csv
13,244,1241.2755464480874,1.0467213114754097,1.7901196434046742,1.456591930041474,1.040609574740369,0.6620818501429027,True,3.7471427062076503,0.5060547543735726,0.0,25.846666666666664,fastStorage,923.csv
14,223,1265.2170403587443,1.203886397608371,1.7545986359206693,1.3460968339127461,1.125450881604681,0.5885685212546983,True,3.7149449150499536,0.5352379080399244,0.0,29.73333333333332,fastStorage,923.csv
15,215,1232.886070002349,1.563720930232558,1.6933713193543376,1.4304234119819006,0.906308605093159,0.7135506723039953,True,3.8977285721570794,0.7155549456948935,0.0,29.579999999999988,fastStorage,923.csv
16,189,514.6620404287071,1.8359110025776693,1.3849368831653264,1.1640287377476335,0.7503914098984206,0.706427247444683,False,1.9242232872624785,0.6626529392344133,0.0,3.8,fastStorage,923.csv
17,179,1017.7672253258844,1.928119180633147,1.5648148135709188,1.3707403312074289,0.7547955651514763,0.7673340758147527,False,4.6206018498684704,0.818838028578623,0.0,19.84666666666657,fastStorage,923.csv
18,177,168.71751412429379,1.9510357815442563,1.1707205256751991,0.9847016917277364,0.6332054386577458,0.7074616500731803,False,1.9795534455241999,0.017405459585649832,0.0,3.613333333333333,fastStorage,923.csv
19,175,233.6300952380953,1.9779047619047618,1.3253115118241956,1.1385022347471758,0.6784270519734756,0.737958321193114,False,2.1080454015805565,0.22038772573415724,0.0,5.513333333333243,fastStorage,923.csv
20,177,239.83954802259885,1.9495291902071563,1.434348149663518,1.278453945891434,0.6503154024608212,0.7944398502286175,False,2.2458122421633817,0.2939174286200247,0.0,10.546666666666665,fastStorage,923.csv
21,178,355.82664938058196,21.42219101123595,1.5105326321783843,1.2397398255036083,0.8629913081462874,0.6735981439851867,True,3.4240875779775983,0.5606382756691298,0.0,15.513333333333339,fastStorage,923.csv
22,184,481.8830824972129,1.8898550724637682,1.4495648640924816,1.2346039280251269,0.7595995235098436,0.7254040927050983,False,3.936737701904434,0.7380476148237984,0.0,19.233333333333327,fastStorage,923.csv
23,198,1554.65481000481,1.741040441040441,1.8471150650775492,1.3880599130859144,1.2186565313164992,0.5647139592312203,True,3.5465745055230276,0.2302859001017173,0.0,23.893333333333306,fastStorage,923.csv
0,360,2.968518518518518,9.681111111111111,0.11761927389500715,0.11388948962535946,0.029384991823443608,0.9375842547545148,True,0.3116184890762106,-1.429052184862268,0.0,2.4833333333333334,fastStorage,456.csv
1,360,3.8462962962962957,18.46648148148148,0.25115397705184495,0.11214122161417002,0.22472798357979423,0.19936570199470305,False,1.0380632132165928,2.57986822521004,0.0,3.6033333333333344,fastStorage,456.csv
2,360,3.9968518518518517,13.99851851851852,0.227560164281423,0.12258988576123082,0.19171684400917047,0.29021296044021316,True,0.6062249601030327,1.4805705075933069,0.0,3.9508333333333336,fastStorage,456.csv
3,360,2.8077777777777775,9.279814814814815,0.12035081454963016,0.11706080609932414,0.027947920103934758,0.9460736634069791,True,0.32020505322463333,-1.3577618847670083,0.0,2.5,fastStorage,456.csv
4,355,2.6283568075117367,8.866103286384977,0.11948050519850566,0.11628548371236816,0.02744589951651608,0.9472331902891248,True,0.31097416189930804,-1.314511180935283,0.0,2.4883333333333337,fastStorage,456.csv
5,360,2.660185185185185,8.95425925925926,0.11710768052545478,0.11384805468369427,0.027437734651216093,0.9451058904177023,True,0.31128303980879535,-1.3366805505941146,0.0,2.5,fastStorage,456.csv
6,360,2.8733333333333335,9.44067901234568,0.11915850573649221,0.11573911110806152,0.0283409182855715,0.943431099346341,True,0.3177365163323017,-1.3758386619739726,0.0,2.5008333333333335,fastStorage,456.csv
7,360,3.9681481481481486,10.24037037037037,0.20782274267505765,0.13736412159101444,0.15595316756165048,0.43687830907748243,False,2.1841102663969414,6.225941969071486,0.0,2.5008333333333335,fastStorage,456.csv
8,360,4.991111111111111,10.481666666666666,0.26686660106033605,0.1646160599036299,0.21004603205797792,0.38050113507389444,False,1.7688611866635413,5.68993765478118,0.0,2.5175,fastStorage,456.csv
9,359,6.627855153203342,10.91842419419021,0.3742492493302239,0.2380061426190607,0.28881754915487984,0.40444032965239385,False,1.5658345929223019,3.984687441023447,0.0,3.0099999999999967,fastStorage,456.csv
10,359,4.555988857938718,11.263881151346332,0.24701721801939436,0.17954760142625598,0.16964717745992516,0.5283293810624884,False,1.826957409083923,5.877384518346008,0.0,2.566666666666667,fastStorage,456.csv
11,358,5.119925512104283,11.21080074487896,0.2576586940421796,0.18276926223386214,0.18161332384495169,0.5031722886885026,False,1.7449177170434194,5.667288354029625,0.0,2.5024999999999995,fastStorage,456.csv
12,355,7.383943661971831,11.679906103286385,0.4103411509354308,0.26091878191964635,0.31670372494270094,0.404315639040053,False,1.988427264773023,4.076501487647436,0.0,2.825000000000005,fastStorage,456.csv
13,359,5.944846796657381,11.367130919220056,0.3002406017647264,0.18524314825679697,0.23628244744786975,0.38066720465375925,False,1.6508576036471694,5.111171682935675,0.0,2.583333333333333,fastStorage,456.csv
14,358,3.901489757914338,11.01973929236499,0.11818316098109378,0.10420215466729879,0.05575993635376098,0.7773958095797991,True,0.2825503706101502,0.48486177922797785,0.0,2.5166666666666666,fastStorage,456.csv
15,360,11.839629629629629,11.846481481481483,0.513665340251991,0.41080953969202677,0.3083627796512067,0.6396177614589579,False,2.168247739489174,5.10086437145873,0.0,2.6333333333333333,fastStorage,456.csv
16,360,5.863518518518519,11.665925925925926,0.30653251731666137,0.20414320960664542,0.22866511352628,0.44352364087237145,False,1.9639100190209513,5.606260866508441,0.0,2.566666666666667,fastStorage,456.csv
17,360,3.8870370370370373,10.882037037037035,0.14796967648671133,0.10069362037828594,0.10842425916138723,0.46308260031613163,False,2.0823302796600762,7.540279559117136,0.0,2.5,fastStorage,456.csv
18,360,4.575833333333334,10.893743386243386,0.14198017645295036,0.09972497068384654,0.10106087634548236,0.49334690892430616,True,0.0863716776526201,3.1264283484918582,0.0,2.533333333333333,fastStorage,456.csv
19,360,3.322962962962963,10.295925925925925,0.09582040861571796,0.09087322763355445,0.03039090664562919,0.8994061857099247,True,0.14820934615494197,-0.964371990047713,0.0,2.5008333333333335,fastStorage,456.csv
20,359,3.2867223769730733,10.239925719591456,0.09943452876365545,0.09598400353678468,0.025967221174024963,0.9318012343515342,True,0.2511430493421848,-1.1904353132708476,0.0,2.4833333333333334,fastStorage,456.csv
21,358,3.4470470869912213,10.818462357009842,0.10310304194168461,0.09916637504835013,0.02821820896865599,0.9250941161423941,True,0.2594883567686106,-1.2358026124811747,0.0,2.4833333333333334,fastStorage,456.csv
22,359,3.2157845868152277,12.467210505372066,0.12876651603015538,0.11047407528556,0.06615356634637835,0.7360627828823949,True,0.32284087228142533,-0.7813365805387162,0.0,2.783333333333333,fastStorage,456.csv
23,360,2.9625925925925927,9.657592592592591,0.12166063969349637,0.11780833955230961,0.030372790167491417,0.9376740096240355,True,0.3291220118071785,-1.446371243588002,0.0,2.4833333333333334,fastStorage,456.csv
0,360,3.221111111111111,10.453333333333335,0.0778918670622881,0.06984268209410853,0.03448394861889308,0.8040028525323554,True,0.14205655468499812,-0.05271322093230674,0.0,2.2666666666666666,fastStorage,452.csv
1,360,3.4424074074074076,15.007962962962964,0.19361628348667223,0.08389923609810819,0.17449407844779527,0.18777261489827762,False,1.152558863706806,4.415315210478084,0.0,2.5,fastStorage,452.csv
2,360,3.9438888888888894,13.847037037037035,0.22961065962081528,0.07684849223369772,0.21636858425592473,0.11201768927620731,True,0.6217075207116636,2.3802062298780973,0.0,3.85,fastStorage,452.csv
3,360,2.8140740740740737,9.215185185185186,0.07754756531606356,0.07030535569761877,0.032722803160494286,0.8219406985139187,True,0.13579557807771558,0.01994252025359609,0.0,2.283333333333333,fastStorage,452.csv
4,354,2.6290018832391717,8.783992467043316,0.07899489388619411,0.07120734566478254,0.0342009822003294,0.8125527311873395,True,0.13803513260649392,0.09335007978833071,0.0,2.283333333333333,fastStorage,452.csv
5,359,2.656638811513464,8.853296193129063,0.07722045988556894,0.07012699682942536,0.032329610895037574,0.8247184569139445,True,0.1351716625061341,0.0199133184475097,0.0,2.283333333333333,fastStorage,452.csv
6,360,2.875,9.401851851851852,0.07177241062469436,0.06338757992427764,0.033664426895805837,0.7799976172306557,True,0.13072834892524987,-0.06487063915962787,0.0,2.2666666666666666,fastStorage,452.csv
7,360,3.983518518518519,10.247962962962964,0.17911016657780773,0.08704466848024976,0.15653650520148152,0.23618041182202537,False,2.1251030149768018,9.503143060897457,0.0,2.3,fastStorage,452.csv
8,360,4.989074074074074,10.467037037037036,0.24723536738678106,0.1178209524798855,0.21735581437727666,0.22710351911832158,False,2.1773541006523662,7.58914715685553,0.0,2.3,fastStorage,452.csv
9,359,6.835840297121634,10.921819870009285,0.37395326519061256,0.21459926394902695,0.3062485925833071,0.3293227981580042,False,1.5508650809053421,4.640519664681923,0.0,2.5949999999999958,fastStorage,452.csv
10,357,4.677310924369748,11.26704014939309,0.2382054099970321,0.1588922815850239,0.17746847665024806,0.44494093290562414,False,1.940552669517916,7.722636148299489,0.0,2.3,fastStorage,452.csv
11,358,5.074674115456237,11.191992551210427,0.2400783774701699,0.1560220349742416,0.18246849572242846,0.4223434677259564,False,1.9665802275200088,7.682760479809093,0.0,2.3024999999999993,fastStorage,452.csv
12,353,7.477998111425874,11.645325779036826,0.40276322953643545,0.2417343698016328,0.32215324540228807,0.3602277591236186,False,1.9220164277914262,4.548530463845452,0.0,2.3699999999999988,fastStorage,452.csv
13,360,5.9742592592592585,11.411666666666665,0.3035461561831006,0.16594555061512367,0.2541699100298434,0.298869604871903,False,1.636199609107651,5.722728807044042,0.0,2.3025,fastStorage,452.csv
14,357,3.9305322128851543,11.026704014939309,0.08204597393959052,0.05629715408371903,0.0596839365471981,0.47082371816159546,False,1.041491715086262,5.5294478230756425,0.0,2.2666666666666666,fastStorage,452.csv
15,360,12.17462962962963,11.879999999999997,0.522186918945261,0.4125528730973596,0.3201238904184729,0.6241762724643475,False,2.25133767627195,5.312871658915018,0.0,2.401666666666667,fastStorage,452.csv
16,360,5.9144444444444435,11.718888888888888,0.3040159121126114,0.18649676769599643,0.24009296211386252,0.3763136642461127,False,2.009015126740675,6.199814043748045,0.0,2.3,fastStorage,452.csv
17,360,3.9386243386243387,10.901415343915344,0.14156395401065983,0.06493632558675506,0.12579199773603705,0.21041178091525425,False,2.2530996343279526,11.26200841634179,0.0,2.2666666666666666,fastStorage,452.csv
18,360,4.58712962962963,10.903756613756615,0.13428604027027005,0.07320328474322227,0.11257894880603264,0.29716619412743067,False,1.070151325878777,5.303665885882137,0.0,2.2841666666666667,fastStorage,452.csv
19,360,3.336666666666666,10.279444444444444,0.07663524892725186,0.06781542088993171,0.035693557789372526,0.7830685431705732,True,0.14716658599144594,-0.26606512066411425,0.0,2.283333333333333,fastStorage,452.csv
20,360,3.3414814814814817,10.410555555555556,0.07423889331645298,0.0667279451070873,0.03253912449094525,0.8078905411946146,True,0.14484916217155008,-0.3017397992586963,0.0,2.2666666666666666,fastStorage,452.csv
21,357,3.4082166199813257,10.614752567693746,0.07645797712068832,0.06972686516106061,0.03136855974059015,0.8316769659548123,True,0.14842386819081876,-0.3000077985707192,0.0,2.283333333333333,fastStorage,452.csv
22,358,3.214897579143389,12.351117318435755,0.10226603858666407,0.06902680221385289,0.07545623383351904,0.45558838375660754,True,0.15988413996878603,0.7536395961078353,0.0,2.533333333333333,fastStorage,452.csv
23,360,2.9724074074074074,9.581666666666667,0.07759367735866185,0.07072975845512823,0.03190736646793865,0.83090558971179,True,0.13946800099479528,-0.029373442786650987,0.0,2.2666666666666666,fastStorage,452.csv
0,360,3.431984126984127,11.75260582010582,0.10102419624771418,0.08987123017158853,0.04614163212265058,0.7913900125609895,False,0.128779660666197,-0.1596710684817847,0.0,1.8,fastStorage,426.csv
1,360,3.3547089947089943,15.262539682539682,0.2607164576786906,0.11088326767878429,0.23596180253040858,0.18088191125044153,False,1.0740910153179342,3.313178546819919,0.0,2.3200000000000007,fastStorage,426.csv
2,360,3.9097486772486776,14.183478835978834,0.24416652275519862,0.08370226286142206,0.2293713626986645,0.11751739654838725,True,0.6857745091222474,2.076359744361036,0.0,3.0508333333333333,fastStorage,426.csv
3,360,2.803174603174603,9.38526455026455,0.10325738991099966,0.09404356817982502,0.04263678992652721,0.8294990851845152,True,0.13916789497226428,-0.24691171693119665,0.0,1.7833333333333334,fastStorage,426.csv
4,355,2.631120053655265,9.059423205902078,0.10378986567248472,0.09610678657470231,0.03918956226595333,0.8574290887550127,True,0.20607324372770452,-0.22725089122349343,0.0,1.7666666666666666,fastStorage,426.csv
5,360,2.651759259259259,9.05941798941799,0.10430861695090177,0.09683492107330806,0.038772227572531175,0.8618340166805771,True,0.13962514248015917,-0.193530842880813,0.0,1.7666666666666666,fastStorage,426.csv
6,360,2.8677513227513227,9.569695767195766,0.09726444062930495,0.08658506259500849,0.04431025103009514,0.7924607543334594,True,0.1281272730019039,-0.24868841650055967,0.0,1.7833333333333334,fastStorage,426.csv
7,360,3.969933862433862,10.494312169312169,0.2138973425015629,0.10437210856372019,0.1867044083121604,0.23809931006333204,False,2.0745037183687525,8.916671621697288,0.0,1.7833333333333334,fastStorage,426.csv
8,360,4.928029100529101,10.65707671957672,0.28062654772894396,0.1429898334636967,0.24146462849926809,0.25962876858406164,False,1.9608894697007282,7.304850102533615,0.0,1.784166666666667,fastStorage,426.csv
9,359,6.716965114736702,11.069664411725693,0.41672704619730533,0.23785490627845762,0.3421790095718865,0.32577732490411837,False,1.7263695459826376,4.49559108463169,0.0,1.9933333333333128,fastStorage,426.csv
10,359,4.669438917628333,11.628491842419418,0.2589511680173018,0.16653385573715015,0.1982982156017622,0.41358933004759924,False,2.0354657606194424,7.670912193209875,0.0,1.801666666666666,fastStorage,426.csv
11,357,4.863638788848873,11.491959860867423,0.28815359407949676,0.1878479068106474,0.2185077977734198,0.42497622901993787,False,1.5306209039988872,6.456325136699683,0.0,1.8366666666666664,fastStorage,426.csv
12,353,7.3987392211188245,11.713152569809793,0.4579725481608184,0.28929526415269924,0.35503113244859685,0.39902835320373714,False,2.269603681660572,4.344093757786585,0.0,2.464285714285702,fastStorage,426.csv
13,360,5.878888888888888,11.636269841269842,0.34309007785730355,0.20024232640057218,0.27859255596985594,0.3406398458181719,False,1.7938473476854042,5.692326667166857,0.0,1.9166666666666663,fastStorage,426.csv
14,357,3.915792983860211,11.232893157262906,0.11928847816837919,0.08918264047205296,0.0792224568046234,0.5589380262300659,False,1.2449769592968116,4.773889472228809,0.0,1.8,fastStorage,426.csv
15,360,14.436904761904763,11.912142857142857,0.5388609975231354,0.42765499829236137,0.32784505042350265,0.6298448796918619,False,2.5265960546797617,5.402969323441051,0.0,1.9183333333333334,fastStorage,426.csv
16,360,5.908690476190476,11.98781746031746,0.34987140722297533,0.23925098521105745,0.25528213346750955,0.46761729580858086,False,2.2725881075516874,5.895340349424655,0.0,1.9166666666666663,fastStorage,426.csv
17,360,3.8451851851851853,11.10378306878307,0.16235777360493078,0.09771562364178321,0.1296599535178358,0.362227853026988,False,2.4659402233726153,9.613038238440545,0.0,1.8,fastStorage,426.csv
18,360,4.609907407407407,11.068981481481481,0.17965505900066922,0.1068791218557397,0.14440496368158495,0.3539214228675194,False,1.4474651988196907,5.503137274384364,0.0,1.85,fastStorage,426.csv
19,360,3.3197089947089946,10.564404761904761,0.10173644541001166,0.09319672769518811,0.04080041999260833,0.8391666351677796,True,0.13542889523664614,-0.27708185983005496,0.0,1.8,fastStorage,426.csv
20,360,3.2953174603174604,10.435674603174602,0.10074068251988397,0.09039924153714737,0.04445966986022893,0.8052297197355802,True,0.1315307924799411,-0.26060051771658715,0.0,1.8,fastStorage,426.csv
21,358,3.452513966480447,10.958446395317903,0.10118623769152248,0.09354512880293242,0.03857413090930326,0.8546719643084844,True,0.1309861044927108,-0.33633821395028857,0.0,1.8,fastStorage,426.csv
22,359,3.2215413184772514,12.613131715081575,0.12486156655409884,0.08856717503257928,0.08801287581423593,0.5031390508370922,False,0.12381725311067443,0.4696149782566268,0.0,2.0,fastStorage,426.csv
23,360,2.9683068783068784,9.79813492063492,0.10359638645461214,0.09471843726807012,0.041959848998155434,0.8359490993090724,True,0.13775892324799022,-0.2640328154841018,0.0,1.8,fastStorage,426.csv
0,360,0.5452645502645502,1228.7953184778185,0.21890665163144643,0.1740937891253282,0.13270823153247574,0.6324826829686625,True,0.0657453806395134,1.0769987166828852,0.0,5.835000000000001,fastStorage,865.csv
1,360,0.41740740740740734,1212.2596296296297,0.19251827443982836,0.1675333571215422,0.09484650887025253,0.7572837916610058,True,0.06487150423851085,-0.3613703086580039,0.0,5.7683333333333335,fastStorage,865.csv
2,360,0.9927248677248677,1224.8829344729343,0.19232739176041994,0.1579379228730551,0.10975171133021545,0.6743580717787093,True,0.05088525437085423,0.04110065056908121,0.0,5.8,fastStorage,865.csv
3,360,0.38277777777777783,1193.5666666666666,0.16125372184062994,0.15141824938167794,0.055455176148338524,0.8817326995436987,False,0.3128074429596126,-0.15246150534915723,0.0,5.701666666666667,fastStorage,865.csv
4,355,2.7305164319248822,1810.4576525821599,0.3821471216302916,0.20369563615432823,0.32333343529861003,0.28412029997748006,True,0.7814921911061912,3.130182037805041,0.0,8.873333333333338,fastStorage,865.csv
5,360,40.8494943019943,1274.4843162393163,0.4276764286873404,0.16344193800128168,0.395213689739036,0.1460482565121072,True,0.8786865605041767,1.1168185608416619,0.0,12.501666666666667,fastStorage,865.csv
6,360,43.60722222222222,1791.023888888889,0.4666076547023727,0.2105664893481259,0.4163945928929125,0.20364548914069203,True,0.9325246129862621,0.9727719413811085,0.0,14.371666666666668,fastStorage,865.csv
7,359,42.64809656453111,1867.748375116063,0.4566747549544696,0.21713641207998863,0.40175068184354606,0.2260743578282676,True,0.9055559686090038,0.9459079188569114,0.0,14.276666666666664,fastStorage,865.csv
8,360,48.51277777777777,1965.106111111111,0.5255549200992493,0.25264033051579926,0.46084795479354795,0.23108361308123151,True,0.849720558639099,1.3882506054487869,0.0,15.913333333333345,fastStorage,865.csv
9,359,45.57836583101208,11177.773816155988,0.7849844874724153,0.4647748133603638,0.6326017850418775,0.35056053362866,True,1.2138359220415809,1.4339414371082,0.0,43.699999999999974,fastStorage,865.csv
10,359,46.984153512844316,10641.207366140514,0.7950819290923385,0.4496222877835321,0.6557400950815018,0.31979516741570174,True,1.245992623943959,1.3687328474144345,0.0,44.44666666666666,fastStorage,865.csv
11,357,45.7155929038282,2891.2756302521007,0.5849115848212724,0.43651697846350507,0.3893256857326836,0.5569572152676272,True,0.8674459848233407,1.7520021617788657,0.0,16.279999999999998,fastStorage,865.csv
12,351,47.00113960113959,2785.3549857549856,0.5888786989299745,0.41639351639308514,0.4164067261215421,0.4999841381789061,True,0.874230249362937,1.5628835757168662,0.0,17.5,fastStorage,865.csv
13,360,42.92481481481481,2822.0568518518517,0.5900878063814614,0.4320690841124001,0.4018954164883656,0.5361336962928307,True,0.9044806403077739,1.714089633692861,0.0,17.105000000000004,fastStorage,865.csv
14,356,45.416947565543076,10419.028277153557,0.7803423869242406,0.4381678501619862,0.6457113719883246,0.3152903089399111,True,1.209396949009592,1.4574361891103818,0.0,42.75833333333333,fastStorage,865.csv
15,360,42.00826719576719,1668.1349272486773,0.49923840758739596,0.27542137721806204,0.41639170570714407,0.30435420941153385,True,0.8794795967239872,1.2270996272258436,0.0,14.606666666666667,fastStorage,865.csv
16,360,77.28347578347578,1552.4717521367525,0.5548998704940014,0.32382081508423327,0.4506150751943861,0.340549522990362,True,0.9501903352322474,1.1847540180831346,0.0,16.426666666666673,fastStorage,865.csv
17,360,84.71425925925926,1236.1738888888888,0.524013735906803,0.3290465378415034,0.4078219848825278,0.39430229852091303,True,0.8966588879184552,1.3459237385749567,0.0,16.203333333333333,fastStorage,865.csv
18,360,44.75351851851852,1230.9735185185186,0.47347536829444253,0.21115174217639168,0.42378516509834624,0.1988815779499438,True,0.9275239772254018,0.8506894226445084,0.0,15.135,fastStorage,865.csv
19,360,1.5464814814814816,1220.89,0.23758457306566047,0.20260580818052246,0.12408592124132972,0.727222500604262,True,0.020680025698407878,1.0332832281090005,0.0,6.135000000000001,fastStorage,865.csv
20,360,2.577592592592592,3675.6311111111117,0.7103505500773236,0.4027912638335065,0.5851128966059139,0.32152492298531393,True,1.5806948900897602,1.5337041400584084,0.0,33.69166666666668,fastStorage,865.csv
21,358,78.33662180463857,1530.1753936008126,0.7163500276991938,0.2210974318116717,0.6813760252833371,0.09526137196123512,True,1.5377979530807409,1.3655059805124556,0.0,33.84666666666665,fastStorage,865.csv
22,359,0.34253216606977055,6197.913098554184,0.4420069052470326,0.24318753793641845,0.36909338341195214,0.3027084354778478,True,0.8645013001772472,0.8771818817828383,0.0,14.533333333333331,fastStorage,865.csv
23,360,0.34518518518518515,1276.3696296296298,0.2031658755301722,0.1797677410806142,0.09465691864155885,0.7829283049877266,False,0.298702221395307,-0.44644061249437583,0.0,6.001666666666667,fastStorage,865.csv
0,359,2.9675023212627676,9.358588672237698,0.20169202990751636,0.19756057281100223,0.04061397541245072,0.9594516179956222,True,0.3720082876087986,-0.20958369099323804,0.0,1.7183333333333326,fastStorage,399.csv
1,360,3.468888888888889,11.356666666666666,0.20241348513123703,0.19692953502133925,0.046797192215480454,0.946548400201816,True,0.3704834546868602,-0.1972621251781345,0.0,1.7333333333333334,fastStorage,399.csv
2,360,3.8162962962962954,14.157592592592593,0.24071020798222692,0.19614021543286672,0.13953644727022252,0.6639636132985878,True,0.39745512894600604,0.8658759248250436,0.0,1.8166666666666669,fastStorage,399.csv
3,360,2.8094444444444444,8.992407407407407,0.2017873727049103,0.19676162780311607,0.044754950647033394,0.9508080324563503,True,0.376209647653497,-0.16996699878046123,0.0,1.7333333333333334,fastStorage,399.csv
4,355,2.627981220657277,8.605821596244132,0.20465705566919778,0.20013916431910744,0.04276476751760062,0.9563364756605074,True,0.3861334563449479,-0.09123142881765273,0.0,1.7166666666666666,fastStorage,399.csv
5,360,2.667222222222222,8.718505291005291,0.20561555560879083,0.2008662052065916,0.04393773223796583,0.9543371156720895,True,0.38812910146331386,-0.10426731050912331,0.0,1.7333333333333334,fastStorage,399.csv
6,360,2.8922222222222222,9.160370370370371,0.1982547325694249,0.1932309696195733,0.04434784511172708,0.9499622333278384,True,0.36722051076057416,-0.21075475294244658,0.0,1.7166666666666666,fastStorage,399.csv
7,360,3.9774074074074064,10.010185185185184,0.24046626605790938,0.18804339768128112,0.14987897017364646,0.6115160496546653,True,0.37662695167020654,1.9882736838235138,0.0,1.75,fastStorage,399.csv
8,360,3.8561111111111113,10.209444444444445,0.22609559958146896,0.1931966747796165,0.11744898894500128,0.7301550187248897,True,0.3846011865869195,1.233135504915732,0.0,1.75,fastStorage,399.csv
9,359,4.487982491046558,10.389534421010744,0.2675552732769309,0.17795455832169102,0.19979489340527462,0.44237564008770114,True,0.3954874966126431,2.4191412814280535,0.0,1.75,fastStorage,399.csv
10,358,4.77559088955737,11.022432316287064,0.24675551411265856,0.16694698411672487,0.18170577381947017,0.45774480394937384,True,0.3886556559419644,2.104609493399879,0.0,1.75,fastStorage,399.csv
11,358,4.49534450651769,11.17243947858473,0.2521189043879286,0.16708593405281552,0.18880209901234588,0.4392067027618172,True,0.3767427523677115,2.516578899064943,0.0,1.75,fastStorage,399.csv
12,353,4.219533252394442,11.037002563064883,0.23247340590172713,0.18451225178738695,0.14141822156955977,0.6299467813083183,True,0.36159683794215014,2.07428020724561,0.0,1.75,fastStorage,399.csv
13,360,3.9725396825396824,11.009100529100529,0.2124593780512902,0.1820092874669254,0.1095974753254981,0.7338972956558866,True,0.3647382344264514,0.9469076775740546,0.0,1.75,fastStorage,399.csv
14,356,8.12247191011236,11.084644194756555,0.29711968422664725,0.1746459897042733,0.24037238825446955,0.3455050389149813,False,1.4515941023104637,2.696243251505072,0.0,1.75,fastStorage,399.csv
15,359,5.014842817349781,11.535184476619017,0.25236999933389676,0.177541779588435,0.17935867156165772,0.4949093791211403,True,0.33657958690145634,2.9003227833799454,0.0,1.7349999999999994,fastStorage,399.csv
16,360,5.942962962962963,11.392962962962965,0.299406124047556,0.15227175329973905,0.2577932122151472,0.25865289187273477,True,0.36589807640303107,2.9827386652999173,0.0,1.75,fastStorage,399.csv
17,360,3.586481481481481,10.693888888888889,0.19236743741995174,0.18659534353758905,0.04676974181677897,0.9408892015612924,True,0.3515042160558337,-0.2125175805268235,0.0,1.7333333333333334,fastStorage,399.csv
18,360,3.5735185185185188,10.596666666666666,0.19114825973246383,0.18576257421789172,0.045054669221865656,0.9444429836415128,True,0.3504812961374612,-0.22078590205970453,0.0,1.7333333333333334,fastStorage,399.csv
19,360,3.3372222222222225,10.082407407407409,0.19805310239365437,0.1925633070694473,0.04630771143372439,0.9453307221573798,True,0.3681883956455345,-0.15910465777933333,0.0,1.7333333333333334,fastStorage,399.csv
20,360,3.3078114478114484,10.046093474426808,0.19716565355242605,0.19120015334014764,0.048133110261641264,0.9404028727211611,True,0.36320647627430724,-0.1922613149426963,0.0,1.7166666666666666,fastStorage,399.csv
21,357,3.4520208083233297,10.543123916233158,0.19662629844459953,0.19137369663850895,0.04514431830182703,0.9472863617781211,True,0.3615155237734916,-0.21930683230526302,0.0,1.7333333333333334,fastStorage,399.csv
22,359,3.1086350974930363,9.75598885793872,0.19963997065646727,0.19493588716292615,0.04308268538192641,0.9534295390952656,True,0.367347108727077,-0.2263582460400947,0.0,1.7333333333333334,fastStorage,399.csv
23,360,2.9768518518518516,9.412592592592592,0.19996934605703273,0.19548878206819945,0.042093650922310454,0.9556895319360819,True,0.3663765250958713,-0.22983308063420202,0.0,1.7333333333333334,fastStorage,399.csv
0,359,8.713131715081577,181.2022284122563,0.10769441045279937,0.03986585672782599,0.1000439878759962,0.13703006916675284,False,0.1707862956089834,0.4839526839223517,0.0,3.803333333333332,fastStorage,875.csv
1,360,8.728531746031745,369.5110739723239,0.14463797053386146,0.05073905938676201,0.13544626378272978,0.12306092776247438,True,0.23079662452869432,0.536345153385995,0.0,4.168333333333334,fastStorage,875.csv
2,360,7.718148148148146,181.35717490842492,0.15299070150739072,0.053231272501467454,0.14343146926528375,0.1210608236451601,True,0.21591647036529027,2.5109081373934488,0.0,3.971666666666668,fastStorage,875.csv
3,360,7.185555555555556,158.20667633292632,0.10710138521279829,0.042195809761437456,0.09843891686257415,0.1552202846554079,True,0.1726784234733847,0.5271581758584677,0.0,3.666666666666667,fastStorage,875.csv
4,360,39.09359788359789,3513.3682229344727,0.8381803841180422,0.09749650261227895,0.8324907136410847,0.013530164858321217,True,1.6157458917841911,1.0102404639397904,0.0,25.368333333333332,fastStorage,875.csv
5,360,7.11829365079365,171.59627418877417,0.10603280373981591,0.04762585463103422,0.09473506974499947,0.20174606540116574,False,0.13696788348887412,0.5803438683763692,0.0,3.568333333333334,fastStorage,875.csv
6,360,8.423994708994709,191.10298840048839,0.1022545351880589,0.052851983063714796,0.0875366086432344,0.267151376647245,False,0.1353107954929489,0.40739221921721047,0.0,3.566666666666667,fastStorage,875.csv
7,360,7.134246031746031,161.22712962962962,0.09500977578693286,0.04753078368911658,0.08226592306041217,0.2502726335640192,False,0.15138104426961863,0.2983929040683669,0.0,3.501666666666667,fastStorage,875.csv
8,360,7.077407407407407,183.81723137973134,0.13651383561627395,0.05373405753687168,0.12549373839077083,0.1549337147141555,False,0.667155559510823,2.4928915873062176,0.0,3.601666666666667,fastStorage,875.csv
9,359,7.16869611354291,160.08017998714377,0.11211152793287363,0.050862349043079826,0.0999100402625453,0.20582223263392033,True,0.10971245958824927,1.9764677528336134,0.0,3.533333333333333,fastStorage,875.csv
10,360,7.092817460317462,157.1721693121693,0.09849207841384332,0.04529827827282289,0.08745716377631144,0.2115245532091207,True,0.1631460918708052,0.4063853894107174,0.0,3.533333333333333,fastStorage,875.csv
11,360,7.072314814814816,160.209417989418,0.09856321914684363,0.046221517274248,0.08705331417846832,0.21991691588240167,False,0.15463419648514298,0.3013043899205344,0.0,3.535,fastStorage,875.csv
12,360,7.153915343915345,164.07860195360198,0.11951329982132444,0.052941282693448596,0.10714779242221535,0.19622595146903982,True,0.14134594608091278,1.4049643168805004,0.0,3.635,fastStorage,875.csv
13,360,7.10364417989418,167.36069775132276,0.10117701087945075,0.04630716960548882,0.08995795447668307,0.20947528220961975,False,0.14302741663705265,0.6119417412445806,0.0,3.568333333333334,fastStorage,875.csv
14,360,7.130780423280423,162.15089947089945,0.1069329943260211,0.046196976024283486,0.0964391242273624,0.1866395335905027,True,0.09578805010888591,2.0257984398887965,0.0,3.566666666666667,fastStorage,875.csv
15,360,7.070123456790124,160.0354938271605,0.11039737622196821,0.04716845738845648,0.09981341244686585,0.1825516836709881,True,0.11916987677357471,1.8236864491886973,0.0,3.535,fastStorage,875.csv
16,360,7.090753968253969,164.43455467372135,0.1160287202901375,0.04475418881830491,0.10705011216893925,0.14877719795105165,True,0.15082937414019026,1.4535227581923056,0.0,3.535,fastStorage,875.csv
17,360,7.0966798941798945,163.35744708994707,0.09748757230539123,0.0449183401050476,0.08652265296560287,0.21229945894623617,False,0.1540482355404864,0.4130855385632585,0.0,3.501666666666667,fastStorage,875.csv
18,360,7.090714285714285,164.39112433862434,0.09777992241493365,0.04458755913947961,0.08702219715367938,0.20793520270684177,False,0.14611469983352654,0.41476931465688194,0.0,3.5,fastStorage,875.csv
19,360,7.097804232804232,177.49374338624338,0.1555035410979054,0.044853246915871996,0.1488943838265627,0.08319691213436713,False,0.41616070759771495,1.2524144211294461,0.0,4.568333333333333,fastStorage,875.csv
20,360,7.088642376142376,363.06213053150555,0.3477757335618992,0.05506022001654545,0.3433894771629537,0.025065555523643777,True,0.8452060671199366,2.6743985837373874,0.0,8.40500000000001,fastStorage,875.csv
21,360,7.178333333333333,163.87800264550268,0.09851700752890953,0.04092473004243155,0.08961454816828186,0.17256361232164186,False,0.1370533199719326,0.6255650361522116,0.0,3.566904761904762,fastStorage,875.csv
22,360,16.65298026048026,462.44077635327636,0.39211352619347956,0.044291239351313225,0.3896040342971428,0.012758864288607955,True,0.6596627915179887,1.7457726373620248,0.0,10.301666666666668,fastStorage,875.csv
23,359,8.05126674625282,195.35701146578583,0.14031477508997375,0.035607225402667315,0.13572163279180502,0.0643975668458061,True,0.28116432499615485,0.7521181815870035,0.0,4.266666666666667,fastStorage,875.csv
0,359,3.422363708714684,11.531927311314497,0.098677806632412,0.08839529358059545,0.04385865472838899,0.8024524546250974,True,0.2085252795400504,-0.29721760119811613,0.0,1.801666666666666,fastStorage,430.csv
1,360,3.4339814814814815,16.243531746031746,0.2992093236185338,0.08248038409753501,0.28761642091400763,0.07598906567271459,True,0.7192352297932619,3.04309540812695,0.0,3.076666666666684,fastStorage,430.csv
2,360,3.960410052910053,14.316031746031745,0.25387434895401156,0.09439495808574921,0.23567302973571858,0.1382483480452157,True,0.7065304543832032,2.085239237690492,0.0,3.1175,fastStorage,430.csv
3,360,2.8060582010582005,9.085410052910053,0.08770833901634217,0.0791585253133283,0.037771425750489904,0.814542251292749,True,0.19238127114129205,-0.47256291260739514,0.0,1.75,fastStorage,430.csv
4,355,2.627484909456741,8.739557344064387,0.09484237770291595,0.08589570798121783,0.04021198774927597,0.8202345539505227,True,0.1942696848005515,-0.21444681927396284,0.0,1.7666666666666666,fastStorage,430.csv
5,360,2.6567857142857143,8.817658730158731,0.0949471145623996,0.0862194784433112,0.03976375360411571,0.8246074243068158,True,0.18746072083676607,-0.30259102657862874,0.0,1.7833333333333334,fastStorage,430.csv
6,360,2.8710119047619047,9.257876984126986,0.09692306685675657,0.0867276532976229,0.04327118027517416,0.8006835299219971,True,0.18907866029689835,-0.2947978646756501,0.0,1.7833333333333334,fastStorage,430.csv
7,360,4.003518518518518,10.14255772005772,0.2155836826171593,0.1212962955077712,0.1782232670188366,0.3165652954219048,False,2.474153110397687,8.48727571902312,0.0,1.8175000000000003,fastStorage,430.csv
8,360,7.440251322751322,10.429920634920636,0.2877355564683478,0.1415096293903386,0.2505329823515434,0.24187162488848585,False,1.9609707189897552,7.158833506658639,0.0,1.8175000000000003,fastStorage,430.csv
9,359,6.789275766016713,10.821030640668523,0.42359208724639263,0.24448168957509614,0.3459175622027045,0.33311715506696277,False,1.7112786086201048,4.39309082362001,0.0,2.281666666666656,fastStorage,430.csv
10,359,4.548176150683115,11.215452977848523,0.2504091107642531,0.1632883100290684,0.18984638674885243,0.42521633174045353,False,1.9695430024486251,7.108917627867076,0.0,1.85,fastStorage,430.csv
11,358,5.058180367118915,11.3426576217079,0.27305380211519437,0.18218384218083666,0.20338983872797514,0.44516730197073234,False,1.9642095284861196,7.041653079329232,0.0,1.85,fastStorage,430.csv
12,353,7.442681775259678,11.486766491299072,0.45058687754847127,0.26712878595250433,0.3628646385836214,0.35146679533985825,False,2.0681600325022074,4.409000901237587,0.0,1.9399999999999995,fastStorage,430.csv
13,360,5.9725925925925925,11.27287037037037,0.3337244013276624,0.1921595702299614,0.27284918106995154,0.33154929761865737,False,1.7383541954354826,5.699549364649264,0.0,1.8833333333333333,fastStorage,430.csv
14,357,3.906202480992397,11.004281712685074,0.11097709553058488,0.08198381637110046,0.07479685545284806,0.5457447333035659,True,0.0417240351135969,4.176867820937243,0.0,1.7833333333333334,fastStorage,430.csv
15,359,11.653588009019764,11.611062475129325,0.5521953157594521,0.44547510475774127,0.32629985870018474,0.6508208246330853,False,2.808620888889684,5.807684013373173,0.0,1.9,fastStorage,430.csv
16,360,5.7794576719576725,11.662619047619048,0.35013064754759315,0.22588819032924792,0.2675182158692644,0.4162236930813495,False,2.2782615718864134,5.907495142641375,0.0,1.85,fastStorage,430.csv
17,360,3.825291005291005,10.84611111111111,0.15373129323731075,0.08869912748397568,0.12556183856569417,0.3329002599793232,False,2.3201914333053213,9.441979521449575,0.0,1.8175000000000003,fastStorage,430.csv
18,360,4.555740740740741,10.781626984126984,0.16112576711212864,0.08028095396043311,0.13970140034614806,0.24825331295706263,False,1.2764774693835186,5.212554200897796,0.0,1.85,fastStorage,430.csv
19,360,3.314907407407407,10.207156084656084,0.0924252173032313,0.08292332199057842,0.04081842064064187,0.8049565218264003,True,0.21353264240568226,-0.4703866861453057,0.0,1.8,fastStorage,430.csv
20,360,3.2923544973544976,10.18478835978836,0.0911846181182035,0.08214927323842745,0.03957437918351709,0.8116415733685636,False,0.20677833030120435,-0.4228905629503862,0.0,1.8008333333333335,fastStorage,430.csv
21,358,3.4456504389465286,10.657887736100028,0.09573450289448965,0.08795121781504762,0.03781108738591226,0.8440083466270146,True,0.2141629669190367,-0.49743829471430673,0.0,1.8,fastStorage,430.csv
22,359,3.221912720519963,12.43611884865367,0.1259935598596634,0.08293387334010946,0.09484908949967451,0.43327856536053694,False,0.34343489436650426,0.6370208254464995,0.0,2.1183333333333327,fastStorage,430.csv
23,360,2.9693253968253965,9.539828042328043,0.10040810217400391,0.09310299694842947,0.037598124174032174,0.8597848829871285,True,0.20382576726967427,-0.3062965130880833,0.0,1.8,fastStorage,430.csv
0,360,3.4288888888888893,11.672407407407407,0.09955598934331793,0.08977052628508338,0.04304239334221537,0.8130790244980262,True,0.16259038156277011,0.41968810504288256,0.0,2.05,fastStorage,425.csv
1,360,3.467063492063492,18.20093915343915,0.2970888634027146,0.09858085316884377,0.28025632579197873,0.11010635868401214,False,1.1216250356983748,2.7958087647655536,0.0,3.8558333333333383,fastStorage,425.csv
2,360,3.933518518518518,14.437407407407406,0.2413258903490476,0.09582581930377593,0.22148498302937075,0.15767296988426252,True,0.6277506667625675,2.1387927031165885,0.0,3.3008333333333333,fastStorage,425.csv
3,360,2.814021164021164,9.441296296296297,0.10317361869053193,0.0956194317851252,0.038752030382795,0.8589245001869323,True,0.17468729937353317,0.5357964413078853,0.0,2.05,fastStorage,425.csv
4,355,2.6396378269617706,9.056539235412476,0.10073836289330748,0.09317893282405584,0.03828712885806136,0.8555505734022116,True,0.16769723349160826,0.604098515719547,0.0,2.0383333333333336,fastStorage,425.csv
5,360,2.671084656084656,9.140436507936508,0.0961577478286103,0.08775266625252506,0.039316434643079635,0.8328217829019122,True,0.16181341934621024,0.6702356964135241,0.0,2.033333333333333,fastStorage,425.csv
6,360,2.8766666666666665,9.577962962962962,0.09253816220227763,0.08181342124787251,0.043242057854514834,0.7816410654449215,True,0.15615103400361313,0.5394712201878308,0.0,2.0166666666666666,fastStorage,425.csv
7,359,3.988300835654597,10.453667595171773,0.2054990756986384,0.09897558487830568,0.18009359708493808,0.2319724492590442,False,2.359434940259833,8.663927558425057,0.0,2.033333333333333,fastStorage,425.csv
8,360,7.40787037037037,10.761150793650792,0.27115164121104013,0.13534338857966094,0.23495825097071077,0.24914353170288725,False,2.30907406699092,6.943411638090104,0.0,2.0675,fastStorage,425.csv
9,359,6.703117124287042,11.120626077729142,0.4132032625785276,0.23601155423889733,0.33916881117119185,0.32624138029046307,False,1.762460017570417,4.396660457409982,0.0,2.319999999999993,fastStorage,425.csv
10,358,4.525232774674115,11.535727587124237,0.2640304450166429,0.17745838928702695,0.19550088482495548,0.45173636739018075,False,2.04372575593691,6.751330191738919,0.0,2.2024999999999997,fastStorage,425.csv
11,358,5.055679702048417,11.678212290502792,0.27676046596971554,0.20061794007920558,0.19065360642314205,0.5254500374907737,False,1.9553207367395584,6.623553657644649,0.0,2.1024999999999996,fastStorage,425.csv
12,354,7.489077212806026,11.823540489642184,0.44581496631671325,0.26759207095735943,0.35657463139253714,0.3602775439345007,False,2.1253784453470876,4.381634105717129,0.0,2.284166666666665,fastStorage,425.csv
13,360,5.863333333333334,11.651296296296294,0.33339409336668446,0.18286211415545978,0.27877063815687103,0.3008372918416959,False,1.8926504884073538,5.519589554436634,0.0,2.1166666666666667,fastStorage,425.csv
14,358,3.939026336791699,11.325392391593509,0.10902390218391547,0.07644572217630122,0.07773199346698717,0.4916577972085616,False,1.216939368220526,3.9255701326137014,0.0,2.0358333333333327,fastStorage,425.csv
15,360,11.240740740740742,11.962777777777779,0.5402424115762017,0.4352965076906752,0.31996689462813516,0.6492216814062455,False,2.6578178901088485,5.5040277313530455,0.0,2.1,fastStorage,425.csv
16,360,5.772222222222222,11.974444444444446,0.33544345868625236,0.220965581888162,0.2523817061441289,0.4339209411375102,False,2.191149972714674,5.983715100741761,0.0,2.05,fastStorage,425.csv
17,360,3.816058201058201,11.213690476190477,0.1566127199686361,0.09553071534799895,0.12410248378285599,0.3720762891740667,False,2.428554822883505,10.350573811365582,0.0,2.0175,fastStorage,425.csv
18,360,4.554576719576719,11.09825396825397,0.15565585240481764,0.09101937639579437,0.12627041422435856,0.3419296826469789,False,1.2151903041558412,5.112316358493849,0.0,2.05,fastStorage,425.csv
19,360,3.3275,10.529166666666667,0.09430937382994742,0.08431510760638751,0.042251871219155086,0.799283917434563,True,0.15210179543556712,0.41828230374858705,0.0,2.05,fastStorage,425.csv
20,360,3.3061111111111106,10.526851851851852,0.09498749446616558,0.08683945960646189,0.03849067887446919,0.835798062405914,True,0.15783803268587532,0.3593294781573521,0.0,2.05,fastStorage,425.csv
21,358,3.458472998137802,11.034450651769086,0.0988553788337926,0.09118571866442393,0.038177881502581806,0.8508500741471947,True,0.16505913637293168,0.2617625872408033,0.0,2.05,fastStorage,425.csv
22,359,3.2318919396913826,12.73916080824159,0.1273401228143815,0.09373621230608124,0.08619181736621541,0.541856481168943,True,0.18374841447922063,0.8218075863445091,0.0,2.25,fastStorage,425.csv
23,360,2.9783333333333326,9.85601851851852,0.09906887972752898,0.08934690056048851,0.04279923236112749,0.8133631244988645,True,0.15909491195656278,0.5644149744828142,0.0,2.05,fastStorage,425.csv
0,360,3.0119576719576715,9.53021164021164,0.1387988720016136,0.13332978121776579,0.038578443583729825,0.9227466125985376,False,0.19872151105635028,0.3933136074180073,0.0,1.7,fastStorage,393.csv
1,360,3.4227865961199293,11.119642857142857,0.12660753651387846,0.112654062707642,0.057780017805256226,0.7917254400050417,False,0.2158042019539809,0.23905672572076545,0.0,1.634166666666667,fastStorage,393.csv
2,360,3.8084788359788364,12.183941798941797,0.17477995684120717,0.10897160625543972,0.1366499994274557,0.3887258746924349,False,0.9420966727487329,2.864957800609756,0.0,1.7350000000000005,fastStorage,393.csv
3,360,2.8162962962962963,8.986111111111112,0.10802203293046501,0.10061664931011058,0.03930711742212459,0.867590940836204,True,0.202343683902216,0.32851615636388065,0.0,1.6333333333333335,fastStorage,393.csv
4,355,2.6354527162977868,8.588048289738431,0.11088787595070385,0.10376817084844357,0.03909332106162015,0.8757097667188785,True,0.20817670073021907,0.25901557903203387,0.0,1.6,fastStorage,393.csv
5,360,2.659570105820106,8.63787037037037,0.11819134653965817,0.10531973690477123,0.05363718313975237,0.7940505849203072,True,0.2067050090501969,0.7399620081444647,0.0,1.65,fastStorage,393.csv
6,360,2.8782936507936507,9.14873015873016,0.11263415677810673,0.10502821909102257,0.04068816127184031,0.8695043892849356,True,0.20710006728061067,0.11704357743074129,0.0,1.6166666666666665,fastStorage,393.csv
7,360,4.008518518518518,9.92074074074074,0.1801580785088239,0.10434972917259491,0.1468607070444564,0.3354865936918352,True,0.15063067485028261,5.387320599762287,0.0,1.65,fastStorage,393.csv
8,360,3.823994708994709,10.07462962962963,0.15791819377727448,0.10883307032307793,0.1144269143599039,0.4749604273529128,True,0.13989639653004496,4.390611217652543,0.0,1.6508333333333334,fastStorage,393.csv
9,359,4.711559888579388,10.376299907149491,0.21482801740498642,0.12662948208308328,0.17353976872615465,0.34744640327751464,False,1.5151119128278892,5.115511944027536,0.0,1.6666666666666663,fastStorage,393.csv
10,358,4.749471013158164,10.881893711502652,0.188617566128813,0.11162002500901351,0.15204458645194951,0.3502030772327775,False,1.2671957721418874,4.639551688736478,0.0,1.6746153846153844,fastStorage,393.csv
11,358,4.703654562383613,10.894672785315246,0.21194265271626156,0.10290074767996579,0.18528660007488362,0.2357221150683734,False,1.3723322025243534,4.390642689542891,0.0,1.7166666666666666,fastStorage,393.csv
12,354,4.45668549905838,10.95593220338983,0.1718845420824012,0.10071805650079496,0.13928448909185623,0.3433531457851222,True,0.1285159600091753,4.934954877676594,0.0,1.6666666666666663,fastStorage,393.csv
13,359,4.201857010213557,10.854224698235841,0.1548623677112747,0.1014364463721401,0.11701709396722346,0.42903849681858497,False,1.4212359364649505,4.380905176742597,0.0,1.6349999999999996,fastStorage,393.csv
14,357,5.987221555288782,10.862411631319194,0.2689890822696985,0.1205724138530615,0.24045253044611672,0.20092158924503203,False,1.4195229607367323,4.3636458303838515,0.0,1.6833333333333331,fastStorage,393.csv
15,360,5.503161375661376,11.452063492063493,0.2330213813158546,0.11241699233865976,0.20411120494445817,0.23274072285205985,False,1.6195099966628246,5.302109556516496,0.0,1.6833333333333331,fastStorage,393.csv
16,360,5.9815476190476184,11.26313492063492,0.24347912882258343,0.10613063837061244,0.21913095119414436,0.190001957222534,False,1.4984701344784046,4.933778728397535,0.0,1.65,fastStorage,393.csv
17,360,3.5903042328042325,10.545410052910054,0.10239132479599271,0.09503436179699862,0.038111067569875846,0.8614597699363836,True,0.1887884572426205,0.22584259162974252,0.0,1.6166666666666665,fastStorage,393.csv
18,360,3.575185185185185,10.540370370370372,0.10286263603433633,0.09578634163426518,0.03749264792270862,0.8671452985331736,True,0.19103453056801406,0.2267066344658937,0.0,1.6333333333333335,fastStorage,393.csv
19,360,3.3261111111111115,9.998333333333333,0.1025630959453584,0.09272001428229044,0.04384275996545661,0.817268454311112,True,0.1904403267849097,0.38265807616192765,0.0,1.6166666666666665,fastStorage,393.csv
20,360,3.2965163540163545,9.94224987974988,0.11944681370198257,0.11247553540908692,0.04020939241017416,0.8866801782033471,True,0.19801545182970634,1.0103088028211253,0.0,1.7,fastStorage,393.csv
21,358,3.4644320297951583,10.489691407289174,0.12153929987204122,0.11530012450034603,0.038440638699047,0.8999659782691355,True,0.1940895170980628,1.022529678497466,0.0,1.7024999999999995,fastStorage,393.csv
22,359,3.1125480833001724,9.682981827828625,0.13505812425188984,0.12829300824419973,0.042209015175583245,0.9023282405668238,False,0.2125288268245859,0.5003410472987693,0.0,1.6833333333333331,fastStorage,393.csv
23,360,2.977222222222222,9.30925925925926,0.13892824893186762,0.13373312334294776,0.03763655234230282,0.9266097202321901,False,0.20563705837882687,0.4245537154098779,0.0,1.7,fastStorage,393.csv
0,264,2.3705717893217892,8.212896825396825,0.16560857517989094,0.1594021226121879,0.04491284315029062,0.9264512230235937,False,0.22859219973370293,0.5427501523698643,0.0,2.1308333333333334,rnd,122.csv
1,264,2.657323232323232,9.323737373737373,0.15446865986764344,0.14802536677399505,0.04414813328703659,0.9183146954376425,False,0.23936156227342303,0.30861026667759617,0.0,2.1,rnd,122.csv
2,264,2.9259199134199134,9.432828282828282,0.2507496945101922,0.1385476770307999,0.20899748918665,0.3052935801971876,True,0.4493279063846278,1.2205505391297473,0.0,2.983333333333333,rnd,122.csv
3,264,2.0857503607503607,7.452633477633478,0.14113710211424002,0.13389298611072065,0.044635746477008575,0.8999808378343069,False,0.22463597895416537,0.2793940454069062,0.0,1.9833333333333332,rnd,122.csv
4,264,1.8916666666666668,7.034343434343435,0.14029407784629752,0.13247800034864635,0.04617366892902323,0.8916796407346944,True,0.22124746459271583,0.4314504725801375,0.0,2.033333333333333,rnd,122.csv
5,264,1.8900432900432902,7.094733044733045,0.12603770225362573,0.1171614284867626,0.04646183449149222,0.8641086689358431,True,0.214027591403262,0.33482346857394885,0.0,1.9166666666666663,rnd,122.csv
6,264,2.194444444444444,7.708838383838384,0.12515495632265097,0.11623047996128226,0.04641377618869882,0.8624699181528271,False,0.2083541789845661,0.30911591360979507,0.0,1.9641666666666664,rnd,122.csv
7,264,3.0358585858585854,8.84781746031746,0.13678896488593115,0.1157060669388267,0.07296113340753596,0.7155008210090302,False,0.11845415153644889,2.2084889796475435,0.0,1.95,rnd,122.csv
8,264,7.751767676767677,9.18459595959596,0.28619945539829855,0.17820010951760917,0.22395278350177916,0.38768440121719167,False,2.3434519143765615,6.006590488745129,0.0,2.1333333333333333,rnd,122.csv
9,263,4.478073510773131,9.438022813688212,0.3039350613139357,0.20375838437605473,0.22551949426239368,0.44943756845596444,False,1.7748847392708673,5.447346965800254,0.0,2.098333333333333,rnd,122.csv
10,263,4.524968314321926,10.224714828897339,0.30812212164783637,0.2140299815466956,0.22165380404559984,0.4825068339375538,False,2.057248490995933,5.864438076798062,0.0,2.098333333333333,rnd,122.csv
11,268,6.371866317761841,46.695855139885,0.21797165372717925,0.13734381302102236,0.16925814265023642,0.397025281576651,False,1.5719704140129402,6.701212772846766,0.0,2.044166666666666,rnd,122.csv
12,276,8.260581568190263,17.839943872552567,0.48164211979757227,0.3151606073500092,0.36421548997519626,0.4281687225741239,False,1.957893682755851,3.8822648949047456,0.0,3.1791666666666663,rnd,122.csv
13,276,4.8130434782608695,10.427777777777777,0.2839268376792522,0.17983144370879653,0.21971595528807267,0.40116069123532083,False,1.8698007909629977,5.998493027876848,0.0,2.0041666666666664,rnd,122.csv
14,276,3.3554440728353776,10.186064659977703,0.1060877726507931,0.09797821310368512,0.04068028100954099,0.8529594136617065,True,0.1871255355014902,-0.08704329721336483,0.0,1.95,rnd,122.csv
15,276,12.649189095928225,10.874413388543823,0.6242429082956794,0.5256606255766187,0.33668993937426434,0.709093755103093,False,3.4140165328762433,5.135272619638764,0.0,2.1875,rnd,122.csv
16,276,3.6323671497584544,10.663405797101449,0.1241684515187462,0.11431658227385481,0.0484718822595967,0.8476097298901321,False,0.20917075858750755,0.030480827182780806,0.0,2.15,rnd,122.csv
17,276,3.2029848171152517,9.878122843340234,0.13873352076342008,0.12732211611293057,0.05510053114026884,0.8422574872172476,False,0.22355770966503308,-0.008156308330025489,0.0,2.1208333333333336,rnd,122.csv
18,276,3.1814009661835745,9.779227053140096,0.14974849995267187,0.14269665608504858,0.045412306484264094,0.9080350881272219,False,0.2465866931426416,-0.007936456556057335,0.0,2.15,rnd,122.csv
19,276,2.8679347826086956,9.129257246376813,0.14398048213769074,0.13447319738053717,0.051452292688052015,0.8722966718243729,False,0.23234329894433547,-0.08979836496534717,0.0,2.083333333333333,rnd,122.csv
20,276,2.8391218081435476,9.082919254658384,0.13936983550735033,0.13078636193157064,0.048154735821620935,0.8806175645645384,False,0.21617368728859238,0.5669653831488833,0.0,2.1416666666666666,rnd,122.csv
21,273,2.969649398220827,9.433281004709576,0.1405251175515875,0.1297461946305541,0.05397437949414393,0.8524743958019501,False,0.12576298672107689,0.49596801393016904,0.0,2.1333333333333333,rnd,122.csv
22,263,2.512957004972214,8.515998830067272,0.14114876691275155,0.13227228979261668,0.04926475163855277,0.8781800495669131,False,0.22409295914633653,0.39921324763901944,0.0,2.129999999999999,rnd,122.csv
23,264,2.3118020868020865,8.047324203574203,0.16569104225511536,0.1571041273570139,0.05264802608814095,0.8990360980599605,False,0.2430287203026436,0.6446113744785477,0.0,2.1641666666666666,rnd,122.csv
0,359,0.4957156121501525,2.3976654728743867,0.09958698059891254,0.023919009515737992,0.09667185572127092,0.05768743818346016,True,0.1613492948444697,3.4544663632177115,0.0,1.2,rnd,294.csv
1,360,0.48632275132275127,2.3548941798941803,0.08172875027381185,0.027267931615484513,0.07704575605919098,0.11131525259109501,True,0.14706718922791437,3.822623938133881,0.0,1.1333333333333333,rnd,294.csv
2,360,1.8770171957671957,15.38355158730159,0.414061818704197,0.0974929439837458,0.4024205705254262,0.05543907802030019,True,0.8942116061865771,4.190927502359603,0.0,2.6033333333333344,rnd,294.csv
3,360,0.4939417989417989,2.385648148148148,0.0886288948635517,0.021717620593997112,0.08592686402092009,0.06004458056900067,True,0.15175727356743143,3.1749577176193218,0.0,1.2,rnd,294.csv
4,360,0.49305555555555547,2.248015873015873,0.10861058028790706,0.05308759609937832,0.09475212552162182,0.23891413901424557,True,0.1953922304179241,4.7639922213954735,0.0,1.2,rnd,294.csv
5,359,0.4915903966043242,2.22825308396339,0.09905512064164161,0.045875580092094664,0.08779150344164281,0.21449109942554606,True,0.18422738997444243,4.717734887992928,0.0,1.1333333333333333,rnd,294.csv
6,360,6.015653235653235,10.178470695970695,0.6831104778405097,0.08011944863259195,0.6783957538828638,0.013756058378583765,False,2.24412651484859,2.6440764174084466,0.0,10.136666666666667,rnd,294.csv
7,360,4.317936507936508,7.480105820105821,0.6488334862395745,0.10749850670259321,0.6398663641124707,0.027449747340390265,True,0.8997633338921986,2.778492795483951,0.0,9.47666666666667,rnd,294.csv
8,360,1.1512301587301588,2.4733597883597884,0.18210130770684652,0.06067537126339205,0.1716956190198024,0.11101936926947371,True,0.2492981390730119,5.519320672434694,0.0,1.2666666666666666,rnd,294.csv
9,359,0.48987929433611876,2.249741345005969,0.09217616221619411,0.02635390918182759,0.08832845720232022,0.08174342785708111,True,0.15640808337129875,2.8111335186669684,0.0,1.2,rnd,294.csv
10,360,0.4873148148148148,2.181170634920635,0.07656118164658428,0.03127624014991435,0.0698814090957399,0.16688289413334406,True,0.16200876119798235,4.266409170959497,0.0,1.1338095238095238,rnd,294.csv
11,360,0.4896296296296296,2.19289072039072,0.12153927044123952,0.03783940685499879,0.11549880323297998,0.0969293699868642,True,0.19754960984492012,2.7265581853424443,0.0,1.3333333333333337,rnd,294.csv
12,360,0.5039417989417989,2.311190476190476,0.09545526305745144,0.03546959256155113,0.08862062541465623,0.13807423379653755,True,0.16656532931235923,2.7819700931876885,0.0,1.2666666666666666,rnd,294.csv
13,357,0.4919167667066826,3.1618113912231554,0.09298496077481647,0.033012493519582964,0.08692743066439758,0.12604662846415862,True,0.16610256937136259,3.8600261901786603,0.0,1.2,rnd,294.csv
14,352,0.49067911255411256,2.1890151515151515,0.07151811042725545,0.030682903687215192,0.06460185400130695,0.18406060732301438,True,0.1293639047966168,5.04217496128135,0.0,1.1333333333333333,rnd,294.csv
15,360,0.49388888888888893,2.250925925925926,0.09002676135824034,0.02706405547974487,0.08586241704985276,0.09037379008897592,True,0.16794610080277927,3.5249446856793702,0.0,1.2,rnd,294.csv
16,360,0.49240740740740735,2.198888888888889,0.08646619493829688,0.028862948746748253,0.08150664424910486,0.11142655434239747,True,0.1577424325935969,5.617905614293442,0.0,1.1333333333333333,rnd,294.csv
17,360,0.4915873015873016,2.2076984126984125,0.11151826526462229,0.05921739287191931,0.09449668707993641,0.28197237085663224,True,0.22678250475034809,4.146901182440454,0.0,1.2666666666666666,rnd,294.csv
18,360,0.49796296296296294,2.3201851851851854,0.095611535014068,0.028414019914996726,0.09129188956318364,0.08831709584618126,True,0.16529027698670035,3.0786741832051168,0.0,1.2,rnd,294.csv
19,360,0.4932275132275132,2.2474735449735452,0.08869337435993377,0.03194533097824102,0.08274062172864059,0.12972761331031735,True,0.1707347760315132,4.733725867167028,0.0,1.1333333333333333,rnd,294.csv
20,357,0.49319727891156456,2.239028944911298,0.06056043353585572,0.01686322095606026,0.05816526359467382,0.0775359495861879,True,0.1404577431066307,4.6998628235685995,0.0,1.1333333333333333,rnd,294.csv
21,360,0.4966921041921042,2.5491300366300367,0.1070925450206636,0.03859831920330856,0.09989485949578368,0.1299027387986431,True,0.170928068407947,2.565831662575023,0.0,1.2666666666666666,rnd,294.csv
22,360,0.4961100936100935,2.3390435490435495,0.09401519807564136,0.02799660279111005,0.08974991755627905,0.08867772453332125,True,0.16967763273505576,3.0072122609792253,0.0,1.2666666666666666,rnd,294.csv
23,359,0.4942300039793075,2.2801565194322855,0.08044634588087837,0.03036894938423154,0.07449390229330116,0.14251050914039068,True,0.15323225576338778,3.6679100667593243,0.0,1.1333333333333333,rnd,294.csv
0,360,3.158015873015873,10.453968253968254,0.1339842667178737,0.12910020359570865,0.035845796956866405,0.9284237611734352,True,0.25410911704967476,-0.7163846017567785,0.0,2.1666666666666665,rnd,119.csv
1,360,3.218253968253968,15.672169312169313,0.26085927586497404,0.13174258409848413,0.22514762565892735,0.2550584915111864,False,0.9928785877310001,2.5294550448669177,0.0,2.6266666666666727,rnd,119.csv
2,360,3.4146296296296295,15.660370370370371,0.23056486624946843,0.11018159197095267,0.20253437816672448,0.2283662007236689,False,0.6364732252933208,1.7392333324575513,0.0,3.2183333333333337,rnd,119.csv
3,360,2.7058068783068783,8.954179894179894,0.12779752851100595,0.12427991122521104,0.02977770910219648,0.9457077730433562,True,0.2382504036231468,-0.6977352076121647,0.0,2.1333333333333333,rnd,119.csv
4,360,2.5651851851851855,8.677830687830689,0.12851646639958586,0.12442550722739339,0.03216792326280574,0.937348929479565,True,0.2384927065008629,-0.7086242596214415,0.0,2.1166666666666667,rnd,119.csv
5,358,2.5644320297951584,8.682698191008246,0.1280764262755304,0.12416090832401608,0.03142673721000406,0.9397911702505051,True,0.23438480170463782,-0.7118665409729407,0.0,2.119166666666666,rnd,119.csv
6,360,2.7774074074074075,9.142777777777777,0.1338930464602063,0.12747771993391233,0.04094848972606899,0.9064681055392273,True,0.24511233733784454,-0.768745887489675,0.0,2.15,rnd,119.csv
7,360,3.396296296296296,9.98720238095238,0.1432036038954018,0.1280649945402933,0.0640829879299162,0.7997476549656628,False,0.24802947923595525,0.7124051863607924,0.0,2.15,rnd,119.csv
8,360,5.9144444444444435,30.557169312169307,0.2812878473365189,0.1684054638214933,0.22530524364577145,0.35843500516479554,False,2.087042961823658,6.04252628622716,0.0,2.151666666666667,rnd,119.csv
9,359,4.575620108767741,10.396206393420877,0.2855757595329787,0.19064311323292327,0.21262341782996635,0.4456557988444813,False,1.7448207589015303,5.424622838946703,0.0,2.2333333333333334,rnd,119.csv
10,358,4.455932428837457,14.221561585528068,0.2677477099548348,0.19311578394084297,0.18545924128759939,0.5202163682821651,False,1.737897296718204,5.925399035175659,0.0,2.169166666666666,rnd,119.csv
11,358,4.120750199521149,12.163288108539508,0.1758597612758563,0.1451231720073784,0.09932734055897212,0.6809897358887621,True,0.10366637730302353,2.6738651020192488,0.0,2.1666666666666665,rnd,119.csv
12,360,7.153148148148148,11.362222222222222,0.4224049713755073,0.29621712771550257,0.3011334805210486,0.4917702941284811,False,2.205716367048903,4.303084288153243,0.0,2.2675,rnd,119.csv
13,359,4.783039306716187,11.077189724543485,0.25645963713947983,0.17823448166823866,0.1844017760927697,0.4829980840936446,False,1.7929730636810646,5.567554934232721,0.0,2.1833333333333336,rnd,119.csv
14,350,3.574163265306123,10.848163265306123,0.13049371972732893,0.12364628838477273,0.04171577947185318,0.8978069163502623,True,0.2946562893089764,-1.021178238499276,0.0,2.1591666666666667,rnd,119.csv
15,360,14.097513227513225,11.396957671957674,0.5058751960731508,0.42998225316658206,0.26650511432960916,0.7224608052069901,False,3.100687111718232,5.723844481581352,0.0,2.2175000000000002,rnd,119.csv
16,360,5.6239153439153435,11.35243386243386,0.22455085769581207,0.15621625377994716,0.16130582676048622,0.48397508090225566,False,1.1666774894287675,3.4517897297573064,0.0,2.335,rnd,119.csv
17,360,4.2215476190476195,10.64994708994709,0.1746630690563532,0.13875578016400272,0.10608497142980886,0.6311026346703696,False,0.3502768317164554,2.677918877184381,0.0,2.2008333333333336,rnd,119.csv
18,360,3.475925925925926,10.591759259259259,0.1411143953734922,0.13318510354045593,0.046636903590872206,0.8907763268127428,False,0.33906357611504945,-0.10886418172164226,0.0,2.2,rnd,119.csv
19,360,3.2271296296296295,10.146468253968253,0.13232837617523893,0.12699343482979839,0.037194981533875036,0.9209935171917906,False,0.30840434639426434,-0.5094381346234795,0.0,2.2,rnd,119.csv
20,360,3.19962962962963,10.005740740740741,0.14401756878642483,0.1381041150828018,0.04084499377339698,0.9195646940530151,False,0.3466966720636472,0.14158515704621305,0.0,2.1666666666666665,rnd,119.csv
21,357,3.3075630252100847,10.32549019607843,0.14898710231759793,0.14522990582851977,0.033248024152326215,0.9501994274710249,False,0.3550098802632731,0.23009852441282444,0.0,2.15,rnd,119.csv
22,359,3.1175487465181058,12.679002520228147,0.1658351559919228,0.14057624506166058,0.08797510038203606,0.7185726282354875,False,0.36810826023428156,0.6227444762567238,0.0,2.354999999999998,rnd,119.csv
23,360,2.869550264550265,9.339378306878308,0.13458463457743927,0.13038800927988853,0.03334652756091043,0.9386082131454803,True,0.25764075078884424,-0.7346186308654586,0.0,2.1508333333333334,rnd,119.csv
0,359,1.5991643454038995,11.875301764159703,0.09317248788611826,0.03868924906855071,0.08475998174492785,0.17242697795702372,True,0.06671320405782499,1.242403718439779,0.0,0.9666666666666668,rnd,393.csv
1,360,1.5894576719576718,11.220753968253966,0.09420569584693261,0.044564643321473627,0.08299822706320066,0.22378271897664093,True,0.06809916110083203,1.3574936867142027,0.0,0.9508333333333335,rnd,393.csv
2,360,1.5742857142857145,14.148756613756612,0.07893538816444434,0.03871552882855943,0.06878883144956371,0.24056192686009847,False,0.10752709753976551,0.5256017204588788,0.0,0.9666666666666668,rnd,393.csv
3,360,1.683306878306878,67.80707671957671,0.14419286986821073,0.04312587489491507,0.13759266926467736,0.08945163150744119,True,0.27800895453739116,2.5158919886738436,0.0,1.2,rnd,393.csv
4,360,1.5780711880711882,11.77066378066378,0.08440918981600087,0.0416087069678836,0.0734413155509517,0.2429903217698711,True,0.12206395993883046,0.6376100817862468,0.0,1.0,rnd,393.csv
5,359,1.5907812707255606,12.378856612282796,0.09273570030011229,0.040955168828252016,0.0832020688228461,0.19503992858838518,True,0.09800345266776386,1.626470052006802,0.0,0.9666666666666668,rnd,393.csv
6,360,2.089589947089947,15.29777777777778,0.12949020957061702,0.04597767904562703,0.12105274637206553,0.12607245824866845,False,0.6050233322589031,7.8170865505606555,0.0,0.9833333333333332,rnd,393.csv
7,360,1.8904016354016357,11.393388648388651,0.0927198777348153,0.04164939687181671,0.08283902140521097,0.20177703355681387,True,0.100737700052928,1.2114253646061937,0.0,0.9833333333333332,rnd,393.csv
8,360,1.7271825396825395,11.254351851851851,0.09081916172604614,0.03362177712731274,0.08436644024387324,0.1370523074924186,True,0.08056092890334231,2.0282885572367384,0.0,0.9674404761904765,rnd,393.csv
9,359,1.8234646504841492,11.692346465048415,0.08173220972959164,0.03102719385247446,0.07561393620836654,0.14411145954097318,False,0.11983421070465967,0.7399613046350547,0.0,0.9833333333333332,rnd,393.csv
10,360,2.1953825803825806,23.004301994301994,0.22228703119506704,0.08534898526855393,0.20524881230142325,0.14742409587197006,False,0.9480451745660647,7.057246753733573,0.0,1.0166666666666666,rnd,393.csv
11,360,1.8442592592592595,12.724391534391533,0.09944533019735897,0.053332998957555736,0.08393428929975587,0.2876227418086268,True,0.11985903727969782,1.4587233947757805,0.0,1.0166666666666666,rnd,393.csv
12,360,1.7850000000000004,11.840925925925927,0.09306847689672304,0.04214152050040624,0.08298092336067195,0.20502895084720973,True,0.10512587327946528,1.020571642343804,0.0,0.9833333333333332,rnd,393.csv
13,357,1.815126050420168,12.69859943977591,0.09993365246820678,0.048345592889370036,0.08746106873238872,0.2340400918067806,True,0.11086882366772415,1.809499762118977,0.0,1.0166666666666666,rnd,393.csv
14,352,25.246577380952377,222.3203869047619,1.057272560264883,0.21767318070734562,1.034622468869591,0.04238731670433124,True,1.7526718531481629,0.43080495139528957,0.0,13.131666666666666,rnd,393.csv
15,358,3.3682096302208033,83.11511040170258,0.38160161381808133,0.2599812561444367,0.2793376775913426,0.46415568084506703,False,0.9121950894430794,4.951763153167086,0.0,1.3741666666666652,rnd,393.csv
16,359,1.6048680196312506,11.757076535349514,0.1011800840986114,0.06377786329116145,0.07854803353500325,0.39732862874018426,True,0.15132943140410793,1.673397397210177,0.0,1.0666666666666669,rnd,393.csv
17,360,1.618015873015873,11.022050264550264,0.08471530534993212,0.05096573336178579,0.06766961639781617,0.3619368434399962,True,0.13061981986125185,0.9521363353234903,0.0,0.9833333333333332,rnd,393.csv
18,360,1.5601719576719575,11.755238095238095,0.09604832374719269,0.04629076001963241,0.08415726962925033,0.23227851602332572,True,0.11499933999067796,1.4454532477783564,0.0,1.0166666666666666,rnd,393.csv
19,360,1.5940873015873018,11.710224867724868,0.07993644044131987,0.02689488068305188,0.07527615760300921,0.11320083576109238,True,0.10998562392550142,1.2199680874148702,0.0,0.9666666666666668,rnd,393.csv
20,357,1.5984393757503,11.512538348672804,0.07975267480256337,0.03434093681775222,0.07198047788562241,0.18541025947909562,True,0.11965914929966216,0.8041593605338382,0.0,0.9666666666666668,rnd,393.csv
21,360,1.6143121693121694,12.085224867724868,0.08340741863534507,0.03920839545704379,0.07361724804076675,0.2209778677590627,True,0.11923593865471238,0.7735894310066215,0.0,0.9833333333333332,rnd,393.csv
22,360,1.6167328042328046,15.333095238095236,0.0973569468273922,0.044140981821038684,0.0867752776972013,0.20556543252225692,True,0.10831861389593056,1.741746061225624,0.0,0.9833333333333332,rnd,393.csv
23,359,1.5871335720917894,11.326714418357874,0.08641114677728927,0.04297325400466904,0.0749678979805118,0.24731869331857528,True,0.08150539598501252,1.0044254983173866,0.0,0.9666666666666668,rnd,393.csv
0,360,95.55821428571427,8.030999185999185,0.3453483606208081,0.3011625407113527,0.16901660940795876,0.7604787922154577,True,0.47014532842833734,1.8239195150264775,0.0,3.283333333333333,rnd,22.csv
1,360,252.1280291005291,9.719113756613757,0.45518320981847854,0.38645733427077533,0.2405046429676136,0.7208263261808665,True,0.5541095510697607,2.018763499122065,0.0,5.2700000000000005,rnd,22.csv
2,360,108.63125661375662,16.665992063492062,0.4109195417750342,0.3305236279121481,0.24414954680358497,0.6469808583516111,True,0.5405239839296563,1.4733658262871951,0.0,4.49666666666667,rnd,22.csv
3,360,394.2744973544972,10.590820105820105,0.4879970183877995,0.38556214286365187,0.2991369651944929,0.6242440816805844,True,0.578243415733225,2.3648703106913023,0.0,5.030000000000003,rnd,22.csv
4,360,100.32940476190475,7.3232936507936515,0.4521531111048671,0.3934438349251908,0.22281019869200216,0.7571718198961918,True,0.5334307221634185,2.0484404770097866,0.0,6.653333333333334,rnd,22.csv
5,358,74.23152434158021,7.313766959297685,0.4451851829542931,0.41186267695914525,0.16899403081202086,0.855900880570803,True,0.5468324773204335,2.0914213775779156,0.0,4.928333333333304,rnd,22.csv
6,360,21.82148148148148,7.622592592592592,0.3417160272432259,0.32170229538772804,0.11522793245198869,0.8862936179001029,True,0.42851556375333194,2.2336418171193104,0.0,3.355833333333335,rnd,22.csv
7,360,26.339814814814815,9.07962962962963,0.3352485153221858,0.29521328251430073,0.15887317222508499,0.775421897560311,True,0.43137060693886653,1.8775307866709052,0.0,3.5175000000000005,rnd,22.csv
8,360,121.53177910052914,34.815568783068784,0.4329416867049108,0.3382666611958781,0.2702113432302318,0.61046333374258,True,0.4972240522157073,2.5204504302290234,0.0,5.093333333333347,rnd,22.csv
9,359,101.85905292479109,19.77437325905293,0.3911423095483051,0.31259370369042927,0.2351116388694575,0.6386910945920157,True,0.5035014797217412,2.549887046467103,0.0,3.5749999999999975,rnd,22.csv
10,358,59.72507315775472,43.802460760840646,0.4038184481574882,0.29961010727271153,0.2707454943158912,0.5504788140470355,True,0.5169595503990703,2.7855572772184076,0.0,3.3383333333333325,rnd,22.csv
11,358,110.02913008778933,59.702527267890396,0.42771263164867424,0.33269567739679884,0.2687967289855284,0.6050484651326549,True,0.5200298415211556,2.9677633548776785,0.0,3.579999999999995,rnd,22.csv
12,360,101.01342592592592,28.227142857142855,0.3865588258387384,0.3131091248827254,0.22669451195165258,0.6560852314238638,False,1.3051865598720394,2.540895410046271,0.0,3.2550000000000012,rnd,22.csv
13,360,69.30224002849005,23.685096662596667,0.3469917263552924,0.26439948411367326,0.22471353087753657,0.5806079359351282,True,0.4304468189381083,2.2163808002207452,0.0,3.403333333333334,rnd,22.csv
14,353,65.15016862268988,29.172939430729798,0.3631247149588748,0.2674321712798718,0.24564118624224512,0.542395007136727,True,0.4410932666451102,2.1031574978667766,0.0,3.786666666666663,rnd,22.csv
15,360,23.542886141636146,49.223327228327236,0.3530660961144657,0.25489015058206316,0.2443085740651817,0.5211876025261383,True,0.408899828243488,2.6672740985370202,0.0,3.1350000000000002,rnd,22.csv
16,360,16.349351851851853,9.754735449735449,0.28575214217283934,0.2588229222690169,0.12109905724031456,0.8204015704864436,True,0.3945945192512007,1.9621180756442371,0.0,2.9008333333333334,rnd,22.csv
17,360,12.282698412698412,9.234351851851851,0.27575860430393395,0.2573611472684326,0.09903558817076698,0.8710193902363587,True,0.3848091215343043,2.2489978901483387,0.0,2.8508333333333336,rnd,22.csv
18,360,35.96747354497355,9.014060846560847,0.39976384026884715,0.38962072381666746,0.0894808334732777,0.9498982351232197,False,1.823075666801262,3.2242205118393414,0.0,3.035,rnd,22.csv
19,360,47.41039682539682,14.968439153439153,0.3321738326528182,0.29981272704220474,0.14300973324490507,0.8146466847749041,True,0.4821486817197217,1.3618513250910569,0.0,3.418333333333334,rnd,22.csv
20,360,39.487367724867724,18.204695767195766,0.2804973261019858,0.27046283035979213,0.0743546053996257,0.9297318863400611,True,0.4149995139422545,0.5661630895393162,0.0,3.283333333333333,rnd,22.csv
21,357,33.87615046018407,13.79263705482193,0.2893419487525853,0.2717599704345313,0.09932412485074471,0.8821616399052771,True,0.40515157382566236,0.9588119068404416,0.0,3.2,rnd,22.csv
22,359,21.2008356545961,8.245881416633505,0.29729378789928984,0.2778436986882455,0.10576613551956678,0.8734326742962817,True,0.4281578924572004,1.0592201656838818,0.0,3.266666666666667,rnd,22.csv
23,360,34.568888888888885,7.94232091982092,0.37254202671523284,0.34522264270514835,0.14003174151872413,0.8587129250132689,True,0.5147852490231439,1.227305780119684,0.0,3.885,rnd,22.csv
0,348,960.8872900088418,0.24136667929771372,0.9874439236959555,0.9452411205913206,0.28559538929634,0.9163477743521948,True,2.4841850646440866,1.6229042508098297,0.0,14.026666666666662,rnd,440.csv
1,344,836.3266057585826,0.24846345514950163,0.9518249487777631,0.9210446407504236,0.24009894389754086,0.936369354159538,True,2.4268395174083692,1.5215014585160425,0.0,12.436666666666662,rnd,440.csv
2,342,629.4964355332777,0.24023948760790861,0.8830001600203442,0.8631243855219315,0.18629433086742467,0.9554879379670447,True,2.3986334137607517,1.7096814010879557,0.0,11.163333333333325,rnd,440.csv
3,340,721.9138235294118,0.2418207282913165,0.9023171305034317,0.893944196715183,0.1226375846108881,0.9815273682953353,True,2.5094703851534743,1.8883727422883803,0.0,12.403333333333334,rnd,440.csv
4,340,808.8643557422969,0.24219887955182068,0.9307937691808877,0.9220499029942699,0.1272832162314452,0.9813002695451489,True,2.619379309226021,1.959510438361034,0.0,15.006666666666668,rnd,440.csv
5,338,857.71887855734,0.23499577345731187,0.9488605565600279,0.9420761440026882,0.11326471072859527,0.9857509978200331,True,2.6767870475840136,1.9996690065627927,0.0,15.34333333333333,rnd,440.csv
6,342,837.7117237538291,0.23888888888888885,0.9541972268999795,0.942695779682124,0.14770583872387222,0.9760382227865249,True,2.632897232581459,1.8485752291295385,0.0,14.519999999999996,rnd,440.csv
7,350,856.529006802721,0.27678911564625847,0.9388910744082832,0.919326455226571,0.19067070651803947,0.9587582076994265,True,2.5600355591183916,1.9631695759425445,0.0,14.540000000000003,rnd,440.csv
8,353,839.8963307702684,0.2400512612977202,0.940968671797393,0.9283217075933448,0.15375580806956918,0.9732999096337092,True,2.6437999672052643,1.9234340069026667,0.0,14.919999999999996,rnd,440.csv
9,351,813.4178266178267,0.23847510514177178,0.9393378324164859,0.9208021422408074,0.1856851589482645,0.9609239407745833,True,2.6512679237935797,1.8819729127390938,0.0,14.6,rnd,440.csv
10,350,899.0714965986394,0.2346938775510204,0.9684811498272705,0.9491486528108155,0.19254239127570374,0.9604751365622203,True,2.65719001808477,1.8615875513823343,0.0,15.673333333333334,rnd,440.csv
11,350,998.3831700680272,0.2357006802721088,0.9810529860649555,0.9651477113694297,0.17593992356858032,0.9678379390994792,True,2.67897512925831,1.9666112649115055,0.0,17.236666666666668,rnd,440.csv
12,353,941.7211655200324,0.24965600971266694,0.9774464144409952,0.9488531264788478,0.2346896620536863,0.9423496426659831,True,2.580677867058572,1.8262529633945634,0.0,16.01333333333332,rnd,440.csv
13,352,818.702793560606,0.2397591991341991,0.9234874375679462,0.8996774686721155,0.2083494653449963,0.9490994123093652,True,2.464434042005418,1.8795655353510092,0.0,12.156666666666666,rnd,440.csv
14,346,962.2854390311037,0.24176988714560965,0.9671117506947913,0.9509436596043506,0.17610024017652245,0.966843660620174,True,2.6785176188201407,1.9167037442996555,0.0,15.383333333333335,rnd,440.csv
15,352,623.9795131951382,0.244228687978688,0.833411999765712,0.8095174819312151,0.19813381286703205,0.9434805801045894,True,2.0208752566016397,2.336111818738772,0.0,11.866666666666667,rnd,440.csv
16,352,582.3697510822511,0.24652326839826835,0.8133566284434951,0.7964363693865628,0.1650397362798445,0.9588267621232945,True,2.367542433608656,2.396817289583773,0.0,11.793333333333331,rnd,440.csv
17,352,620.2999864718614,0.24085497835497838,0.8459882567408085,0.8361127184533356,0.12888620012990143,0.9767895174013115,True,2.674745920050793,2.2626229005014262,0.0,12.096666666666666,rnd,440.csv
18,350,502.23123809523815,0.2683809523809524,0.7805397343294129,0.770620007934919,0.124044670330554,0.9747439059604623,True,2.5039001135041916,2.4918772700782137,0.0,9.836666666666668,rnd,440.csv
19,347,553.2695347879786,0.2484836009331686,0.7990154038053046,0.7895639395618779,0.12253326430680436,0.9764821453013045,True,2.5646673997838167,2.5054220555899143,0.0,11.226666666666665,rnd,440.csv
20,348,538.2178434592228,0.24070881226053636,0.7734324854380938,0.7623014284480065,0.130745331530713,0.9714235969361374,True,2.475328916642073,2.5203290313583127,0.0,11.576666666666664,rnd,440.csv
21,345,447.9330020703934,0.23999999999999996,0.7240570722791467,0.7106234323851727,0.13882716327349318,0.9632376471305256,True,2.2916866442040384,2.381112856364873,0.0,9.1752380952381,rnd,440.csv
22,357,1573.0341736694677,0.24313725490196073,1.1545426182560405,1.0961111410626039,0.3626417292700199,0.9013412482875098,True,2.3334100184216484,1.1373364836538868,0.0,18.146666666666665,rnd,440.csv
23,358,1516.8019686086727,0.23897313115190208,1.159475570990751,1.1490024057363222,0.15548977888103194,0.9820162404975559,True,2.7228951611720507,1.320239125520743,0.0,17.819999999999997,rnd,440.csv
0,359,0.029712163416898797,0.5148251315382234,0.11238609311106028,0.04404962894086105,0.10339373344134722,0.15362410322276818,True,0.24901599047656506,4.366773712602759,0.0,1.2666666666666666,rnd,302.csv
1,360,0.010370370370370368,0.3046296296296296,0.12801955638091583,0.05969693061485584,0.11324876728305511,0.21744597246509553,True,0.23597703432769948,3.159360824450231,0.0,1.4,rnd,302.csv
2,360,0.8227777777777777,4.375423280423281,0.3766435484197786,0.10374535983733238,0.36207356003782504,0.07587108543270302,True,0.5902526443958659,3.364321864635754,0.0,2.8,rnd,302.csv
3,360,0.011111111111111108,0.34814814814814815,0.09835764437924255,0.031633705654205035,0.09313181451263934,0.10343890166704915,True,0.2380244365054813,3.1258877894158816,0.0,1.3333333333333337,rnd,302.csv
4,360,0.010740740740740738,0.44041005291005286,0.08430882922041161,0.027854556730833275,0.07957450819103642,0.10915569180888487,True,0.213812141880052,4.196861243230405,0.0,1.2,rnd,302.csv
5,359,0.010982888977317945,0.30155192996418617,0.06246708120045646,0.01846966766165286,0.059674178755744225,0.08742099278478069,True,0.17616250865667107,3.2877960586900863,0.0,1.2,rnd,302.csv
6,360,0.012619047619047617,0.3721428571428571,0.10076835877040094,0.03201366588347518,0.09554782742679947,0.10093050487080824,True,0.23872413993029223,4.769807926561758,0.0,1.2666666666666666,rnd,302.csv
7,360,0.010740740740740738,0.2975925925925926,0.08596576601061671,0.020131285330234977,0.08357538080526329,0.05483930396150145,True,0.2238580213616494,4.756035071608063,0.0,1.2,rnd,302.csv
8,360,0.01333333333333333,0.3396560846560846,0.07126781625510357,0.020850228960315836,0.06814961178226629,0.08559231120854871,True,0.18424527832235665,3.556468717044914,0.0,1.2,rnd,302.csv
9,359,0.021620904629261174,0.5112379727978614,0.11745483907849136,0.044300967821261535,0.10877988542489762,0.1422605881599859,True,0.28709268670953986,3.651706026192933,0.0,1.4,rnd,302.csv
10,360,0.015767195767195763,0.36673280423280424,0.12912767802013192,0.053680232205894345,0.11744100604640666,0.17281844314339984,True,0.24084367114757002,2.9604271420789976,0.0,1.4,rnd,302.csv
11,360,0.011322751322751321,0.29506613756613753,0.142606812021714,0.06179272605014129,0.12852377928729244,0.1877561482649492,True,0.2840447681194509,3.1236873495751927,0.0,1.4666666666666666,rnd,302.csv
12,357,0.025250100040016005,0.4060424169667867,0.11721473671239194,0.06098453060773384,0.10010085678509317,0.2706916991082701,True,0.25753656348783904,3.2158082817726292,0.0,1.3333333333333337,rnd,302.csv
13,359,0.010982888977317945,0.2991643454038997,0.08893036896666581,0.02776540468539538,0.08448486744502556,0.097478273199944,True,0.23513807196708447,3.5348681922131644,0.0,1.2666666666666666,rnd,302.csv
14,354,0.02146892655367231,0.5862523540489641,0.10155765239436955,0.03180597442445895,0.09644862233731626,0.09808263042432032,True,0.2452138639588241,2.9141222829656392,0.0,1.3333333333333337,rnd,302.csv
15,360,0.010740740740740738,0.33835016835016835,0.1189122490851336,0.06325046022932017,0.10069509552735946,0.28292686875328577,True,0.24699479029457813,3.404086615145689,0.0,1.3333333333333337,rnd,302.csv
16,360,0.016481481481481482,0.37629629629629624,0.14379408735831017,0.07687452035580526,0.12151974193222358,0.28581352795068526,True,0.2700831652606131,2.8290240105431463,0.0,1.5333333333333334,rnd,302.csv
17,360,0.010740740740740738,0.2962037037037037,0.11325902341372344,0.0466245930021778,0.10321702239462069,0.1694667428541751,True,0.24299636530971291,3.0797200960707536,0.0,1.4,rnd,302.csv
18,360,0.010198412698412696,0.3492063492063492,0.09892930614064303,0.03757557298281465,0.09151548463774993,0.14426510540808338,True,0.21107591593434438,3.459492373392376,0.0,1.2666666666666666,rnd,302.csv
19,360,0.010952380952380951,0.2902777777777778,0.09087883150101338,0.02490281116685701,0.08740029754513108,0.07508812885766983,True,0.22139592204329153,4.517886651096953,0.0,1.2,rnd,302.csv
20,358,0.010800744878957167,0.2911678637935621,0.08797265939770918,0.026222537543892463,0.0839736108921398,0.08884929582117193,True,0.20589929928678055,3.6826845055406388,0.0,1.2,rnd,302.csv
21,360,0.011111111111111108,0.4610714285714285,0.10957036207756432,0.03293089007887098,0.10450464451124586,0.09032765694453657,True,0.22943724109032151,3.873624709689633,0.0,1.2666666666666666,rnd,302.csv
22,360,0.010370370370370368,0.30263227513227514,0.1182817757849309,0.027726010056783938,0.11498628983130026,0.054946379423263095,True,0.2579581804969751,4.519604244312687,0.0,1.2666666666666666,rnd,302.csv
23,358,0.010800744878957167,0.2954509177972865,0.09514160702437237,0.03702109933958567,0.08764338874592098,0.15141107970825132,True,0.20140899508999074,3.804460137526377,0.0,1.2099999999999984,rnd,302.csv
0,359,0.5404430295795198,3.58186762170049,0.1540267131436446,0.09140823296108033,0.12397081635920389,0.3521912251742045,True,0.23990634706230796,1.7946927439600469,0.0,1.3849999999999996,rnd,296.csv
1,360,0.539074074074074,3.132407407407407,0.12868632956082734,0.05473497648758588,0.11646567633745698,0.18091102899039646,True,0.23025167294639076,1.7189744411432475,0.0,1.284166666666667,rnd,296.csv
2,360,1.9162962962962964,10.152685185185184,0.22472071727319154,0.06824057674883477,0.2141089079341728,0.0922144865848807,True,0.4679912038042048,3.104826351668375,0.0,1.4666666666666666,rnd,296.csv
3,360,0.5423148148148148,3.120092592592592,0.16822713912400414,0.06452772637626102,0.1553593990286955,0.14712978740497903,True,0.23705057738821791,1.8671684106257853,0.0,1.4508333333333334,rnd,296.csv
4,360,0.5398148148148147,3.075555555555555,0.17084598894536662,0.08454437357041321,0.1484607720453681,0.2448836822791494,True,0.26872029891441496,2.0651515387808765,0.0,1.4174999999999998,rnd,296.csv
5,359,0.53983286908078,3.182597161427245,0.14922046812833661,0.08967927832322997,0.11926598487357822,0.3611830933465757,True,0.19922321509306243,1.3979461014748231,0.0,1.3833333333333335,rnd,296.csv
6,360,5.907195767195767,9.138042328042328,0.40253070474339103,0.0899063842106676,0.3923618359873636,0.0498865001461034,True,1.0436244322253836,2.150378623206267,0.0,3.5041666666666678,rnd,296.csv
7,360,7.891613756613756,12.509880952380952,0.5048041990932909,0.11190805717403488,0.49224370606616374,0.04914471201380773,True,1.073277538062698,1.7569666979980414,0.0,4.354166666666667,rnd,296.csv
8,360,1.1111111111111112,3.4029629629629627,0.17057144853513365,0.06662580056523175,0.1570210869737428,0.1525710748269157,True,0.388726955721529,2.7582165144041144,0.0,1.3700000000000006,rnd,296.csv
9,359,0.8115930494760577,3.1495954370606176,0.16398128523769748,0.07592976591731715,0.1453428104721679,0.2144053164698079,True,0.2635956572287613,1.7479000660595194,0.0,1.4183333333333323,rnd,296.csv
10,360,0.576931216931217,3.0901984126984128,0.18187311433069694,0.0840719849766137,0.16127532687438212,0.2136808466129496,True,0.35192189285697856,2.2326334831399866,0.0,1.4675,rnd,296.csv
11,360,0.5408333333333333,3.120992063492064,0.1424329303365155,0.0813397943572835,0.11692295539440285,0.3261259232255285,True,0.1873550428610811,2.0734639145809224,0.0,1.3166666666666669,rnd,296.csv
12,360,0.5360449735449735,3.025185185185185,0.15584497093043867,0.06052705402715077,0.14361103960038607,0.1508389457355673,True,0.2812145702107386,2.188097477972816,0.0,1.3341666666666672,rnd,296.csv
13,357,0.5337868480725624,3.101774042950513,0.15259018114341105,0.07068859109033132,0.1352290149008079,0.21460778605628164,True,0.1999565647062146,1.636318709137957,0.0,1.343333333333333,rnd,296.csv
14,352,0.5418560606060606,3.1412878787878786,0.1882434953458061,0.1109615321254197,0.1520629867140126,0.34746009400175565,True,0.25841667684621245,1.8865872805550161,0.0,1.4741666666666664,rnd,296.csv
15,360,0.5401851851851852,3.072592592592592,0.13987598110845037,0.06884771893744256,0.12175911336800412,0.24226619594344734,True,0.19718639324325532,1.2633236968287371,0.0,1.3166666666666669,rnd,296.csv
16,360,0.54,3.073333333333333,0.1597202490075473,0.07292281017955023,0.14210144861524177,0.20845236926442923,True,0.21799020333712693,1.3210723030208764,0.0,1.4525000000000006,rnd,296.csv
17,360,0.5403703703703704,3.136044973544973,0.18360968453026225,0.08276639219398271,0.16389704261057994,0.20319680753990355,True,0.2956243460151488,1.6617903930693056,0.0,1.5186309523809525,rnd,296.csv
18,360,0.540079365079365,3.0867460317460313,0.1514548983250839,0.06480797083629918,0.13688868887801833,0.1831007823418892,True,0.24243136435539053,1.6641358898102498,0.0,1.3508333333333336,rnd,296.csv
19,360,0.5400518925518926,3.060848595848596,0.17967947858039426,0.07368357222121293,0.1638763137480327,0.1681683983093512,True,0.28966810747564015,1.2948462761837471,0.0,1.5666666666666669,rnd,296.csv
20,358,0.542218675179569,3.1659749933492947,0.17548481402878785,0.07216707729932294,0.15995884754771086,0.16912162959295146,True,0.2939026197363019,3.0126545345336893,0.0,1.3549999999999993,rnd,296.csv
21,360,0.5381481481481482,3.311481481481481,0.16611149515194956,0.06556407421382512,0.15262496844913745,0.1557874583216628,True,0.27132546775227295,1.5560796547085203,0.0,1.4508333333333334,rnd,296.csv
22,360,0.541031746031746,3.307857142857143,0.15978411522329833,0.08937355454188571,0.13245124093884836,0.3128605882198934,True,0.2590363780461149,1.2108359710762526,0.0,1.4341666666666666,rnd,296.csv
23,358,0.5406092045756851,3.3170790103751,0.16737830493952016,0.09393931759700275,0.13853122959764866,0.31498978589584475,True,0.3147907423115528,1.5014950370742082,0.0,1.4666666666666666,rnd,296.csv
0,264,0.0,2.8361111111111112,0.016510561849713338,0.007492603466881798,0.014712564218425046,0.20594051429778623,True,0.037305085390736625,-4.724392198027998,0.0,4.0,rnd,358.csv
1,264,0.0,2.826785714285714,0.01931772492739613,0.007540505665472586,0.017785254304606323,0.15236632257571553,True,0.036584982000071875,-3.467395258797436,0.0,4.0,rnd,358.csv
2,264,0.0,2.8329906204906203,0.020612004761264874,0.007798614170341084,0.0190797368247196,0.14315100483047613,True,0.037443561827912974,-4.3146988112469495,0.0,4.0,rnd,358.csv
3,264,0.0,2.823989898989899,0.021928874970206853,0.011254908628017837,0.018820270700336247,0.26342151573349604,True,0.04113379249415039,-3.9345311056771073,0.0,4.0,rnd,358.csv
4,264,0.0,2.8265151515151516,0.02102853753613816,0.010023162334304869,0.018486092278492596,0.22719113876064592,True,0.045927445002933,-3.8008895904535205,0.0,4.0,rnd,358.csv
5,264,0.0010101010101010099,2.8242604617604616,0.25172832049729643,0.25119550068420793,0.01636972132932366,0.9957711876319723,False,4.087705060337028,-16.035894411698894,0.0,4.0,rnd,358.csv
6,274,0.00827250608272506,3.0683698296836983,0.7242188107278139,0.7225138024163968,0.049665794364019446,0.9952969979259296,False,3.840068090390815,-5.018015921046682,0.0,4.0,rnd,358.csv
7,278,0.09928057553956834,2.6868790681740324,0.6938439877503004,0.6937432729153269,0.011821616723999985,0.9997097113266757,False,3.1476617162646736,-4.232375270912443,0.0,4.0,rnd,358.csv
8,281,0.13238434163701068,2.629859345873581,0.8478889042577872,0.822454447517948,0.20611714077538035,0.9409050574529941,False,3.340932572825024,-3.5713023344294212,0.0,4.0,rnd,358.csv
9,270,0.10296296296296296,2.641463844797178,0.8153833247922122,0.812342055474219,0.0703587326287469,0.9925541828868455,False,3.2408925338721195,-3.582142250525971,0.0,4.0,rnd,358.csv
10,266,0.07794486215538846,2.7017543859649127,0.7145613278256158,0.7108078725180825,0.07314410154089203,0.9895219708459817,False,3.1742320398263986,-4.120076779819998,0.0,4.0,rnd,358.csv
11,256,0.16067708333333336,2.9288318452380953,0.4332673383887883,0.4302878262275825,0.050724482400971896,0.9862936017694164,False,3.4693412440912725,-7.963662685762175,0.0,4.0,rnd,358.csv
12,262,0.10229007633587786,2.7233369683751363,0.7004511351509867,0.6963408092149244,0.07577116969012726,0.988298210101278,False,3.6333833356040994,-4.910772526471876,0.0,4.0,rnd,358.csv
13,250,0.0,2.818133333333334,0.020255172228555978,0.0068550783797265286,0.019059903001229336,0.1145388897174233,True,0.039704151735529436,-3.962754324810288,0.0,4.0,rnd,358.csv
14,247,0.0026990553306342775,4.0278002699055335,0.24365167244472374,0.23106351564327957,0.0773032290637257,0.8993401040251678,False,0.31692252085983497,-9.74929720624676,0.0,4.0,rnd,358.csv
15,264,0.010606060606060605,3.0176767676767677,0.6740426096538823,0.6680145872561604,0.08994415401791016,0.982193802752878,True,0.8158913287458432,-4.491823734423289,0.0,4.0,rnd,358.csv
16,252,0.0,2.8144935752078606,0.026442297290915174,0.01329109681162748,0.02285917390382,0.2526523111901749,True,0.05160036382577027,-4.091140554075121,0.0,4.0,rnd,358.csv
17,254,0.0,2.816272965879265,0.3618928132307406,0.3613556490015516,0.01971048458884577,0.9970335660276187,False,4.08776505301619,-11.081130280518439,0.0,4.0,rnd,358.csv
18,252,0.0,2.8256613756613755,0.016002493467365545,0.004963509684415817,0.015213262923705343,0.09620606021738819,True,0.03601814701817796,-3.8794747640616905,0.0,4.0,rnd,358.csv
19,252,0.0,2.8150793650793653,0.018788984596472616,0.005336801812079565,0.01801511833391803,0.08067807540326319,True,0.04291691683556387,-3.676126020281554,0.0,4.0,rnd,358.csv
20,244,0.0,2.835245901639344,0.1468018811318325,0.06239044730312922,0.13288425184783992,0.1806229608546738,False,1.603712283473469,-10.52151770406825,0.0,4.0,rnd,358.csv
21,244,0.0,2.833274785323966,0.09248893957430708,0.04383243186861888,0.08144275204131249,0.22460092092603115,False,1.3761687775122227,-13.443069066246013,0.0,4.0,rnd,358.csv
22,264,0.0,2.8209235209235213,0.02549929434826712,0.013693821058732862,0.02151030629886456,0.28839848365761883,True,0.044647896710892976,-3.8188175094056067,0.0,4.0,rnd,358.csv
23,264,0.0,2.826443001443002,0.018018911272283836,0.008618262418592225,0.015824244573524472,0.22876118321475153,True,0.038781752981064344,-4.827952024151171,0.0,4.0,rnd,358.csv
0,359,4.936045384513351,10.436403522197395,0.2835810165605641,0.1960471727311145,0.2048992411349039,0.4779328224656373,False,1.7225039076653506,4.371226376375298,0.0,1.65,rnd,102.csv
1,360,3.004193121693122,9.25169312169312,0.14315865184455112,0.13618788904313514,0.04412775176602717,0.9049858247070118,True,0.25657244923381844,0.007976718816773764,0.0,1.5833333333333337,rnd,102.csv
2,360,4.2627116402116405,12.34410052910053,0.2409175815391862,0.15140167931514648,0.18740014032877342,0.39493388269721336,False,1.1021151608465563,3.2424840566007833,0.0,1.7350000000000005,rnd,102.csv
3,360,3.283174603174603,8.538849206349207,0.20395269069522984,0.15077494465527358,0.13734488015948498,0.5465117163847963,True,0.24596011911057636,4.485542560781387,0.0,1.5841666666666672,rnd,102.csv
4,360,2.5746693121693123,8.146071428571428,0.1554221004847848,0.14827193549193377,0.046598953470849316,0.9101068128419105,True,0.2789280687144209,0.056664548526819784,0.0,1.6,rnd,102.csv
5,359,2.6077729141795993,8.296325772648892,0.15203363496024727,0.1463502099797738,0.041180604634971404,0.9266321015283064,True,0.27048116162516833,0.06302037378804692,0.0,1.6,rnd,102.csv
6,360,3.061164021164021,8.700727513227513,0.1812880415862355,0.14813250100563605,0.10450892865199558,0.6676708195317395,True,0.26309297947103516,3.0795238108865686,0.0,1.6166666666666665,rnd,102.csv
7,360,3.791071428571428,9.5214417989418,0.2543599876696942,0.14876850712390463,0.2063175577003851,0.3420774289196402,False,2.018558346369583,5.296610715499016,0.0,1.6166666666666665,rnd,102.csv
8,360,4.086970899470899,9.666957671957674,0.22492032896174613,0.1476390068543853,0.16968169622947213,0.4308685648529942,False,1.878247440225946,4.65519147780631,0.0,1.6333333333333335,rnd,102.csv
9,359,5.229433611884866,9.999190874121235,0.34840882394170486,0.1654294657341181,0.30662974491618733,0.2254485482925397,False,1.7249888943205616,4.10955356703566,0.0,1.801666666666666,rnd,102.csv
10,357,4.850166733360011,10.512098172602373,0.28537715959403004,0.15468097664040148,0.23982059687092774,0.2937889039091362,False,1.627235271753268,4.512124591761479,0.0,1.75,rnd,102.csv
11,358,5.426256983240224,10.626882149507848,0.3228122033804835,0.1455536702543435,0.28813512060637886,0.20330423886727245,False,1.7393950080652847,4.276113020084174,0.0,1.75,rnd,102.csv
12,360,5.386666666666667,10.757235449735449,0.32281146743044187,0.16298749733352896,0.27864371375925223,0.2549239706726882,False,1.8665371403328097,4.453705839385683,0.0,1.75,rnd,102.csv
13,360,4.845267602767604,10.6920115995116,0.2790248906879636,0.16543450211126626,0.22469160005355668,0.3515331486715784,False,1.4035538380343837,4.5803151964604325,0.0,1.6833333333333331,rnd,102.csv
14,352,6.3048566017316015,10.633373917748917,0.40305328800908236,0.19703806487761716,0.35160767051390707,0.23898757940267387,False,1.8525306826260513,3.749952167317455,0.0,1.8766666666666652,rnd,102.csv
15,360,6.899772079772081,11.155474155474156,0.3485073210622059,0.16667567835515282,0.3060662854330824,0.22872869453304742,False,1.927982802678131,4.890844987945504,0.0,1.6841666666666666,rnd,102.csv
16,360,5.928664021164021,11.016150793650796,0.37127122578962735,0.17145931737556655,0.3293084049708377,0.2132748262934465,False,1.9274792958447522,4.176562580412213,0.0,1.6833333333333331,rnd,102.csv
17,360,4.885529100529101,10.4044708994709,0.25846841766666806,0.18587066536773517,0.1796051744434625,0.5171383423573033,False,1.849826228452523,4.778482645090507,0.0,1.6666666666666663,rnd,102.csv
18,360,4.285542328042327,10.197142857142858,0.22377762509954902,0.16905917668095954,0.14661316542231267,0.5707477108721895,False,1.6246706116785967,4.3363615660632915,0.0,1.6666666666666663,rnd,102.csv
19,359,4.554649157713225,9.70144581509484,0.2521638714176741,0.1697923416848908,0.18643277274532652,0.4533884672545047,False,1.9395700209856215,4.95982179241442,0.0,1.6666666666666663,rnd,102.csv
20,360,4.849947089947091,9.616521164021165,0.28550910448211103,0.20715197131345378,0.19647775834207554,0.5264270746367965,False,1.6137694852498974,4.35983402760142,0.0,1.6508333333333334,rnd,102.csv
21,358,5.474780526735835,10.053897313115192,0.3082213913640538,0.19616789997032302,0.2377363689375829,0.4050702355853728,False,1.8380083698057255,4.366153129820389,0.0,1.6833333333333331,rnd,102.csv
22,358,4.63290768821495,9.360401702580473,0.27725986987401896,0.1918587615989303,0.20015806513923623,0.4788387005971771,False,1.5724170636233985,4.243903776514874,0.0,1.65,rnd,102.csv
23,360,3.9462962962962966,8.947962962962963,0.2435908356676415,0.16096842846195783,0.18282685869353957,0.436676195061631,False,1.8692895142907804,4.782947358582861,0.0,1.6008333333333336,rnd,102.csv
0,359,3.159676349648495,10.537829950921871,0.1445917687317228,0.13885157869613157,0.040336319596115645,0.9221774605721765,True,0.24676459607508078,0.4390218201064231,0.0,2.1666666666666665,rnd,115.csv
1,360,3.3065740740740743,16.0677380952381,0.29001506391634363,0.1260734774268026,0.2611785128756085,0.1889758688695556,False,1.0444302129457976,2.540144804290373,0.0,3.355000000000005,rnd,115.csv
2,360,3.422341269841269,15.474021164021163,0.25142690145090296,0.11331339966063143,0.22444500491334637,0.20311362291198892,True,0.5322725315090139,1.9498392717746174,0.0,2.9841666666666664,rnd,115.csv
3,360,2.710185185185185,8.896005291005292,0.13701718213436348,0.1327538299558007,0.03391354938822648,0.9387372585185298,True,0.3010957559366788,0.5973928313470663,0.0,2.1,rnd,115.csv
4,360,2.569100529100529,8.616296296296296,0.13635747729195413,0.13136580079533966,0.03655664091276604,0.9281255308959325,True,0.30223606369741657,0.6436781896725754,0.0,2.083333333333333,rnd,115.csv
5,359,2.5610027855153206,8.63891762833267,0.13573986724660847,0.13117342325948866,0.03491195483661614,0.9338494447414633,True,0.30056894725623595,0.6368215955093119,0.0,2.083333333333333,rnd,115.csv
6,360,2.7796494708994715,9.175833333333333,0.14195921024043562,0.13407135966932654,0.046661417557831326,0.8919589720525587,True,0.29984512067141594,0.6417084699534518,0.0,2.083333333333333,rnd,115.csv
7,360,3.4158597883597888,9.8919227994228,0.15181797399930091,0.1316074996456431,0.07568463031735341,0.7514756166346565,True,0.18749192552871108,1.5640101658650896,0.0,2.1008333333333336,rnd,115.csv
8,360,6.064074074074074,29.145833333333332,0.28795963503136346,0.1615457875495741,0.23837724289953502,0.3147226843953132,False,2.1645426446364,5.969438461202099,0.0,2.1,rnd,115.csv
9,359,4.726926648096564,10.40004642525534,0.2923051128177759,0.1743622382519727,0.2346062421402615,0.3558213859857729,False,1.9641220257027845,5.667146931328548,0.0,2.1166666666666667,rnd,115.csv
10,359,4.5577530176415975,21.64677012866428,0.2767926790719891,0.1879882823368046,0.20316149460935506,0.46126697408266615,False,1.8318500436860372,5.7382594963957185,0.0,2.1333333333333333,rnd,115.csv
11,357,4.140989729225024,12.127917833800188,0.17998488032896504,0.13240528255955597,0.12191553755512878,0.5411760614632184,False,1.4728944349952608,5.125108938754157,0.0,2.083333333333333,rnd,115.csv
12,359,7.06358933545563,11.352155458283592,0.434833728758067,0.2849330783705085,0.3284714789992425,0.42937750986262724,False,2.1707519778357005,4.408368693846836,0.0,2.2,rnd,115.csv
13,357,4.8084033613445385,11.085234093637455,0.26380241658495057,0.1676546315114168,0.20367532871909363,0.4038997381918292,False,1.8172385980358925,6.032046756932022,0.0,2.1366666666666663,rnd,115.csv
14,352,3.5823863636363638,10.80101461038961,0.13551459165316818,0.1287543544244424,0.042267254082445395,0.9027172256377418,True,0.2890782158603495,0.5093799417602994,0.0,2.1333333333333333,rnd,115.csv
15,360,13.447531265031264,11.388530543530543,0.5346650664266759,0.4462460628036324,0.29450158690455014,0.6966027361731784,False,3.2843920943078477,5.6594007896905065,0.0,2.1833333333333336,rnd,115.csv
16,360,5.999457671957672,11.33737433862434,0.27101111846743725,0.17017545914124566,0.2109202205551604,0.39429352473230633,False,1.5048068162841735,4.345476190628317,0.0,2.1508333333333334,rnd,115.csv
17,360,4.246904761904762,10.680330687830688,0.1889648569917629,0.1261856812110005,0.14065877518033904,0.44592114537446087,False,1.5549685977372327,4.515834026895398,0.0,2.0841666666666665,rnd,115.csv
18,360,3.471772486772487,10.55632275132275,0.12928763722063144,0.12291651263843512,0.04008520997698553,0.9038710212483727,True,0.2607403263273721,0.3346211839494461,0.0,2.1333333333333333,rnd,115.csv
19,359,3.225626740947076,10.057394879957554,0.1336010237594641,0.1266446398190515,0.04254842834558759,0.8985744261986802,True,0.27868561334106967,0.3234497341275512,0.0,2.1183333333333327,rnd,115.csv
20,360,3.20531746031746,10.082380952380953,0.12748344418156868,0.12160446930620906,0.03826723905836932,0.9098954581878437,False,0.19911496994997296,0.34551243305207924,0.0,2.1,rnd,115.csv
21,358,3.3152833200319236,10.376975259377495,0.12969836884327532,0.12442427034095616,0.03660966854161543,0.9203249095205812,False,0.18097918906616034,0.259576838427051,0.0,2.0666666666666664,rnd,115.csv
22,359,3.113529645841624,12.588088605915903,0.15526661427323266,0.1234715765038773,0.09414080573014019,0.6323795552132215,True,0.19539711915905922,0.9883829665651293,0.0,2.1833333333333336,rnd,115.csv
23,360,2.8738492063492065,9.320925925925925,0.1512094221709655,0.14226847617283567,0.05122470147044838,0.8852371923660748,True,0.20323522504753855,0.7846421677885527,0.0,2.2175000000000002,rnd,115.csv
0,359,3.1563337312640933,10.782146173232524,0.12431500520131424,0.11782594550531524,0.0396392114449981,0.8983276392277081,False,0.18239064024065554,-0.18660533904421767,0.0,1.9849999999999992,rnd,118.csv
1,360,3.359907407407407,17.09112433862434,0.29790867062744264,0.11540665880665689,0.2746468261933751,0.15007054108813017,False,0.8701490476190422,2.4269660807339797,0.0,4.19666666666667,rnd,118.csv
2,360,3.4247619047619042,15.82462962962963,0.24519592435978327,0.11231514815162374,0.21795951187853072,0.20982159035839976,True,0.6167486119488096,1.9200101663350508,0.0,3.0508333333333333,rnd,118.csv
3,360,2.703888888888889,9.14935185185185,0.12512309582004583,0.12037178603299643,0.03415292424989246,0.9254957877368679,False,0.187705604473407,0.16961839382687852,0.0,2.0341666666666667,rnd,118.csv
4,360,2.5642328042328044,8.88723544973545,0.1258911380716822,0.1203965703642062,0.036786471555723996,0.9146141417578512,False,0.21142360497764512,0.15178610375948434,0.0,2.033333333333333,rnd,118.csv
5,359,2.5575938453375784,8.864318875182384,0.12771193678100543,0.12222085626586396,0.03704593216528018,0.9158569845096531,False,0.20394164582730767,0.14580811875549507,0.0,2.033333333333333,rnd,118.csv
6,360,2.775866402116402,9.339014550264551,0.12817278303386342,0.12147634649975846,0.04088715631731364,0.8982388082132633,False,0.1922925978111487,0.08528820429668404,0.0,2.05,rnd,118.csv
7,360,3.423333333333334,10.20829846079846,0.1352750804230597,0.11707930202089518,0.06776270671811502,0.7490738699285925,False,0.14768504066430338,1.0702051418090206,0.0,2.05,rnd,118.csv
8,360,8.515343915343914,30.19584656084656,0.2899844353707886,0.15902332831863125,0.2424923788653571,0.3007269165801789,False,2.2137277100142487,6.319569159083719,0.0,2.033333333333333,rnd,118.csv
9,359,4.564272449927046,10.672549409736039,0.27277133943507126,0.15415580595700645,0.2250337554833688,0.31939072464932344,False,1.840446771095837,5.965313017985543,0.0,2.0166666666666666,rnd,118.csv
10,358,4.476749135408354,13.211359404096836,0.25691274745052484,0.16848011164861548,0.19395517982628674,0.43005695559239,False,1.7144681349453557,6.134618294822151,0.0,2.033333333333333,rnd,118.csv
11,358,4.13221601489758,12.395570630486832,0.15897981100343594,0.1124323688961752,0.11239903349710173,0.5001482684268559,False,1.312317133317492,4.8924408208538255,0.0,2.0,rnd,118.csv
12,359,7.054967502321262,11.565167794137153,0.41941547128454854,0.2637251645917848,0.3261263177265459,0.39537959386648336,False,2.2289543295092367,4.588683462862724,0.0,2.05,rnd,118.csv
13,360,4.726296296296296,11.31484126984127,0.2435039008529523,0.1487728012699429,0.19277137581315978,0.3732804416332139,False,1.701663074538255,6.449019342568786,0.0,2.0166666666666666,rnd,118.csv
14,356,3.5863295880149813,11.121027287319423,0.11763763459722146,0.10944072586990924,0.04314325665381288,0.8654965938571033,False,0.1768951865036295,-0.2820444119167833,0.0,1.9874999999999998,rnd,118.csv
15,360,10.90834656084656,11.652063492063492,0.5384364700642534,0.44525376713210624,0.3027588399203594,0.6838270377642053,False,3.3108739950635595,5.960501835877093,0.0,2.033333333333333,rnd,118.csv
16,360,5.6708333333333325,11.60133597883598,0.24477821213080544,0.16968860629925508,0.17641471034516934,0.4805735327705674,False,1.5616119632928998,4.675333019716482,0.0,2.033333333333333,rnd,118.csv
17,360,4.231256613756614,10.900674603174604,0.17427173096250148,0.1260894840252625,0.12029995108440225,0.5234845220373162,False,1.439599261719698,4.428860474164149,0.0,2.0166666666666666,rnd,118.csv
18,360,3.4660185185185184,10.791746031746031,0.11419464039316589,0.10682421714045844,0.04036090344445545,0.8750804774917754,False,0.1532762647619476,-0.18900233152594134,0.0,2.0008333333333335,rnd,118.csv
19,360,3.2312301587301584,10.377288359788361,0.11638195807546732,0.10972591114825589,0.03879413084688044,0.8888880593101611,False,0.14420505666977157,-0.23137949896841556,0.0,2.0,rnd,118.csv
20,360,3.1966137566137567,10.227195767195768,0.11651048627077752,0.11045315379088116,0.03707821771203391,0.8987237363621355,False,0.1627514549637163,-0.16229805387154667,0.0,2.0,rnd,118.csv
21,358,3.307661612130886,10.542990156956638,0.11920793294240703,0.1141378075532733,0.03439610680488942,0.9167453953464743,False,0.1764313489629456,-0.2215767762231274,0.0,2.0024999999999995,rnd,118.csv
22,359,3.1221912720519964,13.125998142989785,0.14398497208148714,0.11464032980051217,0.08711639896446838,0.6339288552944008,False,0.19032306429492135,0.22209916420103948,0.0,2.1666666666666665,rnd,118.csv
23,360,2.8718253968253964,9.578703703703702,0.12790605919076778,0.12291918758460513,0.03536712175528071,0.9235430097043691,False,0.1996364218089754,-0.16781040961926905,0.0,2.0,rnd,118.csv
0,133,18.088972431077693,1.16265664160401,0.4724555270799106,0.18284839428170965,0.435638255639879,0.14978227880038114,True,1.1051233904400593,-0.5304171619798131,0.0,0.6,rnd,466.csv
1,132,6.175252525252525,1.1595959595959595,0.43355958170569653,0.2451389669661552,0.357604247407081,0.3196885825330153,True,1.0941586558341698,-1.6368477349183335,0.0,0.4,rnd,466.csv
2,129,17.546770025839795,1.1627906976744187,0.41501281606202295,0.20470817023077018,0.3610127456704271,0.2433029282936219,True,0.49783785286087423,-1.163768540682482,0.0,0.4,rnd,466.csv
3,135,9.718024691358028,1.1649382716049381,0.4057339757564568,0.22394087807283714,0.3383349556447099,0.3046379472303881,True,0.7353374705920138,-2.058753859318248,0.0,0.4,rnd,466.csv
4,135,14.81294532627866,1.1606701940035273,0.42720688128119866,0.21087862207877894,0.3715318642649157,0.24366246379910003,True,1.0943623111369465,-1.60433472582306,0.0,0.4085714285714285,rnd,466.csv
5,122,4.994483476450689,1.156128024980484,0.3990251328729589,0.23563410105630103,0.3220211593725968,0.34871913768090496,True,1.047545674542544,-1.542781447196668,0.0,0.4,rnd,466.csv
6,139,25.148261390887292,1.1475619504396481,0.47081439666193026,0.2429415176544328,0.4032934602791102,0.2662588253759341,True,1.130933668095075,-0.7645640498353736,0.0,0.6,rnd,466.csv
7,129,20.32512422977539,1.1493341284038956,0.46295542877418366,0.23208622901875725,0.40057921979471317,0.2513161406764756,True,0.39867958896673983,-0.8708863777608894,0.0,0.6666666666666667,rnd,466.csv
8,140,28.71428571428571,1.1352380952380952,0.4691673816797657,0.28754683552207605,0.3707220649131733,0.37563111870201943,True,1.1345723634501583,-0.5857322529111806,0.0,0.8066666666666644,rnd,466.csv
9,140,61.65755102040817,1.1574489795918368,0.5564231499544064,0.41969509903483787,0.3653255338069345,0.568928139307966,False,1.2900271143851274,0.5566489004964569,0.0,1.5333333333333334,rnd,466.csv
10,142,34.31658130601793,1.1633894274739345,0.5095643747658514,0.31776507719866237,0.3983480987069489,0.3888787543105556,True,1.2302016217860152,-0.4909728694842088,0.0,0.9966666666666659,rnd,466.csv
11,141,44.21359338061466,1.1603681188787571,0.5769446904524268,0.32031739782837443,0.47985616646001916,0.30824262433651406,False,1.2524664981964073,-0.2550487140330731,0.0,1.0,rnd,466.csv
12,148,60.74871217371217,1.1756583506583507,0.6144559241405247,0.44371758128108135,0.42505386808433265,0.5214729703836802,False,1.2553883795881504,0.5695947675209627,0.0,1.7333333333333334,rnd,466.csv
13,152,59.307571010860485,1.1676065162907268,0.6786592648043699,0.49793196407025964,0.46113138785159874,0.5383149580579606,True,1.2404806337203662,0.24315916063906917,0.0,1.3866666666666636,rnd,466.csv
14,154,69.92683110540253,1.1689215546358402,0.6634945804034558,0.5083829423178136,0.4263470912121254,0.5870933769239541,False,1.2691721796074744,-0.11477061895281215,0.0,1.2666666666666666,rnd,466.csv
15,147,73.56071428571428,1.1924792139077853,0.6374236413367707,0.4644030000538437,0.4366219784619387,0.5308034041012207,False,1.2809212217315982,0.5282126760982568,0.0,1.5799999999999994,rnd,466.csv
16,145,42.65655172413793,1.1627586206896552,0.5262108780174154,0.3765822730471463,0.36753731752096097,0.5121534487820921,False,0.8930024248700336,0.27408631354396124,0.0,1.0,rnd,466.csv
17,136,53.69075630252101,1.157703081232493,0.5068402224586405,0.3524311511092833,0.3642516915948498,0.4835110803750722,False,1.2048234096437402,0.15746466601916426,0.0,1.15,rnd,466.csv
18,144,58.221663810726305,1.1479527417027415,0.5754330023992599,0.4278514828664495,0.3847937744548461,0.5528362990659165,False,1.4457811209707785,0.29638243777348827,0.0,1.3133333333333328,rnd,466.csv
19,139,24.15546420006852,1.1644398766700923,0.4710389867902664,0.2360055987446288,0.4076506892396848,0.25103305037747936,True,1.1621405134895422,-0.39655923483855243,0.0,0.4657142857142835,rnd,466.csv
20,134,35.79566476226924,1.1517153244765188,0.5186240185841531,0.3766199568187325,0.3565505304697106,0.5273529824081157,True,1.1794325797022245,0.21461201722014106,0.0,1.0,rnd,466.csv
21,131,17.568060099357808,1.1647811052391206,0.44225555908464065,0.22994429796177157,0.37777718218036416,0.27033276596859546,True,1.084439082727911,-0.5035872653521118,0.0,0.6333333333333333,rnd,466.csv
22,146,43.08961187214612,1.1470319634703197,0.5190017469267159,0.32392191602409953,0.40550882312504505,0.38953189711011443,True,1.1302153688431078,0.18356999832269413,0.0,0.8999999999999999,rnd,466.csv
23,146,82.66803652968036,1.161187214611872,0.6176429061041718,0.4846475995151186,0.3828830940966708,0.615711430964152,False,1.275559738461401,0.352585144782927,0.0,1.5833333333333335,rnd,466.csv
0,360,3.1698412698412697,10.693095238095237,0.1652806940911075,0.15603747321084577,0.054497842096846674,0.8912787701409263,False,0.1975592252605824,-0.21397803378514982,0.0,2.033333333333333,rnd,117.csv
1,360,3.2863888888888892,16.066944444444445,0.30671871074949436,0.17211898555835647,0.2538728467839644,0.31490315760898135,False,0.9265784238597697,2.1314215880970035,0.0,3.2633333333333363,rnd,117.csv
2,360,3.3906481481481476,15.606534391534392,0.2628636413741639,0.12167958550828588,0.23300509098948202,0.21427643083667616,False,0.6753704256987152,2.000001946800931,0.0,2.9008333333333334,rnd,117.csv
3,360,2.7085185185185185,9.053796296296296,0.13988950846493725,0.13380634115338239,0.040803647455912445,0.914919960112454,True,0.21325779314188448,-0.37378455767629715,0.0,1.8833333333333333,rnd,117.csv
4,360,2.566342592592593,8.770601851851852,0.13685954189427404,0.13147301747534104,0.03801815202556818,0.9228329599451758,True,0.2051250912959468,-0.36719500433326613,0.0,1.8833333333333333,rnd,117.csv
5,359,2.559888579387187,8.75834107087589,0.13739860099144802,0.1313632542489886,0.04027494242730486,0.9140778303277239,False,0.19524729459150258,-0.3358968261536105,0.0,1.8833333333333333,rnd,117.csv
6,359,2.773444753946147,9.21256576911173,0.14002702106326734,0.1323939557531001,0.04560051653105362,0.8939487419644885,True,0.2169180460707964,-0.3687433825830779,0.0,1.9,rnd,117.csv
7,360,3.411111111111111,10.034444444444444,0.1497127416308938,0.13525210165583446,0.06419325513103835,0.8161510007694756,False,0.09165749351271602,0.5253137170257979,0.0,1.9,rnd,117.csv
8,360,8.505958994708996,30.064583333333335,0.29903548734611884,0.18014123356614262,0.2386867375067146,0.36289484933049715,False,2.220247630521207,5.794408450479964,0.0,1.9333333333333331,rnd,117.csv
9,359,4.537010876774108,10.456522748375116,0.2920902593134625,0.19773718051699476,0.21498075966698785,0.45829226379814625,False,1.7819267807808579,5.403062140631463,0.0,1.9183333333333323,rnd,117.csv
10,359,4.58404960870142,24.603156917363044,0.29172948773345225,0.21387008658537368,0.19840786294193888,0.537451688582122,False,1.9031052935006532,5.522946641086551,0.0,1.9166666666666663,rnd,117.csv
11,358,4.129888268156425,12.187243947858475,0.17865464558345834,0.13954415772775494,0.11155675879390974,0.6100911005102777,False,1.3181094599598877,3.2572726201092004,0.0,1.8833333333333333,rnd,117.csv
12,360,7.02574074074074,11.340462962962963,0.4412433303389922,0.30247987724232406,0.3212500590383036,0.46993378460703944,False,2.32756081797046,4.490915780399617,0.0,1.9508333333333334,rnd,117.csv
13,360,4.764074074074074,11.102592592592593,0.2565750652351082,0.17175982833786868,0.19060253269499308,0.44814060772043884,False,1.8420568928032501,6.148778660617316,0.0,1.8833333333333333,rnd,117.csv
14,352,3.589236111111111,10.885613952020202,0.14242683899053907,0.10975818109208188,0.09076643734439895,0.5938682828594551,False,1.013818197794212,1.8138583227524325,0.0,1.8741666666666663,rnd,117.csv
15,360,11.174735449735449,11.392857142857142,0.5428365250545746,0.46391543940820745,0.28187578472088676,0.7303642872912945,False,3.3572482461631026,5.812327103234954,0.0,1.9174999999999998,rnd,117.csv
16,360,5.643055555555556,11.318657407407407,0.2382884900498724,0.15886043184321932,0.1776084673793285,0.44445249341707227,False,1.3614339762463747,4.115629009494393,0.0,2.05,rnd,117.csv
17,360,4.241481481481482,10.681481481481482,0.17420545130588702,0.1175484745685056,0.12856864077723293,0.45531348531644344,False,1.4328790561400648,4.465344562265899,0.0,1.9174999999999998,rnd,117.csv
18,359,3.465645311049211,10.673166202414114,0.11364121319659898,0.1057910061329757,0.041504076404222656,0.8666141425708362,False,0.17477426739982793,0.06757478874162474,0.0,1.8683333333333325,rnd,117.csv
19,360,3.2287037037037036,10.102222222222222,0.12277386879274067,0.11560475612124968,0.04133960837361042,0.8866240775871116,True,0.20963966822805424,0.1369573507824524,0.0,1.9174999999999998,rnd,117.csv
20,360,3.2014021164021162,10.069735449735449,0.13428509041936926,0.12308917461367286,0.05367998325132872,0.8402028050745064,False,0.20493477426188506,-0.028828971124684702,0.0,1.9166666666666663,rnd,117.csv
21,357,3.3034547152194214,10.352380952380953,0.13960724484987075,0.1346825178074912,0.03675326123769953,0.9306931995221376,False,0.21427816334092875,-0.3158746348265074,0.0,1.9199999999999995,rnd,117.csv
22,359,3.122934076137419,12.77158774373259,0.17078117071512594,0.14674598472826578,0.08736031271098205,0.7383333422674057,False,0.19405990791431982,-0.26091906244222995,0.0,2.083333333333333,rnd,117.csv
23,360,2.8705555555555557,9.413333333333334,0.15581998200606006,0.1503952331797163,0.04075709299235717,0.9315836185019867,False,0.21610162775251818,-0.4642016621596543,0.0,1.9333333333333331,rnd,117.csv
0,360,2.2135185185185184,6.87388888888889,0.19377451495933645,0.051179228288979646,0.18689368432205147,0.06975802064194637,False,3.4883960667005844,16.162960714520036,0.0,1.2,rnd,406.csv
1,360,3.808333333333333,7.192222222222222,0.5008922677449695,0.03473027032083804,0.4996867740996752,0.004807592756343362,True,0.9136269653757602,3.1460228704449658,0.0,4.8,rnd,406.csv
2,360,2.214259259259259,7.358333333333333,0.10499798430457358,0.026635985945992393,0.10156328549583445,0.0643540125036058,True,0.20002609813972266,3.7195768308527115,0.0,1.2666666666666666,rnd,406.csv
3,360,2.2153703703703704,13.833703703703703,0.18197872573199675,0.039583866123655484,0.177621434972657,0.04731460066034605,True,0.36586603460617706,5.323317730354131,0.0,1.2700000000000007,rnd,406.csv
4,360,5.397777777777778,44.48462962962963,0.686116831778264,0.049419684671136554,0.684334714607149,0.005188045698930313,True,1.1490683902158279,1.6832094746965436,0.0,7.540000000000002,rnd,406.csv
5,359,2.2170844939647165,9.440482822655524,0.13458742069066004,0.03524049375382435,0.12989180654741614,0.0685606662181878,False,0.24699275769782014,10.965858810486246,0.0,1.2,rnd,406.csv
6,360,2.2068518518518516,8.990555555555556,0.09598905076442041,0.025025023505629043,0.09266955306462414,0.06796817270177481,False,1.5821110039021056,12.72577839294143,0.0,1.2,rnd,406.csv
7,360,3.8668518518518518,9.868703703703703,0.4834380448318173,0.05948475235471451,0.4797644290983945,0.015140132157302547,True,0.7972961441313211,3.13116663230214,0.0,4.003333333333334,rnd,406.csv
8,360,2.6877777777777774,12.620740740740741,0.2599741673163079,0.11732339188419633,0.231995235702363,0.20366144867798042,True,0.40084436957207376,6.594894783814335,0.0,1.3333333333333337,rnd,406.csv
9,360,2.315,9.115555555555556,0.10158521187283312,0.036498992568365425,0.09480178697019796,0.12909242922679132,True,0.20225684014912457,6.837055142788089,0.0,1.2,rnd,406.csv
10,360,2.306296296296296,14.547592592592592,0.12684380268614825,0.03424080143844752,0.1221348344934209,0.07287009498532411,False,1.761858253546733,8.189051840801572,0.0,1.2,rnd,406.csv
11,360,4.00962962962963,9.911111111111111,0.31960055836118073,0.07752518280800777,0.3100554191356176,0.058839712120992545,True,0.4367458256997476,1.5492174955304256,0.0,2.466666666666667,rnd,406.csv
12,360,2.343148148148148,8.88037037037037,0.07558256693423253,0.022762189993613763,0.07207362299109411,0.09069530662031076,True,0.17037425992187724,3.8653772360449485,0.0,1.2,rnd,406.csv
13,360,3.9605555555555556,9.878703703703703,0.48670171166017606,0.0443057118780217,0.4846808847354379,0.008286930387723934,True,0.6554942451492942,3.065684708911632,0.0,4.336666666666667,rnd,406.csv
14,352,4.275568181818182,10.184848484848485,0.3870405285246381,0.1465917817863446,0.358205555838175,0.1434519179353118,True,0.4905503762565297,1.588756159050397,0.0,3.0,rnd,406.csv
15,360,4.514444444444445,9.422037037037038,0.3061897795750152,0.24919496329369936,0.17791585478885302,0.6623646403914998,True,0.521712627517933,0.2879842499763014,0.0,2.0666666666666664,rnd,406.csv
16,360,4.731666666666667,10.083888888888888,0.3225419339465718,0.2892688239412156,0.14267742165339511,0.8043237423478458,True,0.5369885772458902,0.3780051227639296,0.0,2.0666666666666664,rnd,406.csv
17,360,3.183333333333333,9.51925925925926,0.19576228720509795,0.1263782680074685,0.14950386773325874,0.41676067935514366,True,0.301942124317548,2.336313719586521,0.0,1.6033333333333342,rnd,406.csv
18,360,2.904444444444444,9.340185185185184,0.18363856131722314,0.14129172504842116,0.11730204446428406,0.5919781697307505,True,0.3014572159144794,3.050478614073746,0.0,1.6666666666666663,rnd,406.csv
19,360,4.263333333333334,9.611481481481482,0.5319517958817164,0.09985254272919708,0.5224961079781332,0.035234953147197635,True,0.694155446194158,2.745331424738203,0.0,5.6033333333333335,rnd,406.csv
20,360,2.5972222222222223,11.977037037037036,0.16608488786932485,0.05407236207540154,0.15703620486420597,0.10599623707222232,True,0.24269981708756522,8.057561253495162,0.0,1.3333333333333337,rnd,406.csv
21,360,2.2446296296296295,9.08185185185185,0.09422375204850167,0.019249008833387676,0.09223660395433955,0.041734571165524405,True,0.19145564440935772,2.155752754074144,0.0,1.3366666666666678,rnd,406.csv
22,360,2.2264814814814815,408.9764814814815,0.5355981468928562,0.037710480749805264,0.5342689347104885,0.004957309185900204,True,0.792070833593673,2.598600373281149,0.0,6.4733333333333345,rnd,406.csv
23,360,2.3075925925925924,7.386111111111111,0.1860757760463571,0.03347766392604869,0.18303945052722537,0.032369099132998055,True,0.2936728115122125,3.458066514151137,0.0,1.7333333333333334,rnd,406.csv
0,360,0.5820370370370369,9.857257834757835,0.5524295978557601,0.5099555313796111,0.21242367241532928,0.8521395759202344,False,1.5978513625659727,1.6070601494210441,0.0,6.2700000000000005,rnd,181.csv
1,360,1.8990740740740744,28.930555555555557,0.5371680571478327,0.46825620995236,0.26322166221842125,0.7598830070067538,True,0.712742854266164,1.834464035228386,0.0,6.266666666666667,rnd,181.csv
2,360,0.9496296296296296,12.7,0.5381359800771739,0.5075574364369757,0.17881773337995865,0.8895827031449103,False,1.8063217571465116,1.8299579246004447,0.0,6.136666666666668,rnd,181.csv
3,360,0.47537037037037044,9.754947089947091,0.5446251573303583,0.5161957914690166,0.1736619326933599,0.8983250744202002,False,1.6082722879396147,1.8750312420057909,0.0,6.203333333333334,rnd,181.csv
4,360,0.47870370370370363,9.591851851851851,0.5629444645937305,0.5347455542837583,0.17593652943740276,0.9023255588019082,False,1.87972967396488,1.750019310150425,0.0,6.020000000000005,rnd,181.csv
5,359,0.5065923862581244,9.636211699164345,0.5675942506634492,0.5405266598504969,0.17318823105819742,0.9068976212406235,False,1.8876304125731904,1.742560199576189,0.0,6.039999999999987,rnd,181.csv
6,360,1.6416666666666666,22.97555555555555,0.6012123334556978,0.5317766445994994,0.28048149699711555,0.7823530072402067,False,1.8878995603497932,2.018783757021833,0.0,6.4,rnd,181.csv
7,360,6.728902116402116,65.8464021164021,0.7022184734546115,0.5476739335436289,0.4395043196349426,0.6082745438452678,True,1.810468357856116,1.9125839405804255,0.0,8.4,rnd,181.csv
8,360,12.465740740740738,21.23351851851852,0.6560132495550587,0.5572608194150556,0.3461412468005632,0.7215921442590584,True,0.8148219401447832,1.957101977569541,0.0,7.2,rnd,181.csv
9,359,21.777344475394617,57.29507892293408,0.7024384629290196,0.5740699904079543,0.4048004944600426,0.6679025806411335,True,1.0470701323226492,1.9204378524413432,0.0,8.019999999999992,rnd,181.csv
10,359,13.305292479108637,21.481058495821728,0.6233570156756926,0.5264722483422359,0.3337677946081327,0.7133082769117767,True,0.7693747588329412,1.5937945271532734,0.0,7.2,rnd,181.csv
11,358,18.532216014897582,34.95400372439479,0.7511583938976333,0.6341608583717293,0.4025902860627703,0.7127476871368089,True,1.0525071797677163,2.187525409162042,0.0,8.6,rnd,181.csv
12,360,11.969814814814814,141.68944444444446,0.7284357513692878,0.549629657126694,0.478043809582063,0.5693217972671647,True,1.0100872277896062,1.8225276775105521,0.0,8.543333333333335,rnd,181.csv
13,357,25.303267973856208,149.74789915966386,0.7307653738044061,0.5493690044707685,0.4818835216920062,0.5651612590615327,True,1.0155045668385128,1.6805577218636156,0.0,8.519999999999998,rnd,181.csv
14,352,10.078598484848483,304.97594696969696,0.6718468687154825,0.5250827927421521,0.4191256085816053,0.6108224324299486,True,0.9226642346222893,1.9874626179947916,0.0,7.0,rnd,181.csv
15,360,25.88907407407407,65.37152777777777,0.6696745677751712,0.5371624987614415,0.39990058345697194,0.6434040031769602,True,1.7242048222206028,1.6569367318046122,0.0,7.0100000000000025,rnd,181.csv
16,360,3.0366666666666666,12.560353535353533,0.5718412644342875,0.5196145484798953,0.23875333027591322,0.8256797283745394,False,1.7396644738604508,1.3441840694335254,0.0,6.0100000000000025,rnd,181.csv
17,359,1.5225626740947074,11.837697307335189,0.5808975197914837,0.5368418830666968,0.22190700999585483,0.8540705320639628,False,1.7994693363201864,1.7763055058379509,0.0,6.0266666666666575,rnd,181.csv
18,360,1.934444444444444,11.78638888888889,0.5985888060499022,0.5364452293621417,0.26558440206993805,0.8031443209919454,False,1.867887553358199,2.058117141344762,0.0,6.2700000000000005,rnd,181.csv
19,360,1.7911111111111109,10.36111111111111,0.61931305543345,0.5456702276420211,0.2929038465015785,0.7763186992898617,False,1.9674366838334236,2.2450470875533846,0.0,6.4,rnd,181.csv
20,360,0.9029629629629627,10.010555555555555,0.539548149576696,0.5070215131655647,0.1845030918411339,0.88306436408009,False,1.8455421639924803,1.985643677172582,0.0,6.020000000000005,rnd,181.csv
21,358,1.0286778398510241,10.785661080074487,0.5527811955256521,0.5186498841760481,0.19123113703301883,0.8803230002849791,False,1.8844281064473858,2.2610581832923895,0.0,6.4,rnd,181.csv
22,359,1.1389176283326696,10.30732192598488,0.5865553239118659,0.5509257503505038,0.2013155871016652,0.8822022916202565,False,2.0137464390327473,2.3861292408223327,0.0,6.2,rnd,181.csv
23,360,0.5322222222222222,10.2739652014652,0.5407128828729274,0.5028114580687039,0.1988744813684656,0.8647227749340648,False,1.8560358301361495,1.8361599445503172,0.0,6.14666666666667,rnd,181.csv
0,359,52.324061546624215,433.8495158509085,0.668287684188093,0.6442876342518687,0.17748767052281245,0.9294642215561996,True,1.5333826759884268,1.1682193538158008,0.0,12.739999999999997,rnd,275.csv
1,360,52.55816137566138,23.10661579161579,0.6623610787342703,0.651707773522723,0.11831811590826355,0.9680910229843598,True,1.5945528814446055,1.2715325286883545,0.0,13.003333333333334,rnd,275.csv
2,360,52.757791005291004,22.354166666666668,0.6293566767310568,0.6114710958628937,0.1489729017982522,0.9439699684697241,True,1.604919274427942,1.4762044962156438,0.0,12.933333333333332,rnd,275.csv
3,360,51.61769841269841,19.03335571835572,0.6310840632566737,0.6193027038961348,0.1213723850119521,0.963011616997091,True,1.6228670546799266,1.5087279816020884,0.0,13.003333333333334,rnd,275.csv
4,360,50.15353174603173,18.478425925925926,0.6246511067236594,0.6117302369565064,0.12639273050389044,0.9590579895533912,True,1.6177465638419846,1.5378885129342277,0.0,12.67666666666667,rnd,275.csv
5,359,51.37140204271124,20.741308273898802,0.6685321211278202,0.612756906677399,0.26732783300436136,0.8401017176947472,True,1.617279194099447,1.428180938596485,0.0,13.033333333333323,rnd,275.csv
6,360,55.37714285714286,27.042653642653644,0.7688581109954241,0.7018203301185981,0.3139920684916641,0.8332196214930049,True,1.6496529985355375,1.5885056690398214,0.0,14.81333333333335,rnd,275.csv
7,360,56.70619047619048,30.176701261701258,0.8048113089318465,0.7570170032407886,0.27321511632581336,0.8847552082050464,True,1.7203256292165692,1.476176047729761,0.0,23.343333333333337,rnd,275.csv
8,360,60.92953703703703,34.16522817460317,0.8818822922267892,0.8335617539470395,0.2879082834860976,0.8934172120907587,True,1.7353904453483773,1.1855815608202116,0.0,29.673333333333332,rnd,275.csv
9,359,59.24557633638413,27.489919087412122,0.7958267345487795,0.7229547669117888,0.33268092284063183,0.8252493716315413,True,1.684108755369381,1.28682951783445,0.0,25.09761904761904,rnd,275.csv
10,360,61.52317460317461,20.698425925925925,0.8503638809687719,0.7677315094459045,0.36565975914801563,0.81509667236834,True,1.7211539893290577,1.2264458907810496,0.0,30.006666666666668,rnd,275.csv
11,360,59.99474867724867,22.09255291005291,0.8137719237637759,0.7673492734981435,0.270924041694472,0.8891617429830363,True,1.6499224428014805,1.3576887537001239,0.0,25.950000000000003,rnd,275.csv
12,360,63.64035714285714,256.20695767195764,0.8940017663842135,0.8301933868923321,0.33168976266736433,0.8623464609859633,True,1.8439175703749795,1.2454433419870314,0.0,30.203333333333333,rnd,275.csv
13,357,67.67053488061892,40.37669734560491,0.9068841832268665,0.8594071272842047,0.2895829956336724,0.8980370345581922,True,1.831025762956921,1.2741730509851248,0.0,32.71999999999998,rnd,275.csv
14,352,61.17961309523809,275.42777326839825,0.8454601570972606,0.8001852904062939,0.2729585650906006,0.8957665383999067,True,1.7570466943494445,1.443383139901724,0.0,29.659999999999997,rnd,275.csv
15,360,61.59333333333333,42.43392857142857,0.8720210243941307,0.8258513998056775,0.2799823787747941,0.89691214898832,True,1.9089178457714397,1.2881202811170356,0.0,26.013333333333335,rnd,275.csv
16,360,54.80321428571429,16.725132275132275,0.6734217064263951,0.6308747305603155,0.23557136716224025,0.8776311769412134,True,1.5416476817312854,1.3720666679867428,0.0,12.736666666666666,rnd,275.csv
17,360,57.759365079365075,23.299193121693122,0.6806257364336592,0.6291056250408635,0.25976432710787156,0.8543393357398017,True,1.541650680611907,1.1314107847240293,0.0,12.466666666666669,rnd,275.csv
18,360,57.10091269841269,26.682367724867728,0.6472409456815722,0.6285937478544578,0.15424247769360544,0.9432094573649615,True,1.4350279849257919,1.1121825475126634,0.0,12.266666666666667,rnd,275.csv
19,360,53.67474867724867,13.860462962962963,0.6363342840343807,0.6161234835030144,0.15910114428770986,0.9374861910239805,True,1.4502736089047854,1.2549030106135217,0.0,12.133333333333333,rnd,275.csv
20,358,52.63756318169725,14.5683160415004,0.6155057422187381,0.6062024129272644,0.10661122485649423,0.9699985912417786,True,1.4648104470892518,1.413237406408502,0.0,12.276666666666666,rnd,275.csv
21,360,53.545145502645504,17.914272486772486,0.6230561889240088,0.6126184762317053,0.11356767645793321,0.9667757602352796,True,1.463991005503349,1.3591739124343523,0.0,12.270000000000001,rnd,275.csv
22,360,53.887711640211634,31.284947089947092,0.6621478733292567,0.6475575176343569,0.13823555081702762,0.956415755956805,True,1.5845709338879812,1.2454733617358833,0.0,12.736666666666666,rnd,275.csv
23,359,48.9725029844807,19542.477463854622,0.7476875232597299,0.3761510524255715,0.6461787819151942,0.2530954252921679,True,1.3463231845686596,0.26785924252481286,0.0,34.13333333333333,rnd,275.csv
0,360,3.1732804232804233,10.970383597883597,0.12833308119644518,0.12079755791254904,0.043328163262914166,0.8860109024998976,False,0.16520892929970327,0.06875634061861488,0.0,1.9174999999999998,rnd,116.csv
1,360,3.3593783068783067,16.937460317460317,0.28714845224237934,0.1604431088565554,0.23814332332785967,0.31219732508302633,True,0.6493341027728305,2.183671176000879,0.0,3.601666666666667,rnd,116.csv
2,360,3.364074074074074,14.946481481481483,0.22723281163386286,0.10479157055076992,0.20162707512765643,0.21267214643695195,True,0.5037575500749195,1.725856401700296,0.0,2.9,rnd,116.csv
3,360,2.710145502645503,9.324444444444445,0.13616761007076156,0.130361021716881,0.03933982777432878,0.9165325244748908,False,0.19167029620745313,0.13548370660180384,0.0,1.9166666666666663,rnd,116.csv
4,360,2.567169312169312,9.027486772486771,0.13731775821764589,0.13254075576177798,0.03590424465180355,0.9316343134303111,False,0.19689947597445195,0.1460573988488298,0.0,1.9,rnd,116.csv
5,359,2.5584294999336787,8.982053322721846,0.13818937649875268,0.13399929937074906,0.03377116440489409,0.9402768431747919,False,0.19302833679828524,0.21258387071178592,0.0,1.901666666666666,rnd,116.csv
6,360,2.7793386243386244,9.521719576719576,0.13283835948807546,0.1263529808111984,0.040999438918210736,0.9047403854985105,False,0.1606043722417116,0.23639468972024874,0.0,1.9333333333333331,rnd,116.csv
7,360,3.3961243386243387,10.368994708994707,0.13756352987850493,0.11607538904168863,0.07382566499162026,0.7119896382610279,False,0.17271875937673448,2.1752258924759658,0.0,1.9341666666666666,rnd,116.csv
8,360,6.0192328042328045,29.609497354497364,0.28781379588915135,0.16231022213251664,0.23768082147160127,0.31803032249156216,False,2.22857714794092,6.35205445772111,0.0,1.9508333333333334,rnd,116.csv
9,359,4.550417827298049,10.78477251624884,0.2768685345786838,0.1725487096085739,0.216525121526727,0.3883973226268314,False,1.8581075690079771,5.89572994718592,0.0,2.219999999999999,rnd,116.csv
10,359,4.614557633638414,24.853123756466385,0.2766577629151118,0.18213302226660985,0.208247640997983,0.43340275404922757,False,1.0183244626887014,6.21661907281524,0.0,2.251666666666666,rnd,116.csv
11,358,4.127307794626231,12.490585671311928,0.18297010565328276,0.12622273037665607,0.13246086931254616,0.4758990775395506,False,0.4692347262447566,4.5042492937553185,0.0,1.9716666666666656,rnd,116.csv
12,360,6.992222222222222,11.72537037037037,0.4230758304496095,0.28162864044254227,0.31571896869385585,0.4431157697093157,False,2.243366872672024,4.552998241902669,0.0,2.4166666666666665,rnd,116.csv
13,359,4.705849582172702,11.506778087279478,0.25482299032070566,0.16100275345695883,0.1975167582137378,0.3991989507536595,False,1.286140984695178,6.719225741650399,0.0,1.9666666666666663,rnd,116.csv
14,352,3.5799242424242426,11.198403679653678,0.1209052189350463,0.11445408937804341,0.03896579769970491,0.8961331293255571,True,0.03510362650629756,0.7055584544696902,0.0,1.9333333333333331,rnd,116.csv
15,360,13.548306878306878,11.80031746031746,0.5101136802807764,0.4229872299965592,0.28512763820688464,0.6875757815087409,False,1.9041631839994735,5.902352510992818,0.0,2.1175,rnd,116.csv
16,360,5.690674603174602,11.761785714285715,0.23905906680346764,0.1482599758231271,0.18753190925778623,0.38462491230055046,False,1.54524742862543,4.971601534619959,0.0,2.05,rnd,116.csv
17,360,4.263703703703703,11.008783068783067,0.18319994113019852,0.12453817252629273,0.1343594507800607,0.4621195243242642,False,1.601352566347811,5.310351078943305,0.0,1.9341666666666666,rnd,116.csv
18,360,3.4761111111111114,11.034021164021164,0.11215642928195964,0.10614014873289976,0.03623994282883362,0.8955937110633648,False,0.17402987713336987,-0.2935594608175651,0.0,1.9166666666666663,rnd,116.csv
19,360,3.228148148148148,10.465515873015873,0.11878389407737434,0.11312720910823107,0.036219443004654885,0.9070245225148044,False,0.18376484657029835,-0.2783656087222476,0.0,1.9166666666666663,rnd,116.csv
20,360,3.1992592592592595,10.34611111111111,0.1360904706994012,0.1284522778728351,0.04495140180755802,0.8908984182282299,False,0.005443692670528855,0.6883829639971147,0.0,1.9008333333333334,rnd,116.csv
21,358,3.3128491620111733,10.720098430433625,0.14067571194463813,0.13648709363734068,0.03407241114982314,0.9413365646374702,True,0.0143099302749497,0.8210653884151471,0.0,1.9,rnd,116.csv
22,359,3.1214484679665744,13.195118716010082,0.14727692860781808,0.12023490055850874,0.08505329145799034,0.6664869648500878,False,0.14826541632437773,0.3617869134497595,0.0,2.1349999999999993,rnd,116.csv
23,360,2.874179894179894,9.675330687830687,0.12461804027735333,0.11824721531938744,0.03933512465695871,0.900367913139357,True,0.25281153688861285,-0.28283575685926793,0.0,1.9008333333333334,rnd,116.csv
0,359,1.514882610425786,26.887451916699824,0.11689024494778086,0.05009339542950064,0.10561240977411648,0.18365569612020757,True,0.18823354852328045,0.9326128500487463,0.0,3.166666666666667,rnd,315.csv
1,360,0.9225132275132274,18.874960317460317,0.139017739019761,0.044853955345815,0.13158288054303272,0.10410247407076846,True,0.2567887383438162,1.058727223772721,0.0,3.471666666666668,rnd,315.csv
2,360,11.870039682539684,30.289589947089947,0.41274362259648,0.0629234191841293,0.40791903769282933,0.02324148556265301,True,0.6740001821423619,1.657653150072647,0.0,9.335,rnd,315.csv
3,360,0.7879365079365079,28.75686507936508,0.12935018967742354,0.05163920227141125,0.11859538084747534,0.15937672906638392,True,0.2215165192330263,1.290740922870369,0.0,3.305000000000001,rnd,315.csv
4,360,0.7613888888888888,20.632645502645502,0.11541259281301089,0.05190913551865276,0.1030801058862863,0.2022931592831344,True,0.17835374680301008,1.1558088613659587,0.0,3.1,rnd,315.csv
5,359,0.8428173497811381,28.30676482292081,0.2096406486303834,0.05120059658819165,0.2032921554491986,0.05964843496683598,True,0.3362970581815874,1.7746183552753394,0.0,4.626666666666657,rnd,315.csv
6,360,0.7861111111111111,16.105291005291004,0.14499077518797784,0.049776300308759715,0.1361787238050897,0.11785947013178862,True,0.24646300799182674,0.8498134991735451,0.0,3.466666666666667,rnd,315.csv
7,360,0.7793915343915344,20.7,0.11322862104625278,0.04670031424160149,0.10314941237724813,0.17010895207993237,True,0.19745367624567234,0.9646724727751577,0.0,3.1,rnd,315.csv
8,360,0.7808730158730158,19.446984126984127,0.20709350732708617,0.046654744784858836,0.201769808361146,0.05075264368224256,True,0.33688322144654126,1.982965167813928,0.0,4.6400000000000015,rnd,315.csv
9,359,0.7995490118052793,17.572688685502058,0.11503897813927275,0.05354184731316501,0.10181963011925449,0.21661906243942658,True,0.18750248489315124,0.7655828602128972,0.0,3.1366666666666654,rnd,315.csv
10,360,0.7785185185185185,14.73675925925926,0.12601006576943657,0.06285724718565111,0.10921310888102985,0.24882856679889034,False,1.1759412582252917,2.662687028983818,0.0,3.1,rnd,315.csv
11,360,0.7748544973544974,25.648743386243385,0.20747286870693293,0.054072542018965976,0.20030264963073105,0.06792520373500772,True,0.3414200718294459,1.9725337098872857,0.0,4.670000000000001,rnd,315.csv
12,360,0.7762301587301589,19.707526455026454,0.11528592336156626,0.05106478228413698,0.1033597220178277,0.19619611554670727,True,0.17535232822270796,0.8867134999519554,0.0,3.2,rnd,315.csv
13,360,0.7847222222222222,18.218849206349205,0.1132728673049507,0.048715078662528694,0.10226232726859198,0.18495881240780102,True,0.18208284992261403,0.7187636362680556,0.0,3.1333333333333333,rnd,315.csv
14,353,0.776487252124646,22.466221502765414,0.20926693887978773,0.050381864265504145,0.20311159361604433,0.05796251535042836,True,0.35422455823814947,1.938194885984072,0.0,4.713333333333333,rnd,315.csv
15,359,0.7769831375680958,20.100253460559866,0.11960959348384749,0.061779784657797335,0.10241930023685691,0.2667845969866121,True,0.19399102874229412,1.054437041139888,0.0,3.2,rnd,315.csv
16,360,0.7877645502645502,22.27826278659612,0.11995700629899621,0.04875323190297265,0.10960294585106906,0.16517928584560027,True,0.19444381893101748,1.1907764677897226,0.0,3.2,rnd,315.csv
17,360,0.8365873015873017,26.20429894179894,0.21119025434971853,0.04304180283895555,0.20675765219374898,0.04153681202500488,True,0.36814524874477994,1.879164994179578,0.0,4.7683333333333335,rnd,315.csv
18,360,0.7737433862433862,27.294550264550264,0.12394513808277592,0.04387426070562184,0.11592000043949927,0.12530275845579725,True,0.21065404872684168,1.3710995147032694,0.0,3.270000000000001,rnd,315.csv
19,360,0.7661111111111112,18.01021164021164,0.10757521554687605,0.042029730134218186,0.09902488972375394,0.15264716858112792,True,0.2209375610097839,1.0270298855644167,0.0,3.1,rnd,315.csv
20,358,0.7752920264093447,20.209145649508777,0.20563336407344396,0.039289545714178566,0.20184501979918906,0.036506218909554335,True,0.34862851735644007,2.0621746374370735,0.0,4.571666666666665,rnd,315.csv
21,360,0.8473743386243386,20.587208994708995,0.11996944311532562,0.04494336472054212,0.11123291441384459,0.14034271708718338,True,0.20403011228816348,1.1873479330433947,0.0,3.1672619047619053,rnd,315.csv
22,360,0.8363237688237689,27.67384472009472,0.12124361774356159,0.04833713132548809,0.11119144112191999,0.15894393914868504,True,0.20716499528174837,1.213855032151178,0.0,3.201666666666667,rnd,315.csv
23,359,0.761135429102003,20.839831338577856,0.20441697820834245,0.05188130251732727,0.1977236238514142,0.06441511901696405,True,0.342721019690968,2.0384313909781473,0.0,4.639999999999997,rnd,315.csv
0,200,0.17633333333333334,0.44666666666666655,0.36999805035897065,0.28692260644274187,0.23361073430290555,0.601354636089173,True,1.072759834351546,-1.5926553664918268,0.0,0.2,rnd,191.csv
1,234,2.3991452991452995,12.70997150997151,0.7868157486081685,0.36447890861395393,0.6973049171154707,0.21458468151597623,True,1.2971643723406943,1.0559573393578234,0.0,1.223333333333333,rnd,191.csv
2,224,0.34315476190476185,1.8285714285714287,0.5063406641825572,0.40969016250522616,0.297548044778107,0.6546745489583862,True,1.0567481097375253,0.08259398143849486,0.0,0.2666666666666666,rnd,191.csv
3,230,0.14840579710144924,0.472463768115942,0.4585281546452345,0.34928336271263666,0.2970676709682772,0.5802615371396355,True,1.007855736127559,-0.727894708679057,0.0,0.2,rnd,191.csv
4,212,0.16477987421383644,0.5078616352201257,0.4150052088703284,0.32461642453736494,0.25856043840866655,0.6118343903674885,True,1.0499933683025635,-1.1954912861397728,0.0,0.2,rnd,191.csv
5,221,0.16259426847662137,0.44404223227752637,0.46835761090899214,0.3868231527294442,0.2640581379333569,0.6821340936569873,True,1.0494362271446198,-0.8060732567191816,0.0,0.2666666666666666,rnd,191.csv
6,213,0.16572769953051641,0.4701095461658842,0.4405797609488524,0.3416685604502375,0.27816024258978894,0.6013965741653143,True,1.0695220812529476,-1.0815104190509277,0.0,0.2666666666666666,rnd,191.csv
7,206,0.16957928802588995,0.5313915857605178,0.40062337631186246,0.3132033103228892,0.249805476421755,0.6111954517165957,True,0.48472631089942686,-1.2944682542883525,0.0,0.2666666666666666,rnd,191.csv
8,203,0.174055829228243,0.46436781609195393,0.40083274274297037,0.3291472466982172,0.22875527894637782,0.6743014169898571,True,0.492590780480775,-1.37750043709882,0.0,0.2666666666666666,rnd,191.csv
9,209,0.1707222601959444,0.5004784688995215,0.41792432089442055,0.3619430250062854,0.2089449320858531,0.7500412219396656,True,0.5387045362495728,-1.2042461854758628,0.0,0.2666666666666666,rnd,191.csv
10,196,0.19395043731778422,0.668415937803693,0.38193055497608314,0.30522797929871787,0.22957968001885604,0.6386749390309986,True,0.41607453986883214,-1.539590515408802,0.0,0.2666666666666666,rnd,191.csv
11,191,0.18359511343804535,0.48272251308900516,0.3172845666876725,0.22496103547118299,0.22374545532349308,0.5027090564799823,False,1.0882055353059903,-1.917127197246309,0.0,0.2666666666666666,rnd,191.csv
12,194,0.18350515463917522,0.4920962199312715,0.3319405816293519,0.27551757029716806,0.18513405464683533,0.6889344443190215,False,1.0987145268342215,-1.819959516822243,0.0,0.2666666666666666,rnd,191.csv
13,195,0.18017094017094012,0.5538461538461539,0.364523134233614,0.2997234997046706,0.2074679231020583,0.6760695851240918,False,1.0939479317439367,-1.6800030350659412,0.0,0.2666666666666666,rnd,191.csv
14,191,0.18115183246073296,0.5277486910994765,0.33523540460312756,0.2785693292891104,0.1864990758122884,0.690505018987349,False,1.0986460759263377,-1.809858617824687,0.0,0.2666666666666666,rnd,191.csv
15,187,0.18930481283422454,0.5112299465240642,0.26442794523470003,0.19165787972535764,0.18217956899780455,0.5253378085306272,True,0.0731697470814876,-1.5892723498251393,0.0,0.3333333333333333,rnd,191.csv
16,192,0.18506944444444443,0.6131944444444444,0.3290601234232574,0.23848935431616194,0.2267231631421665,0.5252759090501562,False,1.118892751601893,-1.4569353364412487,0.0,0.2666666666666666,rnd,191.csv
17,194,0.1849533627884143,0.4972754050073637,0.34858294636238785,0.28130021630805885,0.20586466136693432,0.6512201941189971,True,0.27575231030353353,-1.644864192249972,0.0,0.2899999999999996,rnd,191.csv
18,195,0.18236874236874234,0.5256166056166057,0.33242101593493667,0.2582292509479197,0.20933558175831354,0.6034397656774277,False,1.097010639525066,-1.7824015392128962,0.0,0.2666666666666666,rnd,191.csv
19,192,0.1878472222222222,0.5656249999999999,0.3219770907453739,0.27024349486215765,0.17503628323733786,0.7044668371139197,False,1.1133746864435343,-1.72282515900327,0.0,0.2666666666666666,rnd,191.csv
20,192,0.18506944444444443,0.5031249999999999,0.30205226485295245,0.24188986944154298,0.18090014307443592,0.6413146592686599,True,0.25064042108880535,-2.1098835587728444,0.0,0.2666666666666666,rnd,191.csv
21,186,0.19032258064516128,0.6243727598566308,0.26749857556950096,0.19034642995628395,0.18794606815416354,0.5063449980479454,False,1.1259602114587695,-2.003986259595355,0.0,0.2666666666666666,rnd,191.csv
22,191,0.16719022687609073,0.5490401396160559,0.2864717474429051,0.23234072925636956,0.1675823606815763,0.6577897501258266,False,1.0723794268775977,-2.65672292808773,0.0,0.2,rnd,191.csv
23,195,0.1835897435897436,0.4673504273504273,0.3361517549993838,0.2777949130150761,0.18928282725094742,0.6829325480576172,False,1.0989863916975398,-1.985364586213486,0.0,0.2666666666666666,rnd,191.csv
0,359,0.0,1.7434142459212092,0.2505911508573708,0.20699933108678917,0.14123456311272886,0.6823487853198515,False,0.7756167331481787,-1.2632716357957114,0.0,1.4666666666666666,rnd,402.csv
1,360,0.0,1.6539153439153438,0.22235826505649783,0.15746890562065194,0.15699280812053126,0.5015140043700038,True,0.00734825445444548,-0.9797325585967291,0.0,1.4666666666666666,rnd,402.csv
2,360,0.0,1.6806349206349205,0.21262255722353898,0.15039136365429465,0.1503023272556976,0.5002961032887692,False,0.7288962821938276,-0.9941217792450942,0.0,1.4333333333333331,rnd,402.csv
3,360,0.0,1.6460052910052911,0.2385118195240602,0.18559340569591656,0.1498097987945675,0.6054876251674747,False,0.7413923714509595,-1.059242515917776,0.0,1.5,rnd,402.csv
4,360,0.0,1.6474440374440373,0.24969498879385452,0.18793844864754652,0.16439807465027273,0.5665152724698971,False,0.780145692702042,-0.8927944771297498,0.0,1.5350000000000006,rnd,402.csv
5,359,0.0,1.6561878233187428,0.20772053515684566,0.14370830484941716,0.14998581213952655,0.4786354567919587,True,0.02915750979091155,-0.3876612495175338,0.0,1.4666666666666666,rnd,402.csv
6,360,0.0,1.6841269841269844,0.20747913229480366,0.1461931893237459,0.1472247999936017,0.4964842035740897,True,0.014086908683361613,-0.7698442610183404,0.0,1.5,rnd,402.csv
7,360,0.0,1.650026455026455,0.23682936451446138,0.16965833359286422,0.16523981886584121,0.5131913111253632,True,0.09872825613495737,-0.5169429641290463,0.0,1.5350000000000006,rnd,402.csv
8,360,1.6849999999999998,9.209642857142859,0.628288224040662,0.3606455464009935,0.5144714591979792,0.3294908109808817,False,2.225543997516346,3.132453942006592,0.0,4.955000000000005,rnd,402.csv
9,359,3.156731662024141,11.32300039793076,0.886840239008134,0.8399752524631644,0.2844770373394793,0.8971027774781204,True,2.822281221708069,2.3457874917823407,0.0,16.24,rnd,402.csv
10,360,0.33851851851851855,5.122989417989418,0.4629608962847753,0.1677422909340294,0.43150355192165674,0.13127938087470184,True,1.2729747510351845,2.324685387593916,0.0,3.8700000000000006,rnd,402.csv
11,360,0.0,1.6431349206349208,0.19537883512531024,0.1264031875369748,0.1489802785452341,0.4185631779022201,True,0.03986591572012791,-0.680726504086169,0.0,1.4333333333333331,rnd,402.csv
12,360,0.00018518518518518499,1.6414814814814813,0.2241426879527752,0.16627297568962082,0.15031048572210093,0.5502932514222925,False,0.6964836790790094,-0.9135498786253566,0.0,1.4683333333333337,rnd,402.csv
13,360,0.0,1.6377380952380953,0.21688961929728312,0.16639508636786698,0.13911787157497235,0.5885772371714898,True,0.08591306522590683,-1.3105125856485935,0.0,1.4350000000000003,rnd,402.csv
14,356,0.0003745318352059921,1.6716158373461745,0.2243778261138941,0.17144803016528165,0.14474453980735016,0.5838551661026578,True,0.10579640448627306,-1.183409213449558,0.0,1.4416666666666664,rnd,402.csv
15,359,0.0003714020427112345,1.6489852765618784,0.2112273764312052,0.14949028998482922,0.14923021729616867,0.5008706214846018,False,0.37087218310967635,-0.8879049827248705,0.0,1.4366666666666654,rnd,402.csv
16,360,0.0,1.6411375661375662,0.23453145849313986,0.16177109460460062,0.16980906328387996,0.4757728326479786,True,0.036919019175591095,-0.6323315529795257,0.0,1.5666666666666669,rnd,402.csv
17,360,0.0,1.644404761904762,0.2286024186136676,0.16559821255344997,0.15759536095685345,0.524746617322556,True,0.01788072750595014,-0.7538317949321862,0.0,1.4666666666666666,rnd,402.csv
18,360,0.0,1.6703835978835977,0.22555627993569172,0.14833959975601163,0.16991468024468753,0.43251817249644076,True,0.022600503647990343,-0.3789952736386931,0.0,1.5016666666666671,rnd,402.csv
19,360,0.0,1.6468121693121693,0.23711917142909203,0.17370900146592555,0.16140224369236691,0.5366749323200789,True,0.04884105114025932,-0.8395853735954549,0.0,1.5,rnd,402.csv
20,358,0.0007448789571694598,1.6478717744080873,0.216213566799694,0.15046486433638256,0.1552695432738814,0.48428867503776296,True,0.018227179084209663,-0.6760744775877168,0.0,1.4716666666666658,rnd,402.csv
21,360,0.0011375661375661373,1.6403968253968255,0.2517510818930839,0.16098377177541687,0.19355317734229713,0.4089041382562674,False,0.7046324063843319,-0.9106958222988688,0.0,1.5,rnd,402.csv
22,360,0.0005555555555555556,1.6690476190476191,0.23171924174450587,0.1554951736915361,0.17179947017755257,0.45030796649920335,True,0.04195606557883398,-0.5027851393191964,0.0,1.5666666666666669,rnd,402.csv
23,359,0.8272980501392758,71.3606324038079,0.47709846745510365,0.17687569550084759,0.4431003678503325,0.1374422569524363,True,0.42703867651016747,2.7446494951839577,0.0,3.1333333333333333,rnd,402.csv
0,359,0.0,5.433744528452049,0.15257149755693714,0.0816308017668284,0.1288971453123429,0.28626042130288676,True,0.20971208518328455,-0.6978962355568884,0.0,1.9333333333333331,rnd,283.csv
1,360,0.0007407407407407403,8.012896825396824,0.23855866595827427,0.10542395515929956,0.2140000625756018,0.1952936920849615,False,1.9264748480322282,4.3357636643430295,0.0,2.0,rnd,283.csv
2,360,0.0,5.431640211640212,0.1573820684382182,0.06995507931257557,0.14098014875954437,0.19757318860932135,True,0.25774354335784144,-0.8006391348014277,0.0,2.0,rnd,283.csv
3,360,0.00037037037037036997,6.211203703703704,0.19609056746854114,0.10591209959295252,0.1650276880100639,0.2917277540082358,False,1.4379272259730018,2.659161758608811,0.0,1.9333333333333331,rnd,283.csv
4,360,0.3368518518518519,10.458425925925924,0.25468195268484595,0.11462714661824785,0.227428041985866,0.20257162946496174,False,1.927556150647171,4.848759735286914,0.0,2.0,rnd,283.csv
5,359,0.0,5.360883406287306,0.1557875991775108,0.08737269127700169,0.1289798002654157,0.31454707958170136,True,0.21854328812967433,-0.7447863410511103,0.0,1.9333333333333331,rnd,283.csv
6,360,0.00018518518518518499,7.675343915343915,0.1889051109392117,0.10441860316980653,0.1574226675260661,0.3055401884662572,False,2.10730833576666,3.409920180650178,0.0,2.0,rnd,283.csv
7,360,0.002962962962962963,7.233769841269843,0.20205924967136535,0.09557727885723924,0.178025066055319,0.22374423370941401,False,1.3744063333803136,2.703449540820899,0.0,1.9333333333333331,rnd,283.csv
8,360,0.00018518518518518499,6.193121693121692,0.201742754494359,0.10106861358438077,0.17460032743125753,0.25097861838100627,True,0.12450726107650861,2.893808930996119,0.0,2.0,rnd,283.csv
9,359,0.0005571030640668521,6.950921872927445,0.2076834853006246,0.10337062475600849,0.1801303528119768,0.24773670405179102,False,1.8581756423868634,3.7930567979056313,0.0,2.0,rnd,283.csv
10,360,0.00018518518518518499,6.112830687830688,0.1692275634470736,0.0875952459871778,0.14479309759335607,0.26792847376141093,False,0.9264771036021329,1.9397052192467577,0.0,2.0,rnd,283.csv
11,360,0.0005555555555555552,6.915648148148148,0.21285350586314594,0.10976992586773543,0.18236550752054015,0.26595314251829183,False,1.880527601741425,3.60824317261478,0.0,2.0,rnd,283.csv
12,360,0.0003703703703703703,6.259444444444445,0.18669026658275803,0.10007278144806638,0.157602963328704,0.28733503954779493,False,0.11657750335838019,1.372151825595822,0.0,2.0,rnd,283.csv
13,358,0.0003724394785847299,6.149906890130353,0.20066563340650131,0.07809192192829888,0.1848468235052386,0.1514489345057514,False,2.0772246800271574,2.4278362048731963,0.0,2.0,rnd,283.csv
14,352,0.0005681818181818179,7.067397186147186,0.19730731796724504,0.08377555915937185,0.1786388351142106,0.1802803049687052,False,0.31824435387449046,4.142080499476791,0.0,2.0,rnd,283.csv
15,357,0.00018674136321195124,6.6071361878084565,0.18441976657565787,0.07066110902806104,0.1703457013685541,0.14680672920019724,False,2.037249071607811,3.239744412658484,0.0,2.0,rnd,283.csv
16,359,0.00018570102135561726,6.590794535084228,0.19427300975526876,0.12324716601154498,0.15017369406621597,0.40246576748476487,False,0.20625721070363906,1.087698103610884,0.0,2.0,rnd,283.csv
17,360,0.0007407407407407406,7.191746031746032,0.21606696228332997,0.08708452837458125,0.19774027689907459,0.1624445988547778,False,1.9161876532543805,3.69680221784517,0.0,1.9333333333333331,rnd,283.csv
18,360,0.000555555555555555,8.154365079365078,0.23266741463257873,0.11575636291359742,0.20182812062946986,0.24752474246311976,False,1.9293571711435404,4.583963552709037,0.0,2.0,rnd,283.csv
19,360,0.0,5.468253968253968,0.15722909412706568,0.0883247494710938,0.1300758496835066,0.3155723936479808,True,0.24987474659281467,-0.5328123378074912,0.0,1.9366666666666672,rnd,283.csv
20,357,0.0003734827264239025,7.276590636254502,0.2087457876092513,0.08634396645366735,0.19005137016515988,0.17109154569091164,False,1.4247456855037566,3.274888641873039,0.0,2.0,rnd,283.csv
21,360,0.0,5.4500925925925925,0.16098670838842968,0.08474980169792255,0.13687290232147525,0.27713880502101756,True,0.23203781988220235,-0.6255740007529538,0.0,2.0,rnd,283.csv
22,360,0.0007407407407407399,16.249007936507937,0.2599646247468228,0.10872560604601209,0.23613629265677008,0.1749182668006593,False,1.9731630216230471,4.612540019399795,0.0,2.0,rnd,283.csv
23,359,0.0005571030640668517,8.009404430295795,0.2202843496031081,0.09994237842997641,0.196307706608334,0.20584109084150026,False,1.2931234763860366,2.59074696533577,0.0,2.0,rnd,283.csv
0,360,3.204814814814815,10.93388888888889,0.05782043210573788,0.048707681276840616,0.03115708833520798,0.7096304541537424,True,0.09623297808764775,0.19285142243845974,0.0,2.0166666666666666,rnd,130.csv
1,360,3.2857407407407404,16.378888888888888,0.24734160188611146,0.06794567101316826,0.23782609994312645,0.07546216235665025,True,0.5980329964848216,3.783013636987224,0.0,2.716666666666674,rnd,130.csv
2,360,3.559444444444445,16.637037037037036,0.26867052095312016,0.0809729418438779,0.2561781245898427,0.09083219331188984,True,0.5790043398259597,2.701442451265175,0.0,3.7533333333333343,rnd,130.csv
3,360,2.710925925925926,9.27648148148148,0.05782454670758621,0.04999483924153907,0.02905502110049975,0.7475252700271114,True,0.0990901227032156,0.14770981149266874,0.0,2.0166666666666666,rnd,130.csv
4,360,2.5705555555555555,8.937407407407408,0.05695448374948283,0.05005684522224017,0.027168464541942643,0.772451304777765,True,0.09725147935340595,0.2391135141642674,0.0,2.0175,rnd,130.csv
5,359,2.560445682451254,8.92070566388115,0.058096725923367745,0.05061244239987605,0.028523853830331874,0.7589466961745308,True,0.09862337415475386,0.2401391174800012,0.0,2.0166666666666666,rnd,130.csv
6,360,2.784074074074075,9.447962962962963,0.057073837801251255,0.047660332409151455,0.03139929419609178,0.6973326191573151,True,0.09527133487692674,0.26462305926892016,0.0,2.0166666666666666,rnd,130.csv
7,360,3.4116666666666666,10.20425925925926,0.07744022941325826,0.05198620803702168,0.05739706704623134,0.45065378088443103,False,0.9896700711204824,5.701509970383245,0.0,2.0341666666666667,rnd,130.csv
8,360,4.455,10.422777777777778,0.21317439231739974,0.10396565743183582,0.18610336809058248,0.23785360662391775,False,2.2605582059805363,9.683267194161731,0.0,2.0666666666666664,rnd,130.csv
9,359,6.228226555246053,31.239368616527393,0.28384248106443466,0.15382088152037657,0.23854913637468536,0.29368096809776106,False,1.4873429258552058,6.5803474663020145,0.0,2.084999999999999,rnd,130.csv
10,358,4.448603351955308,11.210614525139663,0.24242334607326432,0.15721690687900947,0.18453163119843324,0.4205809644523235,False,1.9875247358283765,8.0761647147217,0.0,2.05,rnd,130.csv
11,358,4.133705772811918,11.114338919925512,0.11907953981740038,0.06456762336470975,0.10005477907704773,0.2940053996607789,False,1.4375115013957336,9.673736727841012,0.0,2.05,rnd,130.csv
12,359,7.035468895078924,11.694336118848653,0.392817609517359,0.24880272785303018,0.30397841528605835,0.40116993525416417,False,1.9183877279807675,5.022399477124844,0.0,2.1,rnd,130.csv
13,356,4.737265917602996,11.308614232209738,0.21930188786587487,0.12058232683110097,0.1831753817452943,0.30233092957926555,False,1.7220192312597593,8.585762466765912,0.0,2.05,rnd,130.csv
14,352,3.5823863636363638,11.029734848484848,0.05182677977582122,0.041604713928675145,0.030904091652151428,0.644431306377315,False,0.0919930089384724,0.1439160828034138,0.0,2.033333333333333,rnd,130.csv
15,360,11.637777777777778,11.727592592592593,0.5016901520934424,0.4232318067538329,0.2693841986075419,0.711681119662132,False,2.931110762115982,6.121274154569493,0.0,2.0675,rnd,130.csv
16,360,5.660925925925926,11.530000000000001,0.1980204830162061,0.108943407622111,0.16535853660955688,0.3026785743380943,False,1.3791508921430258,6.245887899562958,0.0,2.05,rnd,130.csv
17,359,4.262209842154132,10.845496750232126,0.13664943581734074,0.06014715990951266,0.12270039716324081,0.19373788952502136,False,1.3795050939045677,8.414015681667182,0.0,2.033333333333333,rnd,130.csv
18,360,3.4766666666666666,10.807592592592593,0.05369217416711923,0.04510762242562768,0.029123048705437363,0.7057938868301715,True,0.09579172341556619,0.0038273009267136746,0.0,2.033333333333333,rnd,130.csv
19,360,3.2362962962962962,10.285555555555558,0.052361895220696376,0.04341207767198085,0.02927728784066395,0.6873697697704246,True,0.09275882563651061,-0.07004506751973465,0.0,2.0166666666666666,rnd,130.csv
20,360,3.2020370370370372,10.23425925925926,0.054488105330527836,0.04517613583299,0.030464247466660547,0.6874082617278777,True,0.09437695777944555,0.02621544894237067,0.0,2.033333333333333,rnd,130.csv
21,358,3.313035381750466,10.621787709497207,0.05309003125309794,0.044452431323800064,0.029026415001817824,0.7010759632266643,True,0.09338555250608926,0.030054112343187295,0.0,2.033333333333333,rnd,130.csv
22,359,3.120891364902507,12.125533890436394,0.08639916695060167,0.045254252121048326,0.07359937985283935,0.2743466578927709,True,0.2009448791177081,1.5517865101341048,0.0,2.218333333333333,rnd,130.csv
23,360,2.8738888888888887,9.572037037037036,0.0560588136490528,0.0486662365003912,0.027824234268479332,0.7536465565550592,True,0.09294878418689068,0.21333123024747908,0.0,2.0166666666666666,rnd,130.csv
0,360,4.840756003256004,10.94946275946276,0.2147351630605599,0.11528951631715696,0.1811615789343901,0.28825264538264644,False,1.5244657756127131,5.788066126186273,0.0,2.1008333333333336,rnd,111.csv
1,360,3.0060978835978838,9.88128306878307,0.07767104193640384,0.07031610077760911,0.03299146445551827,0.8195798974247812,True,0.12692211363492634,0.5610728374865511,0.0,2.0675,rnd,111.csv
2,360,4.250595238095238,12.936349206349206,0.18097901159394647,0.0795992690608862,0.16253417795188324,0.19344688260782034,False,0.7876063361717645,5.277756569745997,0.0,2.25,rnd,111.csv
3,360,3.2440740740740743,9.13584656084656,0.13734454588039605,0.06449686567194454,0.12125872587812954,0.2205232500076042,False,1.6124984337157708,8.898248515701175,0.0,2.0166666666666666,rnd,111.csv
4,359,2.56169253216607,8.801379493301498,0.05901042407782819,0.04944831754806053,0.03220394450236325,0.7021753310712623,False,0.106135707044126,0.5225407203349551,0.0,2.0,rnd,111.csv
5,359,2.6069903170181723,8.919326170579653,0.060085428522526275,0.0505464494843065,0.03248561474354554,0.7076898785106909,True,0.09494630994831565,0.6039800613767233,0.0,2.0,rnd,111.csv
6,360,3.0502910052910055,9.257182539682539,0.1046521879224448,0.05985842618857594,0.08584316659572565,0.3271553022641495,False,1.5711607117296533,9.406200844900976,0.0,2.0008333333333335,rnd,111.csv
7,359,4.2435070964318875,10.164371932617058,0.18289006727820692,0.08467893013551529,0.1621056923742395,0.21437319730022655,False,1.593233107680489,7.137510602362225,0.0,2.033333333333333,rnd,111.csv
8,360,4.048346560846561,10.29160052910053,0.16015047749488887,0.06528402133920666,0.14624011761354308,0.1661717985313377,False,1.5815229329796976,7.818850263907168,0.0,2.0166666666666666,rnd,111.csv
9,359,5.976800636689215,10.546889507892294,0.2644095790302796,0.11155375822649916,0.23972522710076524,0.1779975574940907,False,1.458508122984812,4.918487007143333,0.0,2.084999999999999,rnd,111.csv
10,358,5.52830540037244,11.223689811119979,0.21756084024200045,0.10001223423221386,0.1932104350460555,0.2113220445336492,False,1.2235231024192086,5.601351804772792,0.0,2.0858333333333325,rnd,111.csv
11,357,5.813685474189676,11.194157663065226,0.24972564370340317,0.0769294238951193,0.23758106166579046,0.09489835356999131,False,1.3180080228927262,5.198624510979846,0.0,2.1014285714285714,rnd,111.csv
12,360,6.080046296296296,11.258511904761907,0.2590374035416368,0.08403650912647079,0.24502702211680535,0.10524732112572557,False,1.5858793582599486,5.334393463093601,0.0,2.1166666666666667,rnd,111.csv
13,360,5.302985347985348,11.317247659747661,0.2155915025720475,0.10023365403900225,0.19087406994996145,0.21615428392772357,False,1.1662687229731152,5.630870298309254,0.0,2.05,rnd,111.csv
14,356,7.658199571963617,11.271147672552168,0.32667361869489997,0.14586674478254663,0.29229872719148864,0.19938131478524496,False,1.5286784910406968,4.248608661555029,0.0,2.1666666666666665,rnd,111.csv
15,360,7.933840388007055,11.74031339031339,0.2975705318541355,0.1052674392843136,0.2783289199031901,0.12514349350870763,False,1.7331961875258306,5.6893091693217075,0.0,2.0675,rnd,111.csv
16,360,7.055833333333333,11.672037037037038,0.293179199825918,0.11706112528568367,0.26879497048385226,0.1594259739426208,False,1.5894691637930813,4.802580563747682,0.0,2.1008333333333336,rnd,111.csv
17,359,4.936423928903038,11.009868682849184,0.19242973281273965,0.10764780687177894,0.159502826765166,0.31294356011987806,False,1.549707253554243,6.978057132468235,0.0,2.033333333333333,rnd,111.csv
18,360,4.132751322751322,10.782671957671957,0.15553033825156148,0.09434233063554341,0.123649548187201,0.3679450533928879,False,1.2986922945518315,7.588667989441092,0.0,2.0175,rnd,111.csv
19,360,4.6067724867724875,10.33420634920635,0.19143971994206074,0.09947788613137183,0.16356441098945848,0.2700156868196345,False,1.7140720849945608,8.03791163606003,0.0,2.0008333333333335,rnd,111.csv
20,360,4.8082006573673235,10.225416466249799,0.22150445292356943,0.13595331712797593,0.17487400672161027,0.3767165448500309,False,1.2523006026060939,5.973566162020294,0.0,2.033333333333333,rnd,111.csv
21,357,5.517860477524344,10.602080832332934,0.2476188972417185,0.12080581441479024,0.216150580556204,0.23801706998051247,False,1.6180481749252644,5.828331990272556,0.0,2.0199999999999996,rnd,111.csv
22,359,4.663058761108902,9.985236768802228,0.215799286267623,0.12996917944534128,0.17227113614276823,0.3627277200909875,False,1.3535845007991814,5.886926267896069,0.0,2.05,rnd,111.csv
23,360,3.9683597883597876,9.550026455026455,0.18904898281585744,0.0986762495893666,0.161252955540937,0.27244358077958597,False,1.6451730779214424,7.119353518043141,0.0,2.0666666666666664,rnd,111.csv
0,173,3477.495568400771,0.04160367570772194,1.9580959592471732,1.8551438797194324,0.6265628229951403,0.8976091136186506,True,3.9351986548729716,-0.9909261109662025,0.0,40.17333333333334,rnd,367.csv
1,233,2854.7861230329045,0.038626609442060075,2.1992752219473424,2.144530131176852,0.4876494830778812,0.9508349626082985,True,4.21383787800898,-0.28351008491347623,0.0,30.19999999999967,rnd,367.csv
2,163,3188.3783231083844,0.048670756646216756,1.9078005721800664,1.8603876619779316,0.4226828247881323,0.9509133659445442,True,3.9800502684061176,-1.0497513410351804,0.0,22.466666666666665,rnd,367.csv
3,127,2258.163961235615,0.04950535029275186,2.146834056954582,1.6161022788672104,1.413191385602205,0.566683715687033,True,4.043241460301153,-0.3435467482217676,0.0,23.226666666666667,rnd,367.csv
4,100,553.962,0.043999999999999984,1.6705330935319234,1.3488037555801777,0.985600956532686,0.6519095843046796,True,4.185754541823188,1.1716287447506768,0.0,21.813333333333333,rnd,367.csv
5,90,61.390864197530846,0.049629629629629614,0.871804018351494,0.7584549858354128,0.4298700744122761,0.7568710400676777,False,1.6414756968132598,0.3886971795497235,0.0,1.0,rnd,367.csv
6,117,123.23247863247863,0.7646723646723647,1.107652138286851,0.8332784485356958,0.7297535794070331,0.5659440765894453,False,1.71413429806859,0.9687374972291168,0.0,1.6533333333333189,rnd,367.csv
7,155,597.9453225806451,1.8044854070660525,1.6091497213018569,1.3003697689160063,0.9478403291985292,0.6530415588016902,True,3.8814004399174697,1.009329244107363,0.0,16.3799999999999,rnd,367.csv
8,181,960.5573971761817,3.2707182320441994,1.6796670369431204,1.4196451905865273,0.8977131434026262,0.7143535909981076,False,4.0541149873342865,0.7913982368336779,0.0,21.0,rnd,367.csv
9,190,2437.1244736842104,0.07719298245614034,1.90991975583883,1.7711072043344203,0.7148235757850808,0.8599227866993805,True,3.7679651844059356,0.4112713273073712,0.0,36.43666666666667,rnd,367.csv
10,183,2511.216029143898,0.2794171220400728,2.087760045657708,1.843170012633808,0.9805438862040611,0.7794165585039161,True,4.0931931863174755,0.40603800947075724,0.0,36.059999999999995,rnd,367.csv
11,194,2379.2276264113893,5.139977090492555,2.0047677442945577,1.6039497951058996,1.2026798257822537,0.6401082263243679,True,3.8252009579648014,0.3002617705718066,0.0,35.22333333333328,rnd,367.csv
12,200,2521.9913333333334,0.217,1.9754390137112308,1.6277483018875234,1.119283146748259,0.678964783280634,True,3.707705855309914,0.22240377590586125,0.0,46.039999999999985,rnd,367.csv
13,192,2023.1722222222224,0.07812499999999999,1.9759082588400956,1.5123641336342628,1.2716006348886368,0.585840221992557,True,3.8095859567472896,0.40860558216974247,0.0,32.889999999999986,rnd,367.csv
14,188,2056.7218085106383,0.28191489361702127,1.9866931281180273,1.555108223967186,1.2363607875782119,0.6127166146865239,True,3.733239053612417,0.29333021567422884,0.0,30.393333333333334,rnd,367.csv
15,182,1779.9109798931229,0.4162420912420912,1.9639257468348528,1.6323458988738984,1.0919941417015009,0.6908348809909369,True,3.522164963383876,0.4328349775097718,0.0,30.0,rnd,367.csv
16,139,1250.841671278362,0.5260468548238332,1.8700689755684812,1.6605392211259744,0.8600973598878741,0.7884660990105878,True,2.932177977983523,0.7006777253166155,0.0,20.746666666666663,rnd,367.csv
17,134,2245.042786069652,0.5422885572139303,2.109305117430109,1.9228467437275294,0.8670804337276241,0.831018189175535,True,3.681755285967161,0.3451963270313211,0.0,55.248333333333335,rnd,367.csv
18,139,1693.5338129496404,0.5247002398081534,1.9245173028025904,1.7829942673884582,0.7243606085689993,0.8583338766536139,False,2.8008698156752736,0.4622231658261045,0.0,36.93333333333334,rnd,367.csv
19,129,987.0559154669619,0.5596899224806201,1.8627396672019931,1.695091196573501,0.7723114029112929,0.8280981430286307,True,3.4633449968909833,0.4599633635731702,0.0,20.106666666666666,rnd,367.csv
20,126,937.0999999999999,0.5740740740740741,1.9351222773575962,1.8167099114092065,0.6665308140762908,0.8813620486818654,True,3.280108514166323,0.3720166619587585,0.0,20.183333333333334,rnd,367.csv
21,121,1133.8678533587624,29.255234159779608,1.9856616514375636,1.7376772803069702,0.9609005481810917,0.7658218421420432,True,3.7975756710883877,0.3797354422365304,0.0,20.46666666666667,rnd,367.csv
22,127,1186.6458308096105,0.062467191601049854,1.9410582496689268,1.767861740000044,0.8014811269467376,0.8295058572959794,True,3.8368256823005655,0.7092394816948906,0.0,20.246666666666666,rnd,367.csv
23,144,2384.405687830688,0.041615791615791604,2.1351845217249394,1.6238489456331833,1.3864081446600622,0.5783895399921681,True,3.699589952522509,-0.18481927644090806,0.0,22.78666666666666,rnd,367.csv
0,120,2.7484920634920638,1.1468253968253965,0.33148094157121577,0.20604032376702755,0.2596670938084343,0.3863556963038886,False,1.0211836382178854,-2.190677144472401,0.0,0.4,rnd,433.csv
1,153,219.8331154684096,1.1769063180827886,0.9370767516733525,0.23877131889671993,0.9061462882995232,0.06492530370394624,True,2.0967164856030047,0.8400754759986004,0.0,3.1333333333333333,rnd,433.csv
2,131,2.6773536895674304,1.2152671755725193,0.4014804828449712,0.215192327274631,0.3389378119767095,0.2872927650811116,True,0.7360630177106889,-1.3838526231773611,0.0,0.4,rnd,433.csv
3,119,2.5411764705882356,1.2403361344537815,0.3270899488266512,0.20047544867454892,0.2584519860673537,0.37565397657336436,True,0.7683527631915705,-2.347352303519838,0.0,0.4,rnd,433.csv
4,129,2.447545219638243,1.2108527131782945,0.3714890485899238,0.1735582152071098,0.32845343529390797,0.21827214684077675,True,0.7168597929314996,-1.6992753371263325,0.0,0.4,rnd,433.csv
5,119,2.547899159663866,1.1770308123249298,0.41678223465293696,0.22307034495407344,0.35206114855855136,0.28646085245999847,True,0.8118055210698426,-2.243715270452978,0.0,0.4,rnd,433.csv
6,132,19.562590187590192,1.1602453102453103,0.4749461474613153,0.25694492416062237,0.3994410456330664,0.2926788548587126,True,1.1080122870199896,0.2635965018656302,0.0,0.4,rnd,433.csv
7,118,2.451372074253431,1.1481436642453589,0.36222287780065354,0.16956710431126462,0.32008188067692916,0.21914494351082142,True,0.6927659195153709,-2.3673674428963,0.0,0.4,rnd,433.csv
8,126,2.73915343915344,1.1693121693121693,0.38390172956672325,0.1915230174335029,0.3327153013576137,0.24888677103155743,True,0.710245508736901,-1.9523957679486514,0.0,0.4,rnd,433.csv
9,119,2.8224089635854344,1.1735894357743093,0.34294392724980205,0.17740246140048882,0.2934942996491849,0.26759195264446545,True,1.0515149920954108,-2.073822605401997,0.0,0.4285714285714285,rnd,433.csv
10,131,2.7428571428571424,1.1632860777898946,0.3645639990162887,0.21399852516379653,0.295146642546495,0.3445672537744122,True,0.9988969900800457,-1.7838837312358757,0.0,0.4285714285714285,rnd,433.csv
11,114,2.6515037593984965,1.1654970760233916,0.2820035254470086,0.15048462772062388,0.23849604857172554,0.28475751947160716,False,1.0240294678351365,-2.888885798027953,0.0,0.4,rnd,433.csv
12,134,4.096695095948828,1.1595238095238098,0.4075351165888763,0.2037935724451086,0.35292074334497436,0.2500638369803491,True,1.052718833894735,-1.676038757895454,0.0,0.4,rnd,433.csv
13,128,2.793712797619048,1.147470238095238,0.40873603906589856,0.2031491858656096,0.35467669491160503,0.24702693415678748,True,1.042141886066539,-1.6624835223062524,0.0,0.4,rnd,433.csv
14,126,2.5490173847316715,1.1466364323507174,0.3718422761465723,0.1804558194616299,0.32511901751865485,0.23551808122474374,True,0.739553754968195,-2.2134621131164685,0.0,0.4,rnd,433.csv
15,124,4.64247311827957,1.1424731182795695,0.39572860989862507,0.22190591077931407,0.32765667924445124,0.3144436594564855,True,0.7371923911931814,-1.4844825692019876,0.0,0.4,rnd,433.csv
16,129,2.419638242894057,1.1385012919896642,0.40034566940476296,0.22010102884567243,0.3344132056486769,0.3022552654068931,True,1.073343523736662,-1.8041431685237572,0.0,0.4,rnd,433.csv
17,124,2.3841781874039945,1.1468509984639017,0.35555347155500727,0.19630423224081167,0.2964505347257158,0.30482422556276634,True,1.042918539254988,-1.9314760377247882,0.0,0.4,rnd,433.csv
18,132,7.683225108225108,1.1493506493506493,0.42858424319381855,0.20823841309973795,0.3745947367805922,0.23607461524765228,True,1.074293369146925,-1.713950613235707,0.0,0.4,rnd,433.csv
19,123,2.5068524970963995,1.1412698412698412,0.3527864454536202,0.2366202566963035,0.26166606623094174,0.4498627783975382,True,0.9929363926166369,-1.9013413753223845,0.0,0.4,rnd,433.csv
20,125,2.60712380952381,1.1520380952380949,0.3754649283259786,0.20454443816077514,0.31485788098811357,0.29678134393372063,True,0.756032066364571,-2.523703723422762,0.0,0.4,rnd,433.csv
21,123,2.5831204026325985,1.1675958188153306,0.3658383280160111,0.16798372025330455,0.3249910029145578,0.2108414446266952,True,1.0429365132038826,-1.8441156157339251,0.0,0.4,rnd,433.csv
22,128,2.253385416666667,1.1508184523809522,0.3943227819516351,0.21840157930383375,0.3283157116613031,0.30676641484740863,True,1.026299253422979,-1.477656806728858,0.0,0.4,rnd,433.csv
23,160,47.18273809523809,1.1317261904761904,0.8526471601965492,0.2958153725966612,0.7996877172538903,0.12036570902866331,False,1.6198296487116528,0.09805723018988989,0.0,2.146666666666662,rnd,433.csv
0,359,0.0011142061281337041,9.862780209576865,0.2327757372574554,0.14239668068721456,0.1841405147842684,0.37421768696100377,True,0.3122297604320262,2.4396841493398296,0.0,2.0,rnd,339.csv
1,360,0.0,10.167103174603174,0.2096873774286967,0.10831046643778604,0.17954843110691315,0.2668064204552893,True,0.2944132045762509,2.133969730108822,0.0,1.8,rnd,339.csv
2,360,0.6905555555555556,19.28563135938136,0.42230732023898265,0.15681582409801156,0.3921125731724145,0.1378867547629411,True,0.6451015997857751,2.6279146378915654,0.0,2.870000000000001,rnd,339.csv
3,360,0.0014814814814814812,10.08462962962963,0.2664741928681716,0.15226266040061145,0.21868831178751091,0.3264949862764378,True,0.34796763269976105,2.083757741700526,0.0,2.0700000000000007,rnd,339.csv
4,360,0.000555555555555555,9.919246031746033,0.17189177702542302,0.0767724314597162,0.15379459280716254,0.19948047239017275,True,0.25035235627377234,2.526868214531904,0.0,1.5333333333333334,rnd,339.csv
5,359,0.0016713091922005566,9.95544501923332,0.1699522040673333,0.08712389118631303,0.14592182582430907,0.26279731604347956,True,0.2562629316324736,2.101355901745788,0.0,1.5333333333333334,rnd,339.csv
6,360,0.0009259259259259253,9.863849206349206,0.2251937621730345,0.13773258187284113,0.17816275259516598,0.374076705248883,True,0.3114289769953045,1.8747712025675087,0.0,2.0,rnd,339.csv
7,360,0.0012962962962962956,9.895092592592592,0.3058569890422245,0.21262845875817565,0.2198582185684635,0.4832879475696574,True,0.3613603689374685,2.6990501938924365,0.0,2.0100000000000025,rnd,339.csv
8,360,0.002222222222222221,9.997962962962962,0.293704401415309,0.17523091630236678,0.23570405465871375,0.3559594722254384,True,0.3727567288133486,2.2806702601681867,0.0,2.0,rnd,339.csv
9,359,0.0040323650351505496,10.030156519432285,0.2526599102252944,0.1531809440563847,0.2009294120158833,0.36756724953537423,True,0.34117373809473467,1.534755773286588,0.0,2.0666666666666664,rnd,339.csv
10,359,0.003926250165804483,10.038373789627272,0.2709795659440228,0.16618273006754905,0.21404024244638464,0.37609598147928464,True,0.3657075105189623,1.9887356001672112,0.0,2.0,rnd,339.csv
11,360,0.009259259259259259,10.015185185185183,0.25813733085306684,0.15945734137803932,0.20299812280066312,0.38158158484677085,True,0.35928842200739197,1.3768438102798701,0.0,2.1333333333333333,rnd,339.csv
12,360,0.007037037037037035,10.002010582010582,0.30645851291492127,0.1953705238212413,0.23610840425499208,0.40641965435041505,True,0.41491087608446087,3.537626936955772,0.0,2.2,rnd,339.csv
13,359,0.0016713091922005562,9.863841358270328,0.24174238272474172,0.16515723320923953,0.17652894358745916,0.4667556682753368,True,0.33771566843880907,1.5143604163601674,0.0,2.0,rnd,339.csv
14,355,0.0018779342723004681,9.894656829868097,0.22649860891365,0.15799721331324068,0.1622914058878932,0.4865951502641278,True,0.3159149923192195,1.3989189955247514,0.0,2.0,rnd,339.csv
15,360,0.004629629629629628,9.922222222222222,0.3257662438986488,0.18393625244069103,0.2688700442628526,0.3188030787134508,True,0.41643053975991007,2.468516400021654,0.0,2.2,rnd,339.csv
16,360,0.0012962962962962958,9.791309523809524,0.23875260748852073,0.1237187892275924,0.20419713214104213,0.2685190336593588,True,0.319415739335283,2.094051254105121,0.0,1.8700000000000006,rnd,339.csv
17,360,0.0014814814814814808,9.893227513227513,0.24590379685322047,0.14810018148146498,0.19630337121910832,0.3627276919511097,True,0.4055514827229434,1.9923964951117743,0.0,2.0,rnd,339.csv
18,360,0.0018518518518518506,9.809867724867724,0.2113196957186441,0.11777873066521259,0.17545422309397865,0.3106374308209585,True,0.2826541758675358,2.124134036425895,0.0,1.8,rnd,339.csv
19,360,0.001666666666666665,9.948835978835978,0.2318553765537178,0.09941713498086646,0.20945918196408211,0.1838603761155072,True,0.31700300807204035,2.7460888066124287,0.0,1.8,rnd,339.csv
20,357,0.0018674136321195141,10.007480567984768,0.22251190937575593,0.10337799393877581,0.19703943814180716,0.215848820546798,True,0.2821955410383997,3.054608968418399,0.0,1.8,rnd,339.csv
21,360,0.0011111111111111102,10.013359788359788,0.22463633377559775,0.08731576615637379,0.20697207404059909,0.15108638607090624,True,0.3004630429213088,2.3497495418708123,0.0,1.8700000000000006,rnd,339.csv
22,360,0.00037037037037036997,9.960992063492062,0.1928042328100473,0.08063623530329743,0.17513214937749771,0.17491512255695196,True,0.2725674877325157,2.0798701171310117,0.0,1.6666666666666663,rnd,339.csv
23,358,0.0009310986964618243,9.944519819100824,0.21531497718297324,0.07928246554907119,0.2001869877283851,0.1355831796822016,True,0.2902409287100235,2.4553191554190326,0.0,1.7433333333333318,rnd,339.csv
0,359,205.09757262236374,0.020878100543838707,0.8349914710625772,0.7154841656259702,0.4304569264000244,0.7342365078384345,False,3.93516576190326,2.9403222813008982,0.0,0.432380952380951,rnd,347.csv
1,360,67.80343915343916,0.020039682539682538,0.6341279406849597,0.32469204037634136,0.54469562516473,0.26217393105975384,True,0.4871848454608876,2.2836389571796163,0.0,0.8,rnd,347.csv
2,360,24.99277777777778,0.02,0.5094168811993818,0.15280279705471697,0.48595973502252227,0.08997377509419618,False,0.7825105333062765,-0.3899550563481293,0.0,0.6,rnd,347.csv
3,360,21.710912698412702,0.019854497354497354,0.4839147726798994,0.10659068171530209,0.4720295899509964,0.04851775746760196,False,1.3441486358594361,-0.16672594499029839,0.0,0.4666666666666666,rnd,347.csv
4,359,20.406356943891762,0.42138214617323255,0.46721030582160494,0.09637530980214848,0.45716219170711997,0.04255070365043259,True,0.5733688092128254,-0.35621357851899343,0.0,0.4666666666666666,rnd,347.csv
5,359,19.66010080912588,0.020612813370473534,0.44595867739219963,0.11119965730185641,0.4318724095810586,0.062175267166497426,True,0.5743254139560319,-0.5026421705823052,0.0,0.4666666666666666,rnd,347.csv
6,360,22.204841269841268,0.019444444444444445,0.5195711805027975,0.14625227925590503,0.4985624157731139,0.07923465635173121,False,1.2684455848365825,-0.7296023450855951,0.0,0.6666666666666667,rnd,347.csv
7,360,23.459074074074074,0.018928571428571427,0.5160837254276164,0.2060971443821722,0.4731451983575036,0.15947904300763288,False,0.9765085874839907,-0.32729532557616087,0.0,0.6666666666666667,rnd,347.csv
8,360,28.034669312169314,0.06744708994708995,0.5566895088407577,0.26337991810247036,0.4904428896351747,0.2238407967016268,False,0.5525643924461607,0.21773300646215932,0.0,0.8666666666666667,rnd,347.csv
9,358,25.24624900239425,0.020909816440542697,0.5475311650927926,0.25775366332548166,0.483066688760636,0.22161135283398506,False,0.5003901124889889,0.08281570741905618,0.0,0.7333333333333333,rnd,347.csv
10,358,25.431417930300615,0.11405959031657356,0.5715036638708825,0.23209513791032224,0.5222530849848864,0.1649278689141002,False,0.35307515173807924,0.8607206350221289,0.0,0.6666666666666667,rnd,347.csv
11,359,22.130998806207717,0.023623822788168193,0.514215166472028,0.1618999477739123,0.48806315609832696,0.09912966848898774,False,0.6781648501848576,-0.5522509817867932,0.0,0.6666666666666667,rnd,347.csv
12,360,22.946018518518517,0.019708994708994707,0.5133174780027815,0.17644676817260646,0.48203876527161016,0.11815587280298848,False,0.7001725636452066,-0.6295378089049152,0.0,0.6666666666666667,rnd,347.csv
13,359,47.73048149621966,1.125096166600345,0.8108745149799451,0.3456835560562182,0.7334987103712513,0.18173983922286427,False,2.717100506145653,2.085283525579814,0.0,1.0,rnd,347.csv
14,355,29.004319248826288,0.03605633802816901,0.5982968301542193,0.20878102041160745,0.560686706181335,0.12177233335531132,True,0.08237272701460707,0.9661550960595825,0.0,0.6666666666666667,rnd,347.csv
15,360,20.64759259259259,0.018518518518518517,0.4693083849439653,0.20861110567472052,0.42039477490554483,0.19758693413948575,False,0.6860789409461382,-0.40158119081003824,0.0,0.5366666666666674,rnd,347.csv
16,360,254.32351851851854,0.027592592592592582,1.843727769613698,0.12201596861717778,1.839685894887253,0.0043796534761038255,True,3.833772188743856,0.826339360387756,0.0,25.013333333333335,rnd,347.csv
17,360,19.7876455026455,0.019074074074074073,0.45366931910790587,0.14026207648154995,0.4314422336778294,0.0955876332837628,True,0.7252078300524364,-0.553306675506583,0.0,0.5333333333333333,rnd,347.csv
18,359,20.37051333068046,0.020095503382411457,0.4670018145763508,0.11230962181466111,0.4532959779939064,0.05783580616633463,True,0.5435753844785824,-0.5727658882446804,0.0,0.4699999999999988,rnd,347.csv
19,360,19.570489417989418,0.020555555555555553,0.4414622299357776,0.1342324632161533,0.42055980107327595,0.09245449144902024,True,0.6289147873215265,-0.6330143245354859,0.0,0.4,rnd,347.csv
20,357,385.8997599039615,0.019607843137254898,0.7787598235772055,0.3873440550146659,0.6755971032078185,0.24739260486228726,False,5.012205238417627,3.3938191635114228,0.0,0.7333333333333333,rnd,347.csv
21,360,379.7474735449736,0.019999999999999997,0.9370872326783627,0.8094763637214263,0.472102211629144,0.7461880719790185,False,4.451307726146516,3.072969958364382,0.0,0.7333333333333333,rnd,347.csv
22,359,2356.3108104523144,0.020241411327762304,1.7163809741438099,1.4510181775098234,0.91679326837566,0.7146910154866968,True,4.537795905174953,1.6104556744296894,0.0,28.89333333333332,rnd,347.csv
23,358,315.93677839851034,0.02011173184357542,0.8680148625253742,0.7699118956382709,0.4008559273849256,0.7867336693355301,False,4.249224474670303,3.5559433408934242,0.0,0.4285714285714285,rnd,347.csv
0,294,44.14002267573696,0.7788143828960156,1.005211437699812,0.9052024531073123,0.4371024518016655,0.8109173666673454,True,1.7083432509175824,1.4510354529998915,0.0,1.0,rnd,19.csv
1,306,44.66448801742919,13.31220043572985,1.112547872071449,0.8494332862128446,0.7184885941504966,0.5829363482114098,True,1.433521773360653,1.0422349356124616,0.0,2.0166666666666666,rnd,19.csv
2,303,43.47172717271727,3.7568756875687574,1.0128177831843035,0.9053368710321391,0.4540539746374895,0.7990202382213876,False,1.951072425219659,1.3234290060258893,0.0,1.1266666666666652,rnd,19.csv
3,312,41.62478632478633,0.7444749694749694,1.0119966143402657,0.9000471341001994,0.4626578690935431,0.7909925400420836,False,3.701028457371163,1.4095042551761048,0.0,1.0,rnd,19.csv
4,310,41.637849462365594,0.7486328725038401,0.9942089443653801,0.872446215662091,0.4767483883905843,0.7700554422083875,False,3.7585327475363464,1.5951235991002537,0.0,0.9333333333333332,rnd,19.csv
5,315,41.68467120181406,0.7414512471655329,1.0089307341796279,0.8145897454147072,0.5953022535128231,0.6518612628546264,False,3.4763357341348744,1.4063969660734281,0.0,1.1400000000000052,rnd,19.csv
6,306,22.312173202614378,0.7565787426081543,0.8852068959259235,0.6783232141503304,0.5687432335769576,0.5871969393230959,True,1.3840290254491396,1.058335534363471,0.0,1.4166666666666665,rnd,19.csv
7,311,13.799004746593171,0.7489205328433625,0.8512203448179693,0.7084233258872734,0.47192421719046823,0.6926306645743914,False,1.002507503276603,0.6061443701398992,0.0,1.0,rnd,19.csv
8,321,17.838629283489094,0.7118676754190773,0.9641054614106691,0.8372899736572758,0.4779590366703798,0.7542280766359016,False,1.146588217427801,0.446202305928264,0.0,2.2,rnd,19.csv
9,323,15.235633200648682,0.782721509656494,0.9066720948067255,0.7281144551057684,0.5402810636763479,0.6449095489124689,True,1.74388022486098,0.3323709077488239,0.0,1.4399999999999937,rnd,19.csv
10,316,29.18649789029536,0.7494725738396624,0.967513585545734,0.8240841519837165,0.5069199627799647,0.7254859073061076,False,0.6532197942996623,0.7192028566669129,0.0,1.25,rnd,19.csv
11,324,13.66493239271017,0.7068636096413873,0.905269462512507,0.7696288616347068,0.47663845322901555,0.7227813706342069,False,1.8497283884183493,0.20072741303397887,0.0,1.4609523809523797,rnd,19.csv
12,327,15.404099315567205,0.6991262560069899,0.9271991701863534,0.760086864080959,0.5310049531274035,0.6720171950390751,False,1.1032051810775347,-0.02296975571301007,0.0,1.399999999999999,rnd,19.csv
13,321,13.322741433021807,0.7281412253374869,0.9002890518801078,0.74130351615964,0.5108712889412924,0.6779976404153885,True,1.802912824574482,0.20433263969637708,0.0,1.0,rnd,19.csv
14,322,15.364951197870454,0.7109878734102336,0.9241524890205808,0.7170777558717988,0.5829728252644368,0.6020675581218238,True,1.727264672062103,0.3512675619671989,0.0,1.4,rnd,19.csv
15,317,23.261559260928344,0.7199339041610335,0.9641046908323763,0.7686885759249757,0.5819069754930118,0.6357003662269644,True,1.7148738084845516,0.7816866623024867,0.0,1.1466666666666658,rnd,19.csv
16,312,43.141247641247645,0.7544427794427795,1.059664052153404,0.910860518727895,0.5414988632018741,0.7388688417123012,True,1.293020948216637,1.0160957288905539,0.0,1.4899999999999978,rnd,19.csv
17,310,42.11038402457756,0.7569278033794163,1.0399697168979483,0.9258792236017614,0.473587030404547,0.7926241331868906,False,1.6885968520556085,1.0464192115981408,0.0,1.2,rnd,19.csv
18,311,41.93758995559638,0.7318021742459041,1.0444150500319545,0.9192746798932722,0.49571852864339455,0.7747192614684268,True,1.7413513689092697,1.1980672775292904,0.0,1.090909090909091,rnd,19.csv
19,305,42.78513661202186,0.7502263856362217,1.0425893296072082,0.9316069904731806,0.46808217816139047,0.7984338222626581,True,1.7621694667473897,1.204822752010092,0.0,1.0,rnd,19.csv
20,299,43.288517279821626,0.7654881350533523,1.0199502057517655,0.9178986082585783,0.4447027852060668,0.8099001565826375,True,0.5714149388496395,1.3949470802968815,0.0,1.0,rnd,19.csv
21,301,43.09590254706533,0.8993039076095553,0.9918096854687319,0.8942998284732613,0.42885226941486604,0.813035679638663,False,2.2161851531342345,1.506774201346126,0.0,1.0,rnd,19.csv
22,301,43.10874861572536,0.7604176554342666,1.0076124556295123,0.9149875924271043,0.421995931786299,0.8246000466171194,True,0.5433704291254888,1.5101103555862936,0.0,1.0,rnd,19.csv
23,303,42.84378437843784,0.7624233851956624,1.0103902412638115,0.9047557471635236,0.44978381208722634,0.8018339029416078,True,1.7113105442579333,1.3851820692925638,0.0,1.0,rnd,19.csv
0,358,26.861405959031657,309.37534916201116,0.24071845835333586,0.10685251889395142,0.21570330409621555,0.19703834100842774,True,0.4373392587900843,1.6618042567175213,0.0,3.3,rnd,387.csv
1,360,26.307261904761905,297.4264550264551,0.23137783444436616,0.10932807495930949,0.2039192837812455,0.22326461533172182,True,0.4752789130010412,1.6521425778099632,0.0,3.068333333333334,rnd,387.csv
2,360,25.495,293.96407407407406,0.2372676044905749,0.10329979402517685,0.21360025443583142,0.1895492280288177,True,0.46856566197701066,1.696568922404851,0.0,3.0,rnd,387.csv
3,360,23.601600529100526,274.1537433862434,0.24522446542217452,0.11275154020915405,0.21776622470450913,0.2114060313087592,True,0.48743936489026807,1.733270368712634,0.0,3.0,rnd,387.csv
4,360,23.851124338624338,275.3152777777778,0.23850756673046078,0.10516429000547317,0.21407085624935016,0.19441611696472783,True,0.44256756453101875,1.6327957080501267,0.0,2.9683333333333337,rnd,387.csv
5,359,24.13312110359464,279.6147499668391,0.24287832991081199,0.10179372675681728,0.2205173923599308,0.1756566084798484,True,0.5279460279673654,1.5280406794497032,0.0,3.103333333333332,rnd,387.csv
6,360,23.833170194003525,275.70197971781306,0.23184985131721716,0.10590995286412867,0.2062460555747279,0.20866994715199944,True,0.44980418974700476,1.3365446696698327,0.0,2.903333333333334,rnd,387.csv
7,360,25.39230158730159,286.2133421516755,0.23389162378603726,0.10256363286827057,0.21020464526297175,0.19229033361517214,True,0.4724790136101611,1.21313164551756,0.0,3.0050000000000012,rnd,387.csv
8,360,25.867222222222225,295.62601851851855,0.23154874427050479,0.09706897555071282,0.2102199680305911,0.17574218925707882,True,0.46768467702234995,1.4081977596425679,0.0,3.101666666666667,rnd,387.csv
9,359,26.66512800106115,300.8673033558827,0.2325892632433294,0.10946680337198389,0.20521886934586253,0.22150602630585112,True,0.4878197093759852,1.223786288340948,0.0,3.1099999999999968,rnd,387.csv
10,360,27.73465811965812,308.06261396011394,0.26936459674982577,0.10946759653427122,0.24611812467026123,0.16515439529987874,True,0.48026864521164514,1.9353448595750293,0.0,3.2864285714285715,rnd,387.csv
11,360,26.40899801587301,293.9619113756614,0.2247607743376027,0.10965192856243378,0.1961985225310774,0.2380079751803567,True,0.3712916792938328,1.2542472231533581,0.0,2.9683333333333337,rnd,387.csv
12,360,27.62632605820106,341.0964781746032,0.3028110419637346,0.1524365085571503,0.26164410559779194,0.2534163146601077,True,0.49748771576087436,4.6460171386321125,0.0,3.333333333333333,rnd,387.csv
13,359,27.266136092319936,369.8419551664677,0.5110695691848596,0.4284133243767605,0.27866490278334405,0.7026934325676096,False,1.4182813216711327,4.429996384497118,0.002785515320334262,3.6299999999999897,rnd,387.csv
14,353,33.69237825441791,403.8514231755025,0.5819907362975929,0.17938498660000046,0.5536553474127492,0.09500359534107432,True,0.9752815675552878,1.2142635340819135,0.0,8.226666666666665,rnd,387.csv
15,360,30.694100529100524,525.9619973544973,0.44617554383951313,0.18194539956156994,0.40739230171772517,0.1662917235931735,True,1.1099673545979556,2.069296680228025,0.0,5.7700000000000085,rnd,387.csv
16,359,27.685767343148957,599.6924393155591,0.45618037762215174,0.21046902751845628,0.4047262351058111,0.21286447502055086,True,0.9606351668425436,2.511507058917537,0.0,5.386666666666649,rnd,387.csv
17,360,26.971600783475786,548.7084775641026,0.4219811202579733,0.13238071914383046,0.40067868804459317,0.09841548352296497,True,0.7980934065335528,2.9568029960825593,0.0,4.440000000000002,rnd,387.csv
18,360,24.055446428571425,338.85911375661374,0.2378728859600272,0.10398101417036049,0.2139426525194436,0.19108131206054602,True,0.44293684950577306,1.3051034312581797,0.0,2.9683333333333337,rnd,387.csv
19,360,24.066970899470896,287.4303108465608,0.24832896822474534,0.13002858132320103,0.21156522516387774,0.2741718611816756,True,0.4881850297072947,1.4786475413480462,0.0,3.1,rnd,387.csv
20,358,25.524820430965683,344.29646182495344,0.2741430854682421,0.12701396161576864,0.2429442011341615,0.21465861911425416,True,0.584574261512652,2.234859491439482,0.0,3.3,rnd,387.csv
21,360,25.487407407407403,255.28388888888887,0.24066405728700252,0.11792613867372197,0.2097918356069838,0.2401030565152863,True,0.4618297380869878,1.4512087402745106,0.0,3.1012500000000003,rnd,387.csv
22,360,26.98105489417989,367.1704166666667,0.241698285095734,0.11062590652291479,0.21489525314487992,0.2094915678594676,True,0.45544644498589015,1.4658217539237037,0.0,3.2,rnd,387.csv
23,358,27.243202979515825,319.85139664804467,0.2808336790911903,0.10027720820674908,0.2623204849533371,0.12749879777525297,True,0.5661571312391356,1.8133258710154379,0.0,3.5099999999999985,rnd,387.csv
0,162,74.48603762492651,1.1213403880070545,0.9048213208807856,0.2994328917475984,0.8538393092731913,0.10951493703212549,True,0.46185519898797195,0.39406032009119957,0.0,2.7966666666666655,rnd,434.csv
1,152,285.6044486215539,1.1245614035087719,1.0807545450924767,0.2684449644360124,1.046884753832529,0.061695911124625066,True,2.3966484788929288,0.9314530211777291,0.0,4.825714285714286,rnd,434.csv
2,130,13.441758241758242,1.141904761904762,0.47926760368743937,0.284232858549611,0.3858874422224922,0.35171623726297757,True,0.615859568168357,0.24763884758279472,0.0,0.4,rnd,434.csv
3,118,4.733979015334947,1.1474979822437446,0.33042919726325776,0.1568172331667439,0.2908467118362661,0.2252323371915844,True,0.6383176869695482,-1.9621990523785917,0.0,0.4,rnd,434.csv
4,129,2.558471760797343,1.1453672942045037,0.3765378194021073,0.1942751415694695,0.32254906418753804,0.26620564572412325,True,1.031676052599671,-1.6798497489045705,0.0,0.4,rnd,434.csv
5,118,16.31412429378531,1.1711864406779657,0.4511730714569788,0.2516686355116108,0.37445966178968887,0.31115146328618004,False,2.6595875176805506,0.34303478031523654,0.0,0.4,rnd,434.csv
6,132,13.30909090909091,1.1813131313131313,0.4472169350740767,0.23183439831637098,0.38243404499905237,0.2687319276793182,True,0.6824967167465911,-0.16472531612334437,0.0,0.4,rnd,434.csv
7,123,2.8373983739837403,1.1674796747967477,0.393453225275996,0.20573981981083891,0.33537526298802545,0.2734327251324364,True,0.6881988401673733,-1.793096905262287,0.0,0.4,rnd,434.csv
8,128,9.206808035714284,1.194345238095238,0.4075456862834142,0.22884706145425268,0.3372276810583209,0.3153102428564287,True,1.0910227057771285,-1.4939565588751285,0.0,0.4,rnd,434.csv
9,121,3.251908697363243,1.1742621015348287,0.3711379569414676,0.20317316403563754,0.31058661996041387,0.29968288610620447,True,1.0507208706403246,-1.7996561129429132,0.0,0.4,rnd,434.csv
10,132,3.4744227994227996,1.1688672438672436,0.3653531290348383,0.20809470869424337,0.30029901949391236,0.3244116280117008,True,0.6299126935250772,-1.742863416510027,0.0,0.4,rnd,434.csv
11,118,3.2252623083131553,1.1489507667473766,0.3497354773385613,0.18522665308947026,0.2966580372996902,0.2804965859605134,True,1.0579747949585543,-2.1097885652715673,0.0,0.4,rnd,434.csv
12,129,4.786784791435955,1.15234403839055,0.35397127492793096,0.17740985030899603,0.3063028052229436,0.2511998748716889,True,1.0040126822889954,-1.8449591881002803,0.0,0.4,rnd,434.csv
13,131,3.6363250828899685,1.156095304186907,0.45469380269885984,0.2354395181528424,0.38899188616821695,0.26811471528794045,True,1.1010928097270818,-1.644147123443358,0.0,0.4,rnd,434.csv
14,124,3.271390168970814,1.1488479262672808,0.394548307904632,0.18828392284362178,0.34672399926890746,0.22773307270450135,True,1.137701008318315,-2.2661505084120295,0.0,0.4,rnd,434.csv
15,120,3.1077777777777778,1.1449999999999998,0.40226184563623324,0.21264577157805306,0.34146210373135594,0.279444662462646,True,0.7554856211872079,-1.4915234388872358,0.0,0.4,rnd,434.csv
16,130,2.4893406593406593,1.1416708932093549,0.4188795092470241,0.225242165877012,0.35316569762373634,0.28914864230231996,True,1.1040909774467145,-1.8080933668266468,0.0,0.4,rnd,434.csv
17,125,4.58996043956044,1.1496058608058601,0.38734807032717766,0.20988526102028626,0.3255559933293111,0.29360340642005134,True,1.0951700565353713,-1.952998781998862,0.0,0.4,rnd,434.csv
18,130,2.7287179487179487,1.1523076923076923,0.41224218273554086,0.18357723372568846,0.3691111167171575,0.19830459826830418,True,1.0635938706224528,-1.6518891464289245,0.0,0.4,rnd,434.csv
19,123,7.136507936507937,1.1580332946186602,0.41668329721301783,0.26457843758162886,0.3219056081263206,0.40317789291511874,True,0.6721719844121788,-2.024288095750532,0.0,0.4,rnd,434.csv
20,126,4.155392755392756,1.1525720972149542,0.3021640360707681,0.15177715783763052,0.26127915924027967,0.25230583032558596,False,1.0539440267841607,-2.4323143499974713,0.0,0.4,rnd,434.csv
21,129,3.2141181815600426,1.1440582673140811,0.4293199056246689,0.1976628332334093,0.3811102015476835,0.21197662917257828,True,1.0951911474355918,-1.722179447185773,0.0,0.4,rnd,434.csv
22,133,4.318009308986753,1.1386680988184745,0.4257513674960399,0.23335638548293955,0.35610254742010167,0.30041891645983404,True,1.0246720879168658,-1.2320803105554683,0.0,0.4,rnd,434.csv
23,121,2.8874065328610783,1.1256985438803617,0.390257157995312,0.21666775986236397,0.3245854759578791,0.3082384635851526,True,0.5905654611668982,-1.873490183400948,0.0,0.4,rnd,434.csv
0,359,83.44345403899722,876.3667595171772,0.123794878667329,0.11376851541944508,0.04880468095904542,0.8445761727202299,True,0.34790349373859186,1.4145080383436721,0.0,5.0,rnd,241.csv
1,360,85.63069444444444,881.069837962963,0.16971263692151983,0.11223713410948477,0.12729966558379147,0.4373657542621289,True,0.2676742650395987,3.4079465903102983,0.0,5.07,rnd,241.csv
2,360,83.57344907407408,870.8337731481481,0.12847120176309626,0.11415045200309847,0.05894509300987231,0.7894846631874411,True,0.35798497948797947,1.6284216158403666,0.0,5.0,rnd,241.csv
3,360,83.51537037037036,868.7790740740741,0.13000569032529524,0.11922283735378573,0.051840086518729116,0.8409964898295935,True,0.3749215037800373,1.7537829417866893,0.0,5.003333333333334,rnd,241.csv
4,360,83.31166666666667,870.7081481481482,0.12898134752419613,0.11662031128233512,0.05509892018514257,0.8175128218136514,False,0.3663840090493853,1.4856988094353485,0.0,5.066666666666666,rnd,241.csv
5,359,83.3819870009285,868.4775069637884,0.12850275122532812,0.1153453503060356,0.05664280391414692,0.8057036531268036,True,0.36266214028368693,1.4584186153479584,0.0,5.0,rnd,241.csv
6,360,83.37314814814816,869.8781481481481,0.12624796317538553,0.11352186923273913,0.05523887591034405,0.8085563771296028,False,0.3571973340587258,1.4375792398453122,0.0,5.0,rnd,241.csv
7,360,83.45825396825397,869.2913624338624,0.12829273341430675,0.11873249807809744,0.04859649521363624,0.8565152381186879,True,0.365839753405808,1.5330991393161024,0.0,5.066666666666666,rnd,241.csv
8,360,83.35443121693122,869.6725132275134,0.12811798362375856,0.11756287240548924,0.05092336162890579,0.8420156962342731,False,0.35569370104054987,1.339592087007022,0.0,5.0,rnd,241.csv
9,359,83.38254410399257,868.3255338904365,0.1275740697223936,0.11741704432906931,0.049883674349024444,0.847105433976169,True,0.35283557757801787,1.324636305580037,0.0,5.066666666666666,rnd,241.csv
10,359,83.57455896007428,869.0878365831012,0.13536116015708902,0.11873097900171775,0.06500460217835932,0.7693783507238665,True,0.34320097231542057,1.2781605751358611,0.0,5.0,rnd,241.csv
11,358,83.47067039106145,868.6863826815642,0.14103733294065307,0.11027463521096514,0.08792629931994862,0.6113403850400032,True,0.2731138735876799,2.339016250401775,0.0,5.0,rnd,241.csv
12,359,83.38737233054782,869.1860724233983,0.12296949232198548,0.10912402870945254,0.056687233131856245,0.7874917672672317,False,0.32752614870851615,1.0559303703227927,0.0,5.0,rnd,241.csv
13,360,83.47319444444445,868.2152314814815,0.12457914432860148,0.11245729391221365,0.053603360413210205,0.8148629471438642,True,0.3402825660382969,1.2682134747136913,0.0,5.0,rnd,241.csv
14,354,83.4831033608576,869.613104809503,0.12522137920103524,0.11229620306243908,0.05540718894483728,0.8042168695402914,True,0.3399857512206881,1.3230732143324717,0.0,5.0,rnd,241.csv
15,360,83.47481481481482,869.1283333333333,0.12547824368360014,0.1142797166225007,0.0518163681340354,0.8294714589177316,False,0.3462568269920978,1.2819681794767717,0.0,5.0,rnd,241.csv
16,360,83.42703703703705,869.5931481481481,0.12618451074382925,0.11704787427202265,0.04714155152368599,0.8604288530057502,False,0.35417039272622186,1.3998914257902484,0.0,5.066666666666666,rnd,241.csv
17,360,83.50833333333334,868.7275925925925,0.12642710625044437,0.11615282499639813,0.049923285551106096,0.8440713483176497,False,0.35175341354691647,1.3639291248925445,0.0,5.0,rnd,241.csv
18,360,83.44055555555556,870.425925925926,0.12674234487952632,0.11577925530181743,0.05156341752945947,0.8344840267215393,False,0.35001611867362925,1.314270742084379,0.0,5.0,rnd,241.csv
19,360,83.47156565656566,869.721734006734,0.12711173915465326,0.11655145236076156,0.050726257337968005,0.8407445441546841,True,0.3426841826471927,1.2525265911693158,0.0,5.0,rnd,241.csv
20,360,83.51585648148149,870.3808564814815,0.12761869607277346,0.11563824725126161,0.053984510370762996,0.8210590545723749,True,0.201362948243605,1.1015610327180914,0.0,5.0,rnd,241.csv
21,357,83.45172735760973,869.8849673202615,0.1289396282041801,0.11923364034959474,0.04907918836345697,0.8551155031451917,True,0.34798261752105786,1.1936576611080758,0.0,5.0,rnd,241.csv
22,358,83.40875232774674,870.1638733705773,0.12472519174546659,0.11636951999781171,0.04488327384920055,0.8705027057156016,True,0.35114723489522914,1.4280788514744456,0.0,5.0,rnd,241.csv
23,360,83.42574074074074,870.0122222222222,0.12288342719546458,0.1128370153994525,0.048663586335644896,0.8431727261887737,False,0.3455515112327663,1.407866050216165,0.0,5.0,rnd,241.csv
0,359,38.2578326037936,4.7933014988725295,0.16539983114648948,0.09620868923516528,0.1345399281215009,0.33834399415479915,False,0.17590086268851912,0.6633318539452643,0.0,2.3183333333333325,rnd,293.csv
1,360,38.26417989417989,4.869378306878307,0.1990107797601601,0.12815625172811076,0.15225395102836592,0.41469270054405605,True,0.3050546619277357,0.795411102874631,0.0,2.683333333333333,rnd,293.csv
2,360,40.33346560846561,11.085383597883597,0.2207203027165134,0.11272471620068647,0.18976456568270064,0.2608277139446743,True,0.3024637963552018,1.9465368604219708,0.0,2.469166666666667,rnd,293.csv
3,358,117.49993349295028,43.6389731311519,0.8762794396028852,0.31321252609852984,0.8183908416922347,0.12775944034464254,True,2.3854320314001427,2.7112186154235127,0.00558659217877095,26.300833333333323,rnd,293.csv
4,360,54.220691391941386,11.281565934065934,0.3196895392534273,0.18267573571912532,0.26235658384638433,0.3265163092493323,False,2.685701231072036,5.378849971271149,0.0,2.766666666666667,rnd,293.csv
5,359,38.28807534155723,4.772171375513994,0.20156985134722666,0.1293045711046472,0.1546309570027499,0.4115064105322128,False,0.2757732904155005,0.6686111212091215,0.0,2.568333333333333,rnd,293.csv
6,360,109.06813492063492,7.62313492063492,0.49188339798179403,0.3136607484811098,0.37890132234182805,0.40662681977053916,False,3.701763709896986,5.812179210790395,0.0,2.8341666666666665,rnd,293.csv
7,360,125.61870370370372,10.789695767195768,0.5325388408893706,0.41077541957064306,0.33891174622954073,0.5949854130482378,False,2.9454895244850903,5.2299731663587,0.0,3.2033333333333345,rnd,293.csv
8,360,38.52916666666667,7.020646113146113,0.18556133749138828,0.12389300316128057,0.13814316392522585,0.445777939395491,False,0.1022235036653244,0.5228567151750793,0.0,2.783333333333333,rnd,293.csv
9,359,41.36116195781934,7.859464119909803,0.20687362622740818,0.12057104823669418,0.16810508485938827,0.33968456947238224,True,0.3447098299020622,1.6134314835355374,0.0,2.8266666666666636,rnd,293.csv
10,360,44.76690476190476,13.325342897842898,0.2202336604744767,0.13029064142926222,0.17755904359378177,0.34999275139632674,True,0.3840617471002762,2.6556320428757063,0.0,2.733333333333333,rnd,293.csv
11,360,41.69171957671957,8.000965608465608,0.21028104896343616,0.12914054393087115,0.16595432945964914,0.3771594146311518,True,0.3949894957871265,2.694837110316428,0.0,2.8508333333333336,rnd,293.csv
12,360,42.413981481481486,7.0270105820105835,0.2236011382038186,0.12286689793719628,0.18681861362651683,0.30194077637979483,True,0.26884575769242536,2.6049682458611176,0.0,2.8341666666666665,rnd,293.csv
13,360,39.97431216931217,7.415899470899471,0.18708889718330587,0.10667216924917836,0.15369874351126048,0.3250919561117626,True,0.25687442612155664,1.2119078836282688,0.0,2.7341666666666664,rnd,293.csv
14,355,38.4676861167002,6.949604292421195,0.17510598467845784,0.11644209000200667,0.13077975969612765,0.442199253418126,False,0.20516562052328113,0.6806508670689123,0.0,2.671666666666667,rnd,293.csv
15,359,38.4232789494628,6.913052128929567,0.1621850111154741,0.09906268793644989,0.1284155819569105,0.37307726627589105,True,0.19162828499585793,0.770715296189793,0.0,2.601666666666666,rnd,293.csv
16,360,105.875,30.173558201058203,0.6755932879289315,0.17958586466967416,0.6512873466492879,0.07066000238520963,True,1.087842112217209,2.020953758828002,0.0,8.920833333333334,rnd,293.csv
17,360,40.45712962962963,6.996388888888888,0.2265136520132131,0.11551677389697651,0.19484432118180356,0.260076635918157,True,0.26963536649389275,3.501394084033276,0.0,2.783333333333333,rnd,293.csv
18,360,38.39373015873016,6.970621693121694,0.17012391795872406,0.10531389642371108,0.13360812356171511,0.38321333255071405,True,0.24009937993885389,1.231152154383781,0.0,2.6675000000000004,rnd,293.csv
19,360,38.3893253968254,7.0144708994709,0.20273002963277786,0.11698472264570862,0.16557185625103565,0.3329830536924971,True,0.3063907269288678,1.111658926823762,0.0,2.9341666666666666,rnd,293.csv
20,358,38.412064378824155,6.946315509444001,0.1561393556977499,0.0904859050390443,0.12724700148519616,0.3358436206179099,False,0.17920344041535896,0.5807300894709878,0.0,2.6408333333333323,rnd,293.csv
21,360,38.39482804232804,7.112380952380953,0.19480482929074286,0.11800915856509776,0.15499277405657685,0.3669712062762964,True,0.3277972268072801,0.643615336405,0.0,2.8341666666666665,rnd,293.csv
22,360,164.8042195767196,8.685343915343916,0.7664581157506237,0.10531416064330733,0.7591883631668707,0.01887976947526183,True,2.2255546233618535,2.4803506585665867,0.0,23.64916666666668,rnd,293.csv
23,359,38.263135286255064,4.814898935790302,0.17215302401123864,0.10494806919510047,0.13646452450521532,0.3716375550267936,True,0.23504792033634642,0.8507235494679011,0.0,2.4333333333333336,rnd,293.csv
0,359,3.9636689216076406,4500.606194455499,0.2899417742140187,0.28124498743314996,0.07048041911127001,0.9409098120106881,True,0.48184344912181754,0.05601952843344667,0.0,47.58,rnd,383.csv
1,360,3.687354497354497,5285.003558201059,0.2903763535860388,0.2783265087281722,0.08278152729390113,0.9187273585676493,True,0.5157117840338619,-0.07951125312937934,0.0,46.50666666666667,rnd,383.csv
2,360,9.24882275132275,4768.614047619048,0.3032850215125611,0.27661040892102773,0.1243723681145311,0.8318310227492467,True,0.48643045782776184,-0.13195673192975965,0.0,48.373333333333335,rnd,383.csv
3,360,3.7591005291005293,2704.9776587301585,0.3077285709179513,0.30247887896705167,0.05659859660839963,0.9661720495682139,True,0.5481594536828331,-0.10216765952623898,0.0,45.968333333333334,rnd,383.csv
4,360,17.794841269841267,3662.3208994708993,0.3600619258246577,0.3474690063112453,0.09439216112388303,0.9312745711010074,True,0.6231953112922515,0.12581259893208335,0.0,56.56,rnd,383.csv
5,359,20.521793341291946,4074.7946411990984,0.3830029427856413,0.37167132179326146,0.09247530880678996,0.9417028452952337,True,0.6741312001478552,0.16882219426814157,0.0,62.72999999999999,rnd,383.csv
6,360,22.18027777777778,4886.262222222222,0.3925549591196725,0.3787050070516904,0.10335334326197125,0.9306816649150434,True,0.7232321031294848,0.3644829610763535,0.0,61.71166666666667,rnd,383.csv
7,360,20.294285714285714,9611.179669312169,0.3407863888638501,0.3039195407400669,0.15416963251954022,0.7953398946623434,False,0.45056254900873416,-0.06112409775401791,0.0,60.913333333333334,rnd,383.csv
8,360,11.720536223036222,11952.092464387464,0.3146130544446231,0.28246478450146345,0.1385460917655824,0.8060744283233935,False,0.47615443177479344,-0.19917964754284007,0.0,54.91166666666667,rnd,383.csv
9,359,10.463695450324975,11315.459981429896,0.3047277561302893,0.28636527484915664,0.10418221881284745,0.8831138167468728,False,0.41006733843374343,-0.432209611313014,0.0,52.73333333333333,rnd,383.csv
10,360,9.663148148148148,11771.71722222222,0.34466905583820456,0.3192276912080027,0.12996322256087456,0.8578207057556457,False,0.5340283387635423,-0.317574396704396,0.0,53.90833333333333,rnd,383.csv
11,360,10.609563492063494,11450.555634920634,0.34826777473857745,0.3229532085535937,0.13035209245079124,0.8599092591547698,True,0.6750901366863773,-0.2214989654806758,0.0,52.34166666666666,rnd,383.csv
12,360,10.399973544973545,12751.139947089947,0.34862492104927056,0.32775086058377406,0.11882217370173616,0.8838342426653618,True,0.5723190163907965,-0.2621061207616282,0.0,52.97166666666667,rnd,383.csv
13,360,11.798990546490545,11436.592244144744,0.3311160559202757,0.3143837055800778,0.10392655172735245,0.9014872245857934,True,0.6010485605108382,-0.17243044735572896,0.0,51.16833333333334,rnd,383.csv
14,354,9.868926553672317,12798.86911487759,0.3352833928496879,0.320381020540043,0.0988481421095952,0.9130813571282496,True,0.6505464691950289,-0.3534433662581568,0.0,51.723333333333336,rnd,383.csv
15,360,7.183148148148148,7029.372275132275,0.3640166345570886,0.33064184232880234,0.1522632008585276,0.8250365030887854,True,0.6062307059386174,0.23604542047517385,0.0,51.80833333333333,rnd,383.csv
16,360,4.257235449735449,2370.5873544973547,0.3264151256389427,0.3073975158444664,0.10978889515127553,0.8868703928760501,True,0.5591070465600847,0.4322508739924493,0.0,44.43833333333333,rnd,383.csv
17,360,3.9408201058201056,1738.916455026455,0.31222918616679185,0.3026675232390844,0.07667747433696172,0.9396901005366451,True,0.5116927905147621,0.15519401868603255,0.0,44.4,rnd,383.csv
18,360,4.553624338624339,1786.390476190476,0.3083451956869654,0.2879888497092981,0.1101779567170687,0.8723222984855729,True,0.5861008779146037,0.20814887557689576,0.0,44.736666666666665,rnd,383.csv
19,360,5.17084656084656,2202.8024735449735,0.29089033448752494,0.2792633935013744,0.08141955384525655,0.9216572423756006,True,0.5328518056070792,-0.030883494675391927,0.0,44.976666666666674,rnd,383.csv
20,356,4.976337613697164,2476.703905831996,0.27617456192347084,0.26229407405718264,0.0864534982988324,0.9020063813387418,True,0.508232737068524,0.03032950737659382,0.0,45.21666666666667,rnd,383.csv
21,360,5.343518518518518,2744.5405555555553,0.27700962462646056,0.26120779819081763,0.0922215717714554,0.8891654092335326,True,0.47181377980808215,-0.10508327718117931,0.0,45.510000000000005,rnd,383.csv
22,360,5.391666666666667,3296.2274074074076,0.30728880102453976,0.28280968744776264,0.12018771950909962,0.8470227943245454,True,0.5557720869664742,-0.10614842686572802,0.0,45.171666666666674,rnd,383.csv
23,359,4.074466109563602,6264.063881151347,0.29447574291654394,0.2813490985698941,0.08694048481667513,0.9128344122100429,True,0.5585111008530355,-0.050053483628989766,0.0,47.47666666666667,rnd,383.csv
0,119,2.2635054021608645,1.1815126050420166,0.31542034018143295,0.16944912014172658,0.2660394457281958,0.28860193903079123,False,1.0458866261114332,-2.3565472603733713,0.0,0.4,rnd,432.csv
1,159,283.8228811021264,1.217789757412399,1.1149529427217322,0.26434686883085184,1.0831624058391127,0.05621280603309208,True,2.461829962870996,0.8279154217255313,0.0,4.5,rnd,432.csv
2,123,1.987959736740225,1.228145567169957,0.3730085463231062,0.1951853488659465,0.3178648379707256,0.2738147666572709,True,1.0459133512344951,-1.8145147362128518,0.0,0.4,rnd,432.csv
3,126,1.8015495086923659,1.224338624338624,0.3862776851020706,0.24281356186833483,0.30041974665561977,0.3951360365450268,True,1.0280987621411892,-1.586748544365559,0.0,0.4,rnd,432.csv
4,127,1.7236595425571806,1.2227221597300335,0.36737900378599414,0.1999002492126604,0.30823241683428715,0.2960724563341551,True,1.0311433369634853,-1.7871592914156598,0.0,0.4,rnd,432.csv
5,119,2.019487795118047,1.183273309323729,0.40139730309969884,0.18004906353079872,0.3587507904623959,0.20120225010994197,True,0.8033554888868752,-2.188704981907688,0.0,0.4,rnd,432.csv
6,132,2.1035353535353534,1.1434343434343432,0.4190669013072086,0.2394036439713882,0.34395197778824665,0.3263583971316592,True,1.1018640118927019,-1.8482921388484632,0.0,0.4,rnd,432.csv
7,123,2.1511420828494,1.1567557104142467,0.3849740671205238,0.23349052640118598,0.30608365921135783,0.3678540806117697,True,0.6919992846473012,-1.5981851461897025,0.0,0.4,rnd,432.csv
8,124,3.023502304147466,1.17826420890937,0.3632782666595838,0.19839500853448072,0.30431976540440975,0.29825150886473045,True,0.6381783480578657,-1.893132745987507,0.0,0.4,rnd,432.csv
9,122,2.5949258391881345,1.1645199063231846,0.3789502635488565,0.20146347962598168,0.32096069638000774,0.2826364922591843,True,0.5835158727345212,-1.6012057394491126,0.0,0.42714285714285677,rnd,432.csv
10,131,2.924936386768448,1.1696474009451108,0.40136331920570567,0.21535641266792854,0.3386947438721511,0.2878990669678109,True,1.0910007665330506,-1.86899418745068,0.0,0.41428571428571426,rnd,432.csv
11,114,2.718462823725982,1.1578111946532996,0.2821480983516999,0.1558867233872576,0.23517414584742338,0.30525585463321536,True,0.5158139054307574,-2.7148761988898156,0.0,0.4,rnd,432.csv
12,127,2.3785151856018,1.1491938507686534,0.3607864280323466,0.17077670029122097,0.31780837825642994,0.22405614111750707,True,0.7514844316754867,-2.398632656070747,0.0,0.4,rnd,432.csv
13,124,2.871994134897361,1.1487781036168128,0.41912441044252075,0.2323468172170908,0.34882693123937314,0.30731767885490174,True,1.1510458063520486,-2.2169972093534387,0.0,0.4,rnd,432.csv
14,130,4.682490842490843,1.1376190476190475,0.38956281682852556,0.17313477537643215,0.3489749816401281,0.19752115696748185,True,1.0400921958084264,-1.5323289102991688,0.0,0.4,rnd,432.csv
15,120,4.548333333333335,1.1588888888888886,0.37257383048333104,0.1804582583969261,0.32595410127404467,0.23460044394436294,True,1.0406887017949829,-1.7235819440398765,0.0,0.4,rnd,432.csv
16,129,1.9070221767896185,1.1531788624811878,0.43961725732637313,0.1966947214149036,0.3931596615965021,0.20018703415751093,True,1.0920330225307477,-1.6535292410829636,0.0,0.4,rnd,432.csv
17,126,1.8360427931856502,1.158294086865515,0.4014674795297633,0.20238669738663942,0.34672144704490054,0.25413424102961285,True,1.0948846411795143,-1.6811344237641141,0.0,0.4,rnd,432.csv
18,126,2.261375661375662,1.1671957671957671,0.4051629586022658,0.23575095039980754,0.32951253755954235,0.3385691918067365,True,0.7424093953415508,-2.0574954020958067,0.0,0.4,rnd,432.csv
19,129,4.209117755629384,1.1607604282022885,0.4231161794382384,0.2054996964703089,0.36986102261933795,0.23588650972319739,True,1.1091795028149847,-1.856890577405438,0.0,0.4,rnd,432.csv
20,130,2.1241842772612003,1.1826655395886165,0.3735794830702443,0.20068331062479108,0.3150997286696778,0.28857352206313,True,1.0326722158082424,-1.723897708938465,0.0,0.4,rnd,432.csv
21,121,2.0355856264947176,1.1721460357823992,0.3342625350116603,0.1607935099911112,0.29304758906559847,0.2313990790789896,True,0.6363172462530381,-2.0953250436076565,0.0,0.4,rnd,432.csv
22,124,1.6960829493087555,1.1828341013824881,0.3644851374439916,0.1877298963010478,0.3124210323463567,0.2652816638630265,True,1.0372412607535801,-1.8156603617385285,0.0,0.4,rnd,432.csv
23,159,94.80065887990416,1.1648098233003892,0.9032825296493942,0.2935232229766528,0.8542619305243602,0.1055936284764079,True,1.686607919903536,0.6098670365880989,0.0,2.873333333333333,rnd,432.csv
0,360,894.104656084656,4.724430199430199,1.2743608371964648,1.2611163656905964,0.18325134533589696,0.9793219533733925,True,2.1988986409686984,0.6909189382653379,0.0,20.60666666666667,rnd,207.csv
1,360,948.3581481481482,4.710142450142451,1.2927855393629528,1.2831984632044622,0.15715010281787034,0.9852233370343247,True,2.607838507909599,0.6191069111729622,0.0,20.869999999999997,rnd,207.csv
2,360,915.9042592592592,4.7180341880341885,1.254994163639224,1.2421861497980355,0.17884048763758237,0.9796928826513164,True,2.56922138752795,0.7076922010461477,0.0,20.46666666666667,rnd,207.csv
3,360,469.51870370370364,4.667222222222222,1.0145409666992715,0.7564102184395514,0.676119038743417,0.5558730227033305,True,2.3899321011593013,1.3364873218905804,0.0,18.266666666666666,rnd,207.csv
4,360,41.168703703703706,4.5945238095238095,0.5161577799823218,0.4757371410335511,0.20023243113317613,0.8495113018460012,True,0.8914659432514414,1.6571627772504745,0.0,3.0033333333333343,rnd,207.csv
5,359,8.119962859795729,4.616836892602909,0.4160402786642959,0.4114050055027771,0.061930888241045076,0.9778413212827819,True,0.8069296814166821,1.3781308413012106,0.0,3.0,rnd,207.csv
6,360,8.098703703703704,4.607037037037037,0.4138127611524913,0.4133085155078644,0.020422348085716836,0.9975644133228263,True,0.9230558489907963,1.3997928344482293,0.0,3.0,rnd,207.csv
7,360,77.23677248677248,4.7345899470899475,0.5534910070671534,0.50078013546823,0.23573618904324586,0.818602466020342,True,0.972680271010576,2.3135685256597247,0.0,3.0033333333333343,rnd,207.csv
8,360,204.42462962962964,4.766944444444444,0.7187396574828976,0.6349647446583415,0.3367587686751454,0.780469630122369,True,1.1530474778328526,2.0765921642757523,0.0,5.300000000000008,rnd,207.csv
9,359,604.1652739090065,4.804934341424592,0.9973475100766409,0.8683184564779773,0.49063745678023596,0.7579927450852589,True,1.4176839949495794,1.6530268890220743,0.0,23.693333333333303,rnd,207.csv
10,359,644.8250696378831,4.920573020294468,1.0740717094710663,0.9536651015737976,0.49411831693060826,0.7883611701520603,True,2.681461799670963,1.50285552694598,0.0,22.23333333333332,rnd,207.csv
11,358,606.349467943602,4.875299281723863,1.063405060469744,0.9262722565497092,0.5223504851907101,0.7587170913990403,True,2.654486882548559,1.5024109339103653,0.0,19.76333333333333,rnd,207.csv
12,360,653.7124305555554,5.007291666666666,1.06444378679381,0.8808788632779547,0.5975725926396592,0.684836526355465,True,1.43953241526923,1.4859624391443684,0.0,19.41,rnd,207.csv
13,360,476.5122222222222,5.093703703703705,0.947238224366089,0.7519040864726976,0.5761080614310822,0.630095619328783,True,1.3789451646615811,1.7243479540089546,0.0,16.403333333333332,rnd,207.csv
14,352,519.5700684731935,4.91394542957043,0.9934361329521122,0.7862251903946148,0.6072604879652539,0.6263455623133495,True,2.537471067752086,1.5529520026082304,0.0,21.86,rnd,207.csv
15,360,401.61425925925926,5.025798059964727,0.9299882462597743,0.8174096031044557,0.44353092218462836,0.7725463620255104,False,2.83949383950015,1.9400900111699488,0.0,20.6,rnd,207.csv
16,360,234.88537037037037,5.223518518518518,0.781320502720798,0.7501539032090764,0.21847391027779015,0.9218118887966279,True,1.2601063720496248,2.5123991468693876,0.0,6.3233333333334825,rnd,207.csv
17,360,402.420925925926,4.954444444444444,0.9049864355809948,0.8646390284950113,0.26720740818472344,0.9128208060055354,True,1.506801726273627,2.22755046904195,0.0,19.610000000000003,rnd,207.csv
18,360,299.8090740740741,4.923518518518518,0.8193900874777561,0.7985968629614678,0.18342073471913703,0.9498910334532527,True,1.319784040722596,2.3339734852980722,0.0,19.54,rnd,207.csv
19,360,147.34772486772488,4.9315608465608465,0.6988930985330437,0.6721519693007432,0.1914766130425638,0.9249397563521421,True,1.1517705150251276,2.398857659845195,0.0,3.5954545454545985,rnd,207.csv
20,360,156.75074074074072,4.957050264550265,0.7270628675731658,0.7236142949815306,0.07073023046828772,0.9905361855591518,True,1.2199933537479917,2.2087620075848293,0.0,9.0,rnd,207.csv
21,358,184.4082335727587,4.980154296355414,0.7462943357188216,0.7103286575795595,0.228885197745984,0.9059378018096162,True,1.297994706851616,2.0759291547562584,0.0,8.943333333333332,rnd,207.csv
22,359,198.47223769730735,4.986709112614405,0.737965863724763,0.7094848603383528,0.2030390331283706,0.9243016301315587,True,1.1673259235506273,2.270506085400184,0.0,14.959999999999969,rnd,207.csv
23,360,511.28037037037035,5.036675824175824,1.0543981538884195,0.8427764484174399,0.6336271181982299,0.6388744315984648,True,2.632054349076153,1.4548122598528903,0.0,19.336666666666662,rnd,207.csv
0,214,0.04399198931909209,5.613883468556365,0.5581322537344414,0.3896699848183719,0.39958593017064126,0.4874383197865541,True,1.1950651272621633,0.8576145658398766,0.0,0.4,rnd,327.csv
1,213,0.30328638497652577,5.102478116562624,0.5946363439024074,0.4182684832505461,0.42266281763234115,0.4947745857636559,True,1.2435955349413632,0.7618693413043053,0.0,0.4,rnd,327.csv
2,224,1.5059523809523812,5.4716444270015705,0.7351282488691725,0.581055874110663,0.4503194571045642,0.6247547524635616,True,1.3277461627055425,1.2666318801413723,0.0,0.9599999999999985,rnd,327.csv
3,213,0.3655712050078247,5.60507145436723,0.5790813468706411,0.399407635707613,0.4192955363845057,0.475722371130675,True,1.2327961820648536,0.5780949958204058,0.0,0.4,rnd,327.csv
4,239,3.152082088065352,6.49837693687066,0.8487860925135865,0.6245861467933623,0.5747434002042153,0.5414871874633556,True,2.2491004962683587,1.3239508854614568,0.0,1.9466666666666657,rnd,327.csv
5,230,4.768985507246377,15.37440197483676,0.9224269600435943,0.7333348487758353,0.5595457945389181,0.6320343348770584,True,2.276314721581499,1.310294201790449,0.0,2.1099999999999968,rnd,327.csv
6,252,4.51005291005291,10.519690098261526,0.8377018291356447,0.48446030371951965,0.6834051277662434,0.33445482583866787,False,1.4358686103964848,0.643005541557681,0.0,1.4666666666666666,rnd,327.csv
7,272,9.62594537815126,5.202888655462185,1.05119455785863,0.798654172118328,0.6834921446729207,0.5772332264180912,True,1.5884312247656287,0.7738772462059832,0.0,3.2,rnd,327.csv
8,295,14.908151735270378,6.791767554479419,1.1687378211837316,0.8440614895570872,0.8083986000185601,0.5215716475141032,True,1.9139684184511712,0.31482278759994,0.0,4.173333333333335,rnd,327.csv
9,294,25.12557499190152,8.831584062196308,1.275626216148186,0.940527926836088,0.8617595152743884,0.5436213675098858,True,2.112898180953736,0.31874967863433223,0.0,5.889999999999998,rnd,327.csv
10,260,13.176391941391943,6.591190476190476,1.0976751802955942,0.8166623803276861,0.733453037347643,0.5535252179260443,True,2.117441574667941,0.9518743998614972,0.0,3.4766666666666635,rnd,327.csv
11,284,11.487910798122066,7.875301810865191,1.1395014133378367,0.8888768551213025,0.7129946755962419,0.6084900201023751,True,1.837366625722267,0.6565503274064384,0.0,4.7133333333333285,rnd,327.csv
12,285,15.787836257309943,5.5939181286549715,1.2826581151800551,1.0487397680566888,0.7384827278505934,0.6685188339097333,True,2.276046031297982,0.5040525992936352,0.0,5.266666666666667,rnd,327.csv
13,288,10.597685185185185,6.654100529100529,1.112006512699964,0.7791846912849983,0.7933660574755119,0.4909826674982561,False,1.740833182101496,0.3241571735416278,0.0,3.2,rnd,327.csv
14,283,10.202322059565875,7.2927141174491,1.0799273011497545,0.7784197712550713,0.7485356607989996,0.5195635496809443,False,1.6680872992772162,0.32394816233068074,0.0,3.126666666666665,rnd,327.csv
15,254,6.126246719160105,18.65748031496063,0.9603600022104853,0.6067434104918202,0.7444150506743386,0.39915539988888776,True,2.1739430593187015,1.0335780387201607,0.0,2.4899999999999998,rnd,327.csv
16,221,0.6787330316742082,5.489808230984702,0.6299979296837379,0.3783551504190377,0.5037308522983116,0.36067916531668637,False,2.243146400054743,0.9941182826123947,0.0,0.4666666666666666,rnd,327.csv
17,222,0.306006006006006,5.8493564993564995,0.5701600486507122,0.38509630791232896,0.42045607940625035,0.4561893519337518,True,1.2187993473696648,0.2763148721159798,0.0,0.4,rnd,327.csv
18,218,0.27066404543468764,7.904237658366098,0.582488581824881,0.3705777585964953,0.44940524339393123,0.40474721326676405,True,0.049852580963768434,0.9208878708102833,0.0,0.4,rnd,327.csv
19,221,0.3463046757164404,5.088386123680241,0.5518837791691051,0.3953610005580554,0.38505244441206565,0.5132067917167045,True,1.1977468993168883,0.22297819273428557,0.0,0.4,rnd,327.csv
20,220,0.4291341991341992,5.181320346320346,0.5593234364323543,0.4193653668018057,0.37010187201591493,0.5621588970907412,True,1.1842124209257088,0.1777639798243141,0.0,0.4,rnd,327.csv
21,215,0.07506090808416385,3.947574750830565,0.494418534350324,0.3427883947809057,0.35629454600463967,0.48068739619215084,True,1.1644397600747787,-0.5168100452033714,0.0,0.4,rnd,327.csv
22,228,0.11785714285714284,13.282289055973266,0.7230472812756094,0.3557053224435942,0.6295006708061149,0.24201781310099565,False,0.9831061772328066,0.5358193486242567,0.0,0.8866666666666636,rnd,327.csv
23,211,0.03382983525163617,7.341051681336042,0.5864563928672272,0.37202905173989137,0.4533491870471995,0.4024225056785119,True,1.2029226580097128,1.17104301415121,0.0,0.4,rnd,327.csv
0,349,466.34637740483015,14.174978396325104,1.277483504030889,1.2322000065353949,0.3371160734305196,0.9303616747749847,True,2.387474658154228,0.03317819477915963,0.0,15.146666666666663,rnd,210.csv
1,348,496.40591475095795,48.53878512132822,1.2131001473934322,1.1636871872074934,0.3427011787769038,0.9201935696906988,True,2.275815756459358,0.16118783405141981,0.0,15.663333333333327,rnd,210.csv
2,339,485.78864306784664,15.133775811209437,1.243453999995869,1.2007674104046577,0.3230100249463152,0.9325203913581582,True,2.343777415720968,0.15890328655067323,0.0,14.606666666666664,rnd,210.csv
3,342,247.0965886939571,11.10448343079922,1.146100646251834,0.9522415479319369,0.6377952067325845,0.6903172697146877,True,2.427438868303386,0.19490379167024366,0.0,12.996666666666666,rnd,210.csv
4,344,20.7812015503876,7.306201550387597,0.7482292691282992,0.6488502359680742,0.3726129499419516,0.7520029566151958,True,1.7301842631292565,-1.2533075458093674,0.0,2.8666666666666667,rnd,210.csv
5,340,3.6550980392156864,5.721666666666667,0.7691097365223822,0.7078014492776556,0.30091011151833835,0.8469275812774544,True,1.5926563297493055,-1.2875956049741872,0.0,2.4,rnd,210.csv
6,351,3.49002849002849,5.661158594491928,0.7340573702895277,0.6754231151372865,0.28747841382375244,0.8466264489806263,True,1.5924534277650437,-1.3831073613940579,0.0,2.2666666666666666,rnd,210.csv
7,344,39.52358048927817,6.340434662236988,0.8206538508854173,0.7220203287998703,0.3900761307396184,0.7740674892036759,True,1.7181998422328149,-0.5176794660814852,0.0,3.0566666666666644,rnd,210.csv
8,334,108.71387225548902,61.237250499002,0.9355791465557722,0.8410229162668287,0.4098643602267293,0.8080804372482293,False,2.624340266119476,0.11110885220117783,0.0,6.506666666666494,rnd,210.csv
9,337,320.9268635914036,16.24321553817103,1.1575971045023221,1.0348909128102768,0.5186828076337914,0.7992346120191928,True,2.6707894302432136,0.3444170005669762,0.0,18.42666666666666,rnd,210.csv
10,336,326.9128434065935,9.639575702075703,1.1794773016623734,1.0209559027910653,0.5906062560562952,0.7492638744121287,True,0.31593082366624986,0.3816058550543515,0.0,17.75,rnd,210.csv
11,337,322.4144694079412,11.712279214356366,1.1766871673746673,1.0480685531665042,0.5349252262958716,0.7933363365108114,True,0.22759159924292377,0.6029722205002881,0.0,30.04,rnd,210.csv
12,350,329.85374847374845,20.86500122100122,1.1697021901506306,1.0071963401894735,0.5947762150188193,0.7414428336196187,True,2.5919731364005383,1.1886332569791833,0.02,28.81000000000001,rnd,210.csv
13,350,244.5941601255887,19.829111459968605,1.2218210651069152,1.0443990008771789,0.6340957672984004,0.7306639469221656,True,0.7868845630853056,1.1702035079187623,0.03428571428571429,21.346666666666668,rnd,210.csv
14,339,267.20219131900546,51.24591585896896,1.2350026820752484,1.1024695870672827,0.5565900055918657,0.7968882697544566,True,2.706507480650837,1.3202514403324423,0.035398230088495575,20.946666666666662,rnd,210.csv
15,347,206.99454666371088,51.05383137515704,1.233337201479558,1.1500999193279284,0.4454108531629208,0.8695758763236222,True,3.252505497617583,1.3755286059131824,0.0345821325648415,27.52666666666666,rnd,210.csv
16,342,122.30290077044462,26.276032674278287,1.2165543711579343,1.1445157929366019,0.41241743137527265,0.885075935014412,True,0.10835491748476067,1.2716815945030904,0.03508771929824561,15.099999999999993,rnd,210.csv
17,342,211.64316239316238,28.62808704453441,1.2339322580474872,1.1597053501318504,0.42151194327768715,0.883309061324071,True,0.3697159017524716,1.2994387159199077,0.03508771929824561,42.66666666666667,rnd,210.csv
18,341,157.14364613880744,29.735190615835773,1.2136470537688053,1.1750845916481676,0.3035051459082042,0.9374615222415388,True,0.4612994922240543,1.2038101537653492,0.03519061583577713,19.866666666666667,rnd,210.csv
19,340,76.55528011204481,30.4597619047619,1.2039495212429592,1.1590079990807955,0.3258756016762858,0.9267365888915433,False,4.274663394776703,0.9946724410182064,0.03529411764705882,11.533333333333331,rnd,210.csv
20,343,81.07055393586005,31.88480725623584,1.1976711782941327,1.161993533074526,0.2901504444412191,0.9413090305326831,True,0.05280937507880723,0.9839777672797264,0.03498542274052478,13.386666666666663,rnd,210.csv
21,345,92.68489302967562,32.280955831608004,1.196695864176854,1.1336767091303155,0.3832207073129599,0.8974512535242604,True,0.16712096181077557,1.01277082351042,0.034782608695652174,13.2,rnd,210.csv
22,341,102.94848484848485,18.9628054740958,0.958209717325102,0.845651952314812,0.45059808912422017,0.7788649673851671,True,0.04286343147670657,0.6485598693084836,0.008797653958944282,11.4,rnd,210.csv
23,346,261.9590669927376,10.544342218475167,1.082156514086006,0.9089881259730805,0.5871995468481931,0.7055637570543307,True,2.375338705037334,0.35405124459558635,0.0,13.783333333333333,rnd,210.csv
0,359,40.913251094309594,3.1867091126144054,0.13423396184139308,0.06953809636472989,0.114818159128276,0.26836185076964936,True,0.21243104474733285,1.710422402151215,0.0,1.5,rnd,295.csv
1,360,40.90215404965405,3.1385002035002034,0.12698171310413398,0.07399995373059631,0.10319090226725511,0.33961004920434257,True,0.19949059978838243,1.5346284145528009,0.0,1.4333333333333331,rnd,295.csv
2,360,42.283240740740744,10.159206349206348,0.22317551955608406,0.08718692554072184,0.20544038683736132,0.15261935646091865,True,0.36096151291157286,2.8187545743742892,0.0,1.6850000000000003,rnd,295.csv
3,360,40.88822751322751,3.189219576719576,0.1827587774328341,0.11350792636898495,0.1432365923224833,0.38574107924698553,True,0.26246205498094083,1.7077442670955563,0.0,1.7025000000000006,rnd,295.csv
4,360,40.89542328042327,3.1335978835978837,0.14366910033512514,0.09462988624904269,0.10810178083453342,0.4338402999606106,True,0.21464936593465248,1.504929639496604,0.0,1.5167261904761904,rnd,295.csv
5,359,40.88572755007295,3.3026334853632906,0.11821958791266754,0.050645931950838385,0.10682162956570161,0.18353134694537465,True,0.18075715240834117,1.6067970868178403,0.0,1.4,rnd,295.csv
6,360,46.33569444444444,9.450092592592593,0.35399182987345745,0.057188209620967295,0.3493418444697216,0.026099159621937994,False,1.0967250529083956,2.572808686610425,0.0,3.5700000000000007,rnd,295.csv
7,360,48.49851851851852,12.945886243386242,0.4530161615412704,0.10276379133837044,0.44120657951502745,0.051457993219204155,True,1.0716766190519769,1.9037979176387152,0.0,4.206666666666669,rnd,295.csv
8,360,41.48675925925926,3.477685185185185,0.11104281070115989,0.04585312993388974,0.10113355666483531,0.17051283681319412,False,0.21465744029775527,1.817339308113874,0.0,1.3675,rnd,295.csv
9,359,41.16178538267675,3.3891099615333595,0.09912866052159386,0.042829349619258106,0.08939875920837356,0.18667427934709746,False,0.11451431093679242,0.7337627918695936,0.0,1.3833333333333335,rnd,295.csv
10,358,40.966054801808994,3.2625565309922853,0.09874893982501741,0.051610426906684534,0.08418857969507909,0.2731555440203914,True,0.13518547911486756,0.9173083632825796,0.0,1.3833333333333335,rnd,295.csv
11,360,40.89470899470899,3.219841269841269,0.0933514605037426,0.03311198120450599,0.08728168123320185,0.12581374788439673,False,0.11654433989921652,0.5854502959620537,0.0,1.3833333333333335,rnd,295.csv
12,360,40.903029100529096,3.2077777777777783,0.10804629825448799,0.05160281558396859,0.09492708775847229,0.22810090721026222,True,0.1434204674633,1.1438689973414011,0.0,1.384166666666667,rnd,295.csv
13,360,40.89453703703703,3.0828571428571427,0.10652797598819556,0.04475289256291513,0.09667154842762035,0.17648787353395934,False,0.2195174749665596,2.112379366473849,0.0,1.3333333333333337,rnd,295.csv
14,355,40.87798792756539,3.0435412474849093,0.09751296631239076,0.03825046285425026,0.08969771842403282,0.15386812231718894,True,0.13777730582960626,0.8203665624611657,0.0,1.3333333333333337,rnd,295.csv
15,359,40.888234513861256,3.1150815758058097,0.09798629854598573,0.03834024290506169,0.09017394566460932,0.1531013482558976,True,0.1434126995493732,0.9564250974510293,0.0,1.3,rnd,295.csv
16,360,40.873359788359785,3.0790873015873013,0.10160152997061299,0.04918004202800162,0.08890553615210565,0.23430270116657986,True,0.14518407364077843,0.9391704489568145,0.0,1.3341666666666672,rnd,295.csv
17,360,40.8794708994709,3.063769841269841,0.12423086197732243,0.056497882287089636,0.11064039210298696,0.2068260994833117,True,0.18058205720933138,1.1437508147420201,0.0,1.4666666666666666,rnd,295.csv
18,360,40.87648148148148,3.1413888888888883,0.1641021823033231,0.07870185255252722,0.1439984188854633,0.23000707627583378,True,0.25058697520339757,0.4855367034765487,0.0,1.6333333333333335,rnd,295.csv
19,360,40.86898148148148,3.0944444444444446,0.1299671157725286,0.08276637223010681,0.10020568252398289,0.40554670514865077,True,0.18280511441932332,1.578774157638773,0.0,1.4508333333333334,rnd,295.csv
20,357,40.88870214752568,3.089262371615313,0.12582949889350378,0.08394136006186603,0.09373852389895222,0.445027725948854,True,0.21175089121768242,1.5883561754495688,0.0,1.4366666666666663,rnd,295.csv
21,360,40.89296296296296,3.3268518518518513,0.15492938755621785,0.09140059008893445,0.1250961520588836,0.348040986508067,True,0.24537063787394905,2.0996713754174205,0.0,1.5508333333333335,rnd,295.csv
22,360,40.87870370370371,3.1094444444444447,0.13003422461607927,0.06067592715833073,0.11501013622712522,0.21772961161394982,True,0.1884183148421404,1.3299414036999908,0.0,1.5166666666666666,rnd,295.csv
23,359,40.91203077331211,3.1197108369810316,0.13555936983747313,0.08351314653305326,0.10677966616768188,0.37953393329981827,True,0.2129046577902569,1.5138269206915138,0.0,1.5333333333333334,rnd,295.csv
0,360,3.1629100529100524,10.620939153439151,0.11933831790089298,0.11383009018632466,0.035837755057868736,0.9098176040180014,True,0.18333999156594782,0.6772657608992039,0.0,2.3175,rnd,121.csv
1,360,3.183835978835979,14.483690476190477,0.22881614400519631,0.11944383108308448,0.1951665928728642,0.2724922306200291,False,0.8854564620176008,3.065379706049278,0.0,2.6366666666666676,rnd,121.csv
2,360,3.410370370370371,15.60962962962963,0.22402934437301597,0.09256106232299909,0.20401371738645727,0.1707052370192438,True,0.4690705816460059,2.0263548454509146,0.0,3.2841666666666667,rnd,121.csv
3,360,2.708465608465609,9.132777777777779,0.11944414926656413,0.11525952803095152,0.03133920854290286,0.9311591402426904,True,0.2119435906222923,0.5991498180621742,0.0,2.25,rnd,121.csv
4,360,2.563835978835979,8.848743386243386,0.12446250032292837,0.12052223344736282,0.031069361620321763,0.9376857148437362,True,0.21238380324906825,0.6317092620721436,0.0,2.25,rnd,121.csv
5,359,2.560525268603264,8.813847990449663,0.12370315447898075,0.11920163049273667,0.03306723024269875,0.9285447587652721,True,0.21552455919186264,0.6250538931760397,0.0,2.25,rnd,121.csv
6,360,2.7803174603174603,9.340753968253969,0.12171269500765848,0.11608062239495268,0.036596027522501795,0.9095942333502469,True,0.20681036091996297,0.5758814629254818,0.0,2.25,rnd,121.csv
7,360,3.394735449735449,10.200291005291007,0.13860329346258735,0.11935653400667458,0.07046198087330252,0.7415582956969493,True,0.1789859231608676,1.940719567058089,0.0,2.3341666666666665,rnd,121.csv
8,360,6.102407407407407,15.193888888888889,0.24731394070812143,0.15096402154440539,0.19589295410432842,0.3726058918431617,False,2.0147302861818934,6.206082048501295,0.0,2.3675,rnd,121.csv
9,359,4.568941504178273,25.54280408542247,0.2846001481506506,0.1677936503219328,0.22987504266234127,0.3476008266968217,False,1.8249658990723678,5.502707047635564,0.0,2.3849999999999993,rnd,121.csv
10,359,4.528737233054783,15.956220984215415,0.26649784155040107,0.18083317923865316,0.19575612592576455,0.460435545496817,False,1.791647470587373,6.232185220656357,0.0,2.351666666666666,rnd,121.csv
11,357,4.1114845938375355,12.278804855275444,0.15367694705714088,0.11832772798798723,0.09805688576537697,0.5928647140428164,False,1.187341695287105,3.9940862056707185,0.0,2.303333333333333,rnd,121.csv
12,360,6.967407407407408,11.554629629629629,0.40792142269154136,0.26555284972236715,0.3096474948954392,0.42378824426266737,False,2.147631001165038,4.480031125504634,0.0,2.666666666666667,rnd,121.csv
13,357,4.793650793650794,11.276937441643325,0.25036084464670355,0.1557454390709578,0.19602017942243954,0.3869883211214549,False,1.7957914482112558,6.554666881498667,0.0,2.3633333333333324,rnd,121.csv
14,352,3.58125,10.98189935064935,0.1147449577013393,0.10972880190089687,0.033555854202745025,0.9144796682093183,True,0.23159321790621978,0.6574961103123785,0.0,2.3166666666666664,rnd,121.csv
15,360,13.227116402116401,11.568280423280425,0.4979563877115309,0.41785184583818613,0.2708512488291999,0.7041448938881176,False,3.081522634519627,5.864905563618202,0.0,2.3166666666666664,rnd,121.csv
16,360,5.737771164021164,11.588716931216934,0.20558921504981137,0.13420725081158008,0.15574125713630035,0.4261390206046609,False,1.0965520086583544,4.195733246477384,0.0,2.333333333333333,rnd,121.csv
17,360,4.212407407407407,10.775555555555556,0.14825004897793773,0.10156486725857862,0.1079937718607339,0.4693505373989415,False,1.1546975742112509,3.984744479749401,0.0,2.2666666666666666,rnd,121.csv
18,360,3.472777777777777,10.713280423280422,0.10509882330035593,0.0988603062335521,0.035670751471306904,0.8848062782267699,True,0.17390631305191662,0.5022693985805828,0.0,2.2666666666666666,rnd,121.csv
19,360,3.2311111111111113,10.229880952380954,0.12052225048873187,0.10588181221136073,0.057573038010050995,0.7718062062510339,True,0.1411027061822384,1.4702477106793088,0.0,2.25,rnd,121.csv
20,360,3.202275132275132,10.107751322751323,0.11130125031637339,0.10234291902406437,0.04374808850249136,0.8455037018277851,False,0.14660201413820206,0.544969887076583,0.0,2.25,rnd,121.csv
21,358,3.311266294227188,10.510534716679969,0.1034166899109822,0.09755668096499952,0.03431771774517573,0.8898827062063369,False,0.13841560002948994,0.2494816448718102,0.0,2.185833333333333,rnd,121.csv
22,359,3.119220055710307,12.886311181854357,0.1258473504448658,0.10242115524544619,0.07312634663499247,0.6623555615200831,True,0.233632878152489,0.5339130774747279,0.0,2.35,rnd,121.csv
23,360,2.873148148148148,9.481613756613756,0.12721895502724628,0.12049801690436954,0.040803069006372365,0.8971315936638123,True,0.2120870458581997,0.7298866768932459,0.0,2.3833333333333333,rnd,121.csv
0,359,10.928385727550072,125.85834991378168,0.31417432421632746,0.10478915618493687,0.29618362335354553,0.11124776822793087,True,0.4835665438143395,1.804492301743083,0.0,7.403333333333332,rnd,304.csv
1,360,514.2775661375662,1681.9645105820105,1.540951210439599,0.3294658829457931,1.5053181939145008,0.045713357628979476,True,2.856102667734303,0.18250803985424965,0.2,94.50833333333334,rnd,304.csv
2,360,9.508690476190477,68.00935185185186,0.38594357585841266,0.18634336986194386,0.3379772067090814,0.23312038807922877,False,1.9471655407445039,3.631281148950763,0.0,6.938333333333334,rnd,304.csv
3,360,7.509074074074075,44.82654761904762,0.08748507096597846,0.0285075032315421,0.08271009552301282,0.10618189395915421,True,0.12909881268377799,1.3798296914935386,0.0,3.835,rnd,304.csv
4,360,7.541084656084656,44.82239417989418,0.09109619347284968,0.03353377988313734,0.08469948094287331,0.1355078823980856,True,0.13287046256804258,1.7320568112962194,0.0,3.766666666666667,rnd,304.csv
5,359,7.553070699031701,44.74907812707256,0.09405841785768293,0.03289990371828231,0.08811686731391578,0.12234716640854407,True,0.14692568749457569,1.3994708223951315,0.0,3.8666666666666663,rnd,304.csv
6,360,7.7011111111111115,45.87833333333334,0.11896802083438794,0.04671304714183876,0.10941335022736354,0.1541756975654761,True,0.2165987238788054,2.1243537908142764,0.0,4.105,rnd,304.csv
7,360,7.939933862433862,56.90652116402117,0.13381110357640016,0.05400440973213604,0.1224293068256848,0.16288239341692626,True,0.28029293762628926,3.00674487552521,0.0,4.133333333333333,rnd,304.csv
8,360,8.437460317460317,73.52369047619048,0.16339160702207106,0.09759451217272032,0.13104246807437522,0.35677244664527097,True,0.2736856033470638,2.2800053930308484,0.0,4.635,rnd,304.csv
9,359,8.22841225626741,46.64865366759518,0.1272445683216671,0.07442021186199933,0.10321246162059378,0.3420607933662055,True,0.18648524857808524,1.5712025245502876,0.0,4.2,rnd,304.csv
10,360,8.108703703703704,46.982592592592596,0.11776037063518624,0.0484619905516209,0.10732632651829206,0.1693573967698505,True,0.16198291940797693,3.433497349324934,0.0,3.835,rnd,304.csv
11,360,8.197896825396827,61.41323310948311,0.13925726177221612,0.0625465655914466,0.124420706030027,0.20173034570180562,True,0.26248770034876934,2.488617256219415,0.0,4.301666666666667,rnd,304.csv
12,359,9.59169651147367,74.22176681257461,0.2067557538585866,0.10384961162140938,0.17878254925947018,0.25228680941114895,True,0.42598409664904,3.750876901838101,0.0,4.573333333333331,rnd,304.csv
13,359,10.152579917760976,85.69625945085555,0.20175437860464296,0.11091279741241634,0.16853243206071022,0.30221594944840435,True,0.4494064880046047,3.3494180065524475,0.0,4.673333333333331,rnd,304.csv
14,352,7.631547619047618,43.67178758741259,0.10509674900999347,0.03644947313667218,0.09857364029256795,0.12028291545763749,True,0.1792551330558656,1.4702495911171838,0.0,4.029999999999999,rnd,304.csv
15,360,7.567857142857143,43.0734126984127,0.0903448688961689,0.028876576330373268,0.08560571637047419,0.10216083127780325,True,0.135280222753291,1.4095783792018832,0.0,3.833333333333333,rnd,304.csv
16,360,7.574272486772487,43.22294973544974,0.09305663156768343,0.03379830254030288,0.08670185363714975,0.13191528565408464,True,0.1573526579928266,1.096461380120122,0.0,3.966666666666667,rnd,304.csv
17,360,7.884933862433862,43.403888888888886,0.10813788196504186,0.03670763237292306,0.10171701549622689,0.11522773604419734,True,0.1846088532780159,2.1740423218864082,0.0,3.966666666666667,rnd,304.csv
18,360,7.901296296296295,43.607592592592596,0.10596142211854484,0.041928100386384476,0.09731319219599012,0.15657225853593368,True,0.15925704203041446,1.9991439779113267,0.0,3.9,rnd,304.csv
19,360,7.92574074074074,43.68055555555556,0.11731205154645587,0.05034159311497777,0.10596150924125392,0.18414869723094138,True,0.2029796696618693,1.9668065309399578,0.0,4.001666666666667,rnd,304.csv
20,356,7.830069555912252,44.14205457463885,0.12245091754153442,0.05565777386316005,0.10907080001247356,0.20659869619724708,True,0.2199921484018268,2.2500040526827294,0.0,4.133333333333333,rnd,304.csv
21,360,7.909126984126984,44.278386243386244,0.11013376700053128,0.039418464941821545,0.10283788822879289,0.128102742465518,True,0.15797730614542704,1.9675326690935806,0.0,3.8666666666666663,rnd,304.csv
22,359,13.645311049210768,44.60464252553389,0.17176593980894006,0.06672139384225617,0.15827758426951985,0.15088849291283288,False,0.37838976730646534,3.9275751204518836,0.0,4.169999999999999,rnd,304.csv
23,359,8.049953574744661,44.906406685236774,0.12657364862414341,0.049103777108017166,0.11666065146292601,0.1505023221625029,True,0.1942616994790758,2.802905766446525,0.0,3.903333333333332,rnd,304.csv
0,359,14.84508555511341,9.858416235575008,0.4702449680489589,0.09574804335026119,0.46039400753046605,0.04145830111330618,True,0.9388238791389605,0.6036740583799103,0.0,9.604285714285712,rnd,218.csv
1,360,10.816904761904759,10.679867724867725,0.32935597118998367,0.04794626707026484,0.3258473741378381,0.021192320687946523,True,0.5373312388840854,0.3361202410826364,0.0,5.0,rnd,218.csv
2,360,11.486951058201056,60.61688492063493,0.4722153242437524,0.07042455252627126,0.4669343581833604,0.022241703099693456,True,0.7446392888819386,0.6038130706900966,0.0,9.07,rnd,218.csv
3,360,9.647883597883595,7.798677248677247,0.3017448321189719,0.021333256594782954,0.30098976041315373,0.004998441716623863,True,0.5717688605686739,-0.033119133232218115,0.0,4.8,rnd,218.csv
4,360,12.234153439153438,9.84818783068783,0.3881209995497969,0.049298493828939506,0.384977361409384,0.0161336644215157,True,0.6057497306711414,0.18322017349178682,0.0,7.0,rnd,218.csv
5,359,30.634673033558823,25.32059954901181,0.5199658205693123,0.127472813251931,0.5040983400507846,0.060101532743227,True,0.6926673859578453,1.5002998263562388,0.0,12.613333333333305,rnd,218.csv
6,360,23.531134513634516,14.653304843304841,0.4454796169145637,0.09660749301671182,0.43487823741752407,0.04702902221862343,True,0.6447957679900329,1.230335636084576,0.0,9.003333333333334,rnd,218.csv
7,360,46.33050264550265,22.92515873015873,0.4713234518846268,0.26713633081592253,0.38830912563915626,0.3212386659190524,True,0.6975846981636364,1.2153143490314067,0.0,10.48333333333334,rnd,218.csv
8,360,41.420476190476194,15.11207671957672,0.44819942707790655,0.23220299106351927,0.3833594884362702,0.26840649774254133,True,0.7653012457596392,0.5986182070418187,0.0,9.746666666666671,rnd,218.csv
9,359,40.02781536012733,20.27997898109319,0.4562009814759393,0.24180224872978742,0.38684752553018664,0.2809365470556745,True,0.5787511569777406,0.8539436458137555,0.0,9.339999999999998,rnd,218.csv
10,360,31.086732804232806,9.59174603174603,0.4197656109247198,0.185666489544849,0.37647194155088864,0.19563805639072565,True,0.716777037406151,0.581609975676621,0.0,7.743333333333336,rnd,218.csv
11,360,167.70707468457468,149.97985144485145,1.1290298910586742,0.17488435277506761,1.1154030473592975,0.023993357671832707,True,2.169061211941078,0.5196708793533156,0.0,59.080000000000005,rnd,218.csv
12,360,52.584708994709,74.44728835978837,0.5575959026637821,0.2489004356947436,0.49896068359982515,0.1992563479086942,True,1.0252038833284065,0.6522076275199175,0.0,15.416666666666671,rnd,218.csv
13,358,27.290422984836393,16.819287044426712,0.39596878511204797,0.1512060965619073,0.3659617400024522,0.1458198683940548,True,0.6454242472033084,0.8326166621766644,0.0,6.933333333333334,rnd,218.csv
14,353,18.969013894509644,9.564386887899637,0.36874370414690644,0.10485421220559629,0.353521588493157,0.0808579144133369,True,0.6830148964187306,-0.03977377626335718,0.0,7.866666666666666,rnd,218.csv
15,360,15.833518518518515,9.232962962962963,0.34003683291864634,0.08212642380898243,0.32997014751897,0.05833294445629805,True,0.6342116283085206,-0.07169042564212402,0.0,6.4,rnd,218.csv
16,360,13.19,7.46574074074074,0.375196392329478,0.07921593528249075,0.36673855594193494,0.04457668831015837,True,0.6957980735150018,0.029444965380452222,0.0,8.346666666666671,rnd,218.csv
17,360,12.895277777777777,7.480740740740741,0.3315266658936311,0.06710353018484934,0.324664513667999,0.040968852906509264,True,0.6208236633859525,-0.33693572444996145,0.0,6.203333333333334,rnd,218.csv
18,360,12.72648148148148,7.602222222222223,0.36246388362921633,0.07104611803681368,0.35543285729863694,0.038419457424816734,True,0.6750894510896654,-0.05914126249880732,0.0,7.5433333333333366,rnd,218.csv
19,360,13.255370370370368,7.69420634920635,0.33019163455715855,0.07841351574774977,0.320745749901079,0.05639618419378481,True,0.5806223000650252,-0.017378350866371774,0.0,6.2,rnd,218.csv
20,357,13.547272242230223,7.468107242897158,0.41374935872672003,0.050244204296708464,0.4106872919647778,0.014746782615490837,True,0.6364994307688858,0.4068352818104323,0.0,8.373333333333331,rnd,218.csv
21,360,45.06062474562475,8.558174603174603,0.5199596129126792,0.09452841004379363,0.5112948061098368,0.03305106686861704,True,1.2014503769798388,0.7926469584471929,0.0,13.070000000000002,rnd,218.csv
22,360,15.490188237688237,26.50208587708588,0.5150019713304356,0.04831631016611669,0.51273049904035,0.00880176437482367,True,0.7647168341759188,0.7418367047245635,0.0,12.820000000000006,rnd,218.csv
23,359,10.096511473670247,7.277795463589335,0.30448506605883563,0.036558805272039745,0.3022823336054136,0.014416239732861451,True,0.5754195420465903,-0.07346094098950968,0.0,4.933333333333334,rnd,218.csv
0,342,476.47647323436803,14.316617398196346,1.2814736354330762,1.247476575968116,0.29321812822697446,0.9476445034401529,True,2.4096476770589823,0.15318126735094093,0.0,16.596666666666668,rnd,209.csv
1,342,506.2808270676692,39.8770955165692,1.2440206378776832,1.2025642450236853,0.3184754057320774,0.9344614801727914,True,2.3046631227415304,0.08613318955365579,0.0,16.526666666666664,rnd,209.csv
2,336,491.3696428571428,20.432001133786848,1.352594135292343,1.3005970395852458,0.37142729497081317,0.9245928319752569,True,2.483644362338595,0.01125732287734982,0.0,16.4,rnd,209.csv
3,330,257.11949494949494,11.364704184704184,1.1112824928806875,0.8970633900028869,0.6559161938080533,0.6516243745316292,True,2.428956246415867,0.4081777754551676,0.0,13.370000000000001,rnd,209.csv
4,336,21.440873015873017,7.507497165532881,0.7871581673880218,0.6744395710516109,0.4058931454033046,0.7341115805641175,True,0.020882840607894845,-1.2141567503370996,0.0,3.2,rnd,209.csv
5,333,3.756442156442157,5.758701558701559,0.7320498041867919,0.6776589786387871,0.2769029152612087,0.8569216910601657,True,0.12491293458057325,-1.2303073383286762,0.0,3.0,rnd,209.csv
6,337,3.658753709198813,5.70484668644906,0.7864338602559392,0.7165228357952411,0.3241500306046632,0.8301100353607841,True,1.5039384771328475,-1.399894859252629,0.0,3.0,rnd,209.csv
7,337,40.32660731948565,6.518100890207715,0.8252311056899193,0.7093505341825392,0.4216968074969892,0.7388744022807869,True,0.010391753927945974,-0.5934191754840809,0.0,3.2,rnd,209.csv
8,333,110.85707135707136,10.238567138567138,0.9297836954993627,0.8153877850716275,0.4468114595357162,0.7690676613048039,True,0.09913780237719816,-0.21004639272697423,0.0,5.213333333333329,rnd,209.csv
9,335,321.89091078076154,16.860704966675115,1.1610978011390085,1.0283526182662144,0.5391094474361046,0.7844161220169193,True,0.5030169514242633,0.46560682480666676,0.0,16.960000000000008,rnd,209.csv
10,344,325.0821290143964,22.646525470653383,1.2613558251196275,1.0950772711259356,0.6259586949844144,0.7537273868900634,True,2.7142896735958533,0.3176484946913147,0.0,17.066666666666666,rnd,209.csv
11,345,310.96426501035194,11.07806763285024,1.2411553461440943,1.1121453402642771,0.5509984894630123,0.8029172870619512,True,2.7460690101943523,0.5072291024776602,0.0,26.000000000000124,rnd,209.csv
12,355,328.6879007377599,19.671468812877265,1.3201175651821542,1.1326748014482237,0.6780547028571414,0.7361821081770846,True,0.5602947702916437,0.6763462668950146,0.022535211267605635,25.986666666666686,rnd,209.csv
13,351,244.02569529236195,21.410812644145974,1.3303828916590046,1.2004174584286798,0.5735124793050305,0.8141628904408754,True,3.108340741447278,0.9580441125532925,0.03418803418803419,22.1,rnd,209.csv
14,340,266.0847415329768,49.900481283422465,1.3953488702895354,1.2401952537957885,0.639463996078498,0.78997713217574,True,2.9596509985164983,0.7740157216864594,0.03529411764705882,20.336666666666662,rnd,209.csv
15,339,212.6094395280236,52.85349065880039,1.290399311464479,1.220123473484453,0.42003463247717415,0.8940448782398633,True,3.287694646303597,1.187187515899607,0.035398230088495575,26.27333333333333,rnd,209.csv
16,334,125.49844596521244,27.048160821214722,1.2151864768742873,1.164469306170312,0.34740381196149067,0.9182696604278153,False,3.324689140934958,1.3751824313388716,0.03592814371257485,17.72999999999964,rnd,209.csv
17,335,216.4977683013504,28.374072494669505,1.2554326132553413,1.1928027352696615,0.3915771713958167,0.9027145444439775,True,3.100967014128515,1.3261259797084701,0.03582089552238806,35.4,rnd,209.csv
18,336,159.29900793650793,29.25138888888889,1.2324409127478062,1.1969392907361327,0.2936782894711986,0.9432178974109215,True,3.214272256653092,1.2951636978308116,0.03571428571428571,19.650000000000002,rnd,209.csv
19,336,77.98293650793651,29.927579365079364,1.1726862600943249,1.126911480919736,0.3244434908967996,0.9234554176472326,True,0.6277122704560131,1.3318865993187372,0.03571428571428571,12.266666666666667,rnd,209.csv
20,342,81.51893622946254,31.928390420495685,1.1774153583985887,1.1289994763672913,0.3341662887773973,0.91944993821684,True,0.3307312101322037,1.1086602436300024,0.03508771929824561,12.396666666666667,rnd,209.csv
21,342,95.43906989696465,33.22635756056809,1.172740510921459,1.1089292740209795,0.38157066341062906,0.894136536379874,True,0.4374677809927501,1.1681167339252594,0.03508771929824561,12.266666666666667,rnd,209.csv
22,336,104.88956916099771,20.55642006802721,0.9775439335021736,0.8627243651176018,0.45967250489814276,0.7788818027184066,True,0.187272997849399,0.7719969049497388,0.008928571428571428,12.333333333333332,rnd,209.csv
23,340,271.5598287007111,10.827965955613013,1.0974866781036954,0.9437710319603432,0.5601546642201539,0.7394941990562595,True,2.3629847646188935,0.40029382756592546,0.0,12.466666666666669,rnd,209.csv
0,359,0.589680328956095,59.42009550338242,0.13862125909599182,0.12418824521182038,0.06158841794174351,0.8026039681336103,True,0.18395689341380767,-0.6489852620041056,0.0,1.8583333333333332,rnd,261.csv
1,360,0.5875925925925926,77.21814814814815,0.1456008444118479,0.1265579453029548,0.07199091869213398,0.7555288338760863,False,0.19209870750245767,-0.5262375241372784,0.0,1.8833333333333333,rnd,261.csv
2,360,0.5855555555555554,67.17222222222222,0.14020489340922257,0.125257026797554,0.06299277239277773,0.7981377535203034,True,0.19016167427961916,-0.6370203741556528,0.0,1.8583333333333332,rnd,261.csv
3,360,0.6068386243386243,71.91055657305658,0.14054495655102148,0.1261503382439444,0.06195947847478168,0.8056498071335573,True,0.19414250256824017,-0.7112060362622766,0.0,1.8666666666666665,rnd,261.csv
4,360,0.5953571428571428,76.05153439153439,0.13951573579846085,0.12519147796267402,0.061577060508822896,0.8051988489582421,True,0.1998189478699573,-0.6879495111268145,0.0,1.8666666666666665,rnd,261.csv
5,359,0.6069372595834991,80.55840297121634,0.1405303061109115,0.1261352401193031,0.061956986173249594,0.8056249208781061,True,0.1857550705055625,-0.6362562068526548,0.0,1.875,rnd,261.csv
6,360,0.586111111111111,83.20814814814815,0.13788798083701623,0.12392601305589195,0.06046022285255204,0.807741007051945,True,0.1895164682332955,-0.6360238494811596,0.0,1.8666666666666665,rnd,261.csv
7,360,0.5898412698412698,88.01347883597884,0.1416848826039776,0.12685590305842484,0.06310456257462246,0.8016306857546203,True,0.2009026959349668,-0.5807436203264921,0.0,1.8754166666666667,rnd,261.csv
8,360,0.594074074074074,91.36195767195765,0.13924394797670617,0.12547694696609346,0.06036897239648703,0.812035899801763,True,0.19315937781998987,-0.6309198516794137,0.0,1.875,rnd,261.csv
9,358,0.5989624900239424,95.71320830007981,0.15067715806246187,0.12887134202360567,0.07807549658385124,0.7315059476861615,False,0.13206133570472528,0.005247455013296295,0.0,1.8916666666666664,rnd,261.csv
10,360,0.5990740740740741,100.92740740740742,0.14493773589529518,0.12801540252979002,0.06796325478955646,0.7801201698369288,False,0.20861059599679338,-0.3693336689169428,0.0,1.9004166666666666,rnd,261.csv
11,360,0.640436507936508,72.45003968253968,0.1409013317356965,0.12714880330598483,0.06071546016253825,0.8143186068205439,True,0.20995630679918154,-0.7400499257776033,0.0,1.8833333333333333,rnd,261.csv
12,360,0.6304761904761904,11.063637566137567,0.14250238026596332,0.1292152804379522,0.06008610224341878,0.8222114337044762,True,0.19914986903789872,-0.6810143106966728,0.0,1.8839285714285716,rnd,261.csv
13,360,8.037685185185184,17.901402116402117,0.17109695724042404,0.12851791837881077,0.11294827768721763,0.564212615916808,True,0.1070895695120565,2.079921471326967,0.0,1.9,rnd,261.csv
14,356,0.7211610486891384,23.97041198501873,0.13955638747741878,0.12382068308460907,0.06437719880678448,0.7872033858414778,True,0.18948488707934075,-0.6991824003838621,0.0,1.9,rnd,261.csv
15,359,0.6394393597736217,23.509775832338505,0.1380976449680294,0.12110833830360988,0.06636060532465235,0.7690871333192288,True,0.16437217204070032,-0.5871525657996651,0.0,1.8833333333333333,rnd,261.csv
16,360,0.6347619047619047,28.068333333333335,0.13682180181645748,0.12241787837708874,0.06110702501312167,0.8005327176847246,True,0.204564778810154,-0.6897320506400585,0.0,1.8833333333333333,rnd,261.csv
17,360,0.636084656084656,31.27190476190476,0.1347110236408309,0.12159661498133277,0.057976918816387786,0.8147731293250695,True,0.19801274493784293,-0.7075954793987659,0.0,1.8666666666666665,rnd,261.csv
18,360,0.6362830687830688,35.42339947089947,0.13554268674645853,0.12220574570984943,0.05863084210505765,0.8128886708577561,True,0.1977617081950448,-0.6729642044407539,0.0,1.8670833333333332,rnd,261.csv
19,360,0.6554761904761904,40.68502645502646,0.13437559685663755,0.12088357773245999,0.05868527639176529,0.8092706643139147,True,0.19504829815072655,-0.6281100997181623,0.0,1.85875,rnd,261.csv
20,357,0.6570361477924502,45.16555955715619,0.136023481987393,0.12118936794625361,0.061769934019409375,0.7937820339444145,True,0.1985933103056282,-0.6209731778445717,0.0,1.875,rnd,261.csv
21,360,0.6492592592592592,47.89388888888889,0.1355248771548356,0.12181631631858068,0.059395095811058146,0.8079284107361012,True,0.20074961273032488,-0.6312422853513935,0.0,1.8666666666666665,rnd,261.csv
22,360,0.5871990740740741,51.1286574074074,0.13996230198068713,0.1252206609100015,0.062523851904657,0.8004419286876137,True,0.19368791999210005,-0.6332906592152003,0.0,1.875,rnd,261.csv
23,359,0.5868152274837511,55.49229340761373,0.13803331006303815,0.1238849028437664,0.06087467071245143,0.8055063418374759,True,0.18384036715403773,-0.6067626471343115,0.0,1.8666666666666665,rnd,261.csv
0,360,4.605371387871388,10.142923280423279,0.2334177173758535,0.14473378273421353,0.1831282690367582,0.38447861618312384,False,1.3601320263560024,5.400654816494594,0.0,1.3683333333333336,rnd,113.csv
1,360,3.155185185185185,10.24388888888889,0.09375233521001096,0.08184559574886154,0.045725253567850226,0.762125407720074,True,0.17889197651196875,-0.16876928758593887,0.0,1.3341666666666672,rnd,113.csv
2,360,4.224814814814815,12.57962962962963,0.21705727061463995,0.10037205309415095,0.19245599415020043,0.21383408862307002,False,1.0445290078363525,4.5025813926943155,0.0,1.55,rnd,113.csv
3,360,3.2151851851851854,8.877777777777778,0.15612836251668671,0.09757346447861191,0.12188307762681005,0.3905708629752694,True,0.14979248055804179,6.755244332844904,0.0,1.3341666666666672,rnd,113.csv
4,360,2.5725925925925925,8.590674603174602,0.09672237018742194,0.08644735900782545,0.043382842406241975,0.7988212313584553,True,0.18368959395465334,-0.12966889305360185,0.0,1.3166666666666669,rnd,113.csv
5,359,2.6036211699164347,8.688207985143919,0.09718095984518717,0.08652449453102608,0.04424534780722506,0.7927126219114905,True,0.18112162555476952,-0.03483902772331456,0.0,1.318333333333333,rnd,113.csv
6,360,3.0459259259259257,9.028333333333334,0.13558221009839314,0.09213195736238886,0.09946978499896227,0.46175879694648037,True,0.16759730009953014,6.443874661262747,0.0,1.3175000000000003,rnd,113.csv
7,360,4.166851851851852,9.944444444444445,0.20630798196087788,0.09833611042288404,0.18136425449263227,0.22719250005352948,False,1.7643433309146999,6.633458241424668,0.0,1.3675,rnd,113.csv
8,360,3.9862962962962962,10.027962962962963,0.18104044135817943,0.08917961878366763,0.15755201363601842,0.2426498480259136,True,0.1752690173937935,6.98302074713304,0.0,1.35,rnd,113.csv
9,359,5.895715612150153,10.285329619312906,0.294272381704529,0.12457762295676303,0.2666020451768865,0.17921777092434876,False,1.6160851748934673,4.778323376644862,0.0,1.4,rnd,113.csv
10,358,5.223463687150838,10.975791433891992,0.238000682007562,0.10804534369267692,0.21206255761542625,0.20608942499838964,False,1.3533520753798058,5.485015495070621,0.0,1.4024999999999994,rnd,113.csv
11,358,5.738268156424581,10.951090715615855,0.2754993568064978,0.09052443546689433,0.26020227167377696,0.10796686018780496,False,1.4979764116501615,4.943756300034644,0.0,1.419166666666666,rnd,113.csv
12,360,5.984629629629629,11.011851851851851,0.2768980952763393,0.10899828625796053,0.25454258732183177,0.1549527908805465,False,1.6878690035893051,5.230717141837052,0.0,1.4166666666666663,rnd,113.csv
13,358,5.125754599218287,11.067861747191357,0.23219843435915294,0.10518404336005378,0.20700828471651128,0.205201791795033,False,1.1867293637998242,6.292244763261338,0.0,1.4,rnd,113.csv
14,350,7.430095238095238,10.987047619047619,0.3575815675241844,0.16880446538596533,0.31522948767336356,0.22285255311746455,False,1.5988418855848592,3.998469643929355,0.0,1.4258333333333333,rnd,113.csv
15,360,8.133732193732193,11.5016452991453,0.31603298335881463,0.12046647827469655,0.2921723364433479,0.14530066663287297,False,1.8418826812070215,5.525484658926038,0.0,1.4,rnd,113.csv
16,360,6.885846560846561,11.367103174603175,0.3092113289939965,0.12286897854136693,0.2837514054422192,0.15789693539253305,False,1.5801782259900987,4.701078152767771,0.0,1.4,rnd,113.csv
17,360,4.816851851851852,10.732592592592592,0.20712038797447455,0.12894145937229917,0.16208934317109985,0.387560458212843,False,1.6088468752710667,6.323361962943285,0.0,1.3675,rnd,113.csv
18,360,4.241891534391534,10.512354497354497,0.17976106934683803,0.11991645553652563,0.13391820542508467,0.44500642429639,False,1.4664225093821326,6.614117717632917,0.0,1.3666666666666665,rnd,113.csv
19,360,4.3025925925925925,10.078703703703704,0.20891296456866584,0.12439354009670954,0.16784181227297607,0.35453969857859224,False,1.7925776955022559,6.847504970242028,0.0,1.3508333333333336,rnd,113.csv
20,360,4.868779461279461,9.9813468013468,0.23467864366862115,0.15796825665031092,0.17355142086714573,0.4530983821389122,False,1.31138987009321,5.289620540304644,0.0,1.384166666666667,rnd,113.csv
21,358,5.348483639265763,10.348723064644853,0.2660092093162308,0.15305986975847793,0.21756280865663605,0.33107724626932516,False,1.6919954352283417,5.390526030368272,0.0,1.3666666666666665,rnd,113.csv
22,359,4.522005571030641,9.733147632311978,0.23601276736549137,0.1592257410174606,0.17421018844188796,0.45515106468343974,False,1.4273907871742484,5.187318335929247,0.0,1.3849999999999996,rnd,113.csv
23,360,3.923227513227513,9.283518518518518,0.20249807824623678,0.12077110432123805,0.16254172404169853,0.3557003257521902,False,1.7055159052040523,6.3721501533507485,0.0,1.35,rnd,113.csv
0,344,0.14327242524916942,4.621061738648948,0.6618251159334582,0.5902586559042331,0.29934462281868957,0.7954231752124472,True,1.2199263314829465,-1.413824827963061,0.0,2.4,rnd,206.csv
1,346,1.7144508670520233,15.978275529865126,0.6942028251248303,0.5633657062084682,0.4056311668000002,0.6585792751435259,True,1.162349376903229,-1.3576779018435996,0.0,2.8,rnd,206.csv
2,345,0.3457004830917874,5.999710144927535,0.6073550970282457,0.532121366601645,0.2927918460138324,0.7676018884584662,True,0.5289000361029552,-1.0190083710948463,0.0,2.4,rnd,206.csv
3,344,0.14108527131782944,4.551301218161684,0.5997411825972485,0.5374008130993467,0.26625148296921675,0.8029137494361497,True,1.0876679819485815,-1.2381148181876453,0.0,2.2666666666666666,rnd,206.csv
4,345,0.1397101449275362,4.408005521049,0.5768081012517128,0.5128356746250435,0.2640211288921452,0.7904852203438936,True,1.2662000303337984,-1.1981763662750837,0.0,2.2666666666666666,rnd,206.csv
5,345,0.1424706694271911,4.5615044858523115,0.5871950621629158,0.5220517361786532,0.26881225005822285,0.7904279688892156,True,0.3720020708257944,-1.1878323814992948,0.0,2.3200000000000007,rnd,206.csv
6,347,0.13890489913544665,4.603519967064637,0.6145113148374034,0.5499445274172432,0.2741991481150504,0.8008994614888002,True,0.3988190244487513,-1.4828608122317455,0.0,2.2666666666666666,rnd,206.csv
7,349,0.14369400100059124,4.391871770381799,0.6343662420143735,0.5361569621048651,0.33905197388294434,0.7143380302256,True,0.3306449482351136,-1.6759359753459975,0.0,2.2666666666666666,rnd,206.csv
8,349,0.36070405239459674,12.42087597216537,0.6557002982554168,0.49058765108754937,0.4350478568303071,0.5597865529620701,True,0.2109539623753976,-0.017367298230957635,0.0,2.2666666666666666,rnd,206.csv
9,346,1.9360308285163774,28.06322598403523,0.7744325693760572,0.5246689462703756,0.5696211910822273,0.45899029407164793,True,0.1510274669827118,0.8681791676455478,0.0,2.85,rnd,206.csv
10,338,34.59783037475344,41.48934911242604,0.6714965151575434,0.5011231334841705,0.44697111199240946,0.5569309803029141,True,0.30095416762829835,-0.6438472650837573,0.0,2.2,rnd,206.csv
11,345,0.34652864044168386,6.096452726017942,0.6914910183581585,0.4928676696239838,0.4850167921932463,0.5080279130471032,True,0.568257118022573,-0.8849655397939175,0.0,2.0,rnd,206.csv
12,346,0.2219653179190751,5.028251445086705,0.6278660163916427,0.5155925794504972,0.3583015860348563,0.674340683775456,True,0.364159122826327,-0.4616619271361636,0.0,2.1333333333333333,rnd,206.csv
13,351,1.8144349477682808,6.666951566951568,0.7563582383616219,0.6027986349182599,0.45684963661819683,0.6351692094214987,True,0.44166266623174316,0.1795995657264869,0.0,2.1333333333333333,rnd,206.csv
14,346,0.3246628131021194,153.62372906476955,0.6987884310556275,0.5175913051158542,0.46947258945081366,0.5486337642351532,True,0.4547026595553514,0.1800036303708037,0.0,2.1833333333333336,rnd,206.csv
15,349,0.14368035657433934,4.781184336198662,0.671638542049266,0.513192553828971,0.4332802024793684,0.5838341202121353,True,1.187102583819647,-1.483681435692953,0.0,2.2666666666666666,rnd,206.csv
16,348,0.14099616858237543,4.605327144120247,0.5989278851022418,0.5199852563220453,0.2972035409626557,0.7537598360481634,True,1.1221740711429997,-1.600014934583257,0.0,2.0,rnd,206.csv
17,345,0.1403588681849551,4.683561076604555,0.6137616435348676,0.5198218659351967,0.3263258843093391,0.7173144827733811,True,1.0310144336638616,-1.7015471556520605,0.0,2.2,rnd,206.csv
18,348,0.14176245210727964,4.725622605363984,0.6354632777840401,0.5495634043713699,0.3190511588880166,0.7479192189619719,True,1.1989951338836682,-1.7019130143609196,0.0,2.0,rnd,206.csv
19,350,0.13866666666666663,4.5004489795918365,0.6695680422717052,0.5639976826133968,0.3608711366101232,0.7095209197715218,True,1.3713822094900157,-1.768388997458751,0.0,2.0366666666666675,rnd,206.csv
20,347,0.13799917661589128,4.653082492275575,0.6238626801235061,0.5398611022378309,0.31265737467943766,0.748834872512148,True,1.3227426400964297,-1.9413204418273942,0.0,2.0,rnd,206.csv
21,340,0.1405882352941176,8.837843137254902,0.5549590764397261,0.4619864002376495,0.3074868168203185,0.6930051544788646,True,0.8754105052977336,-2.0515169201700063,0.0,2.0,rnd,206.csv
22,343,0.1290712203248646,4.483118145217271,0.603285510638786,0.5348422450618142,0.2791006632810805,0.7859693612657005,True,1.1306307702811278,-1.8284808948575597,0.0,2.193333333333332,rnd,206.csv
23,344,0.14089147286821702,4.480772425249169,0.6056892328552393,0.5544587408537329,0.243792845439856,0.8379898568603932,True,1.3416093076425142,-1.434639473462682,0.0,2.2,rnd,206.csv
0,360,4.086791819291819,10.70023606023606,0.3108692048333654,0.23000446771803515,0.2091353804201293,0.5474155620394604,False,0.8800131390751635,3.884270515276282,0.0,2.3841666666666668,rnd,112.csv
1,360,3.0460449735449737,9.887738095238095,0.16949494200297355,0.1621733586726579,0.04927816049144721,0.9154729932938451,False,0.1637143579145795,0.4686403760669958,0.0,1.784166666666667,rnd,112.csv
2,360,3.9566931216931214,12.856653439153439,0.25447441937142184,0.1713430026789274,0.18814570297349695,0.4533613391918754,False,1.0983232783693082,3.252629700859356,0.0,2.1008333333333336,rnd,112.csv
3,360,2.9274867724867724,9.009920634920634,0.22199960660145215,0.17402435255997253,0.13783812987443608,0.6144911658216149,False,1.9801024642560128,3.8262447438515994,0.0,1.8675,rnd,112.csv
4,359,2.57060618119114,8.66457089799708,0.17858776705780782,0.17402882960399946,0.040094351339757986,0.9495962360461103,False,0.2583428557469143,-0.030290195254487406,0.0,1.8083333333333305,rnd,112.csv
5,359,2.6110890038466645,8.88727948003714,0.17720278695668704,0.17267246740748854,0.039812645034295616,0.9495221361835798,False,0.25502584675772644,-0.002212737669230467,0.0,1.7871428571428567,rnd,112.csv
6,360,2.9014153439153443,9.163465608465609,0.2059364262854303,0.18001990530128117,0.1000132259580313,0.7641431316866354,False,1.7068780474995289,2.335326104247209,0.0,1.8025000000000007,rnd,112.csv
7,360,4.303955026455027,10.036402116402115,0.2537115654351918,0.1707859304417692,0.1876212258746722,0.453130870332962,False,1.7572092252717582,3.392538017722764,0.0,1.8175000000000003,rnd,112.csv
8,360,3.750701058201058,10.246044973544972,0.24059615999311817,0.16897760638877904,0.17126903030773827,0.4932657086081481,False,1.846898843977953,3.4324710388934836,0.0,1.8166666666666669,rnd,112.csv
9,359,5.1826767475792535,10.457540787902905,0.3316302516911165,0.18739322237712686,0.2736099487296285,0.3193004110055136,False,1.636066612269147,3.5633368217615247,0.0,1.8699999999999988,rnd,112.csv
10,358,5.229954775206172,11.045663740356478,0.27753238387984364,0.16490952118601548,0.22322426822419641,0.3530726923230966,False,1.4210967551928857,3.7545740306023117,0.0,1.8524999999999996,rnd,112.csv
11,358,5.201210428305401,11.230686352753391,0.32202980053098584,0.1642300842335531,0.27700482281481414,0.26008380200598846,False,1.4987737835424095,3.6141467687173265,0.0,1.8833333333333333,rnd,112.csv
12,360,5.1464021164021165,11.17798941798942,0.3311370518404802,0.19726124688476582,0.26596944858211136,0.35486894236601735,False,1.810909116756982,3.7242426428359354,0.0,1.9366666666666672,rnd,112.csv
13,358,4.61323797245585,11.175203102298076,0.2957718648001969,0.2056207641796397,0.21260549697871628,0.4833038098725961,False,1.2832043946048401,3.6261078014070285,0.0,2.05,rnd,112.csv
14,351,7.05285578618912,11.153629086962422,0.38505401740587425,0.21843046848073203,0.3171036530216756,0.32179783406915863,False,1.6992927724805114,3.3875092842111947,0.0,2.1833333333333336,rnd,112.csv
15,360,7.369241452991454,11.632470492470492,0.3775633644814755,0.21193060858726265,0.3124732170001198,0.3150704517374543,False,1.636885996573339,4.573898394343834,0.0,2.285,rnd,112.csv
16,360,6.433809523809525,11.504007936507936,0.36289876825962886,0.1904732167493091,0.308893945724947,0.2754842943751352,False,1.765399936790362,3.465564489948636,0.0,2.25,rnd,112.csv
17,360,4.1128042328042325,11.094470899470899,0.29821162253800654,0.2283885737176819,0.19175200445354795,0.5865426720672562,False,2.0161673674981957,4.064191253586732,0.0,2.0358333333333336,rnd,112.csv
18,360,3.8457804232804236,10.65445767195767,0.2599613472261047,0.22146445401007386,0.13613742197364864,0.7257557779903686,False,1.0550860772120718,3.3655512221878845,0.0,1.9366666666666672,rnd,112.csv
19,359,3.8090064995357475,10.183233850643322,0.2819884721173504,0.2244693331093018,0.1706781090255661,0.6336527495946714,False,1.1254572749525795,3.997296086861215,0.0,2.006666666666664,rnd,112.csv
20,360,4.005224867724867,10.174708994708993,0.3139819895451097,0.24920838731486933,0.19099704042373916,0.6299641502152604,False,0.8549421934232437,3.7395196592162683,0.0,2.4175,rnd,112.csv
21,357,4.478844871281847,10.501453914899292,0.3431530678959069,0.24219961692907552,0.24309128648674758,0.4981626143389013,False,1.9932504892052147,4.092870350384436,0.0,2.323333333333333,rnd,112.csv
22,359,3.680766679931026,9.858827430693726,0.32310329341300165,0.26321182933387244,0.1873906911056273,0.663633097349705,False,1.0255645968628575,3.3436557943034524,0.0,2.301666666666666,rnd,112.csv
23,360,3.546640211640211,9.47835978835979,0.28795744689331004,0.22447645726674126,0.18036022664181361,0.6076940309792329,False,2.0391903875824053,3.8388387235225103,0.0,1.9341666666666666,rnd,112.csv
0,359,4.574601814156131,10.16991643454039,0.17480784038907565,0.10765485442475452,0.13772513706755737,0.37926731845787404,False,1.0786684957407686,4.946655722756778,0.0,2.333333333333333,rnd,103.csv
1,360,3.150568783068784,10.276560846560844,0.08285674071298052,0.07175689334914388,0.04142689631697837,0.7500177899018927,False,0.11417509370798251,-0.46444861023274353,0.0,2.3,rnd,103.csv
2,360,4.206111111111112,12.715714285714286,0.17403233117395095,0.088506987668561,0.14984580550578294,0.2586397336464918,False,0.5988879031072638,4.313476198171381,0.0,2.436666666666668,rnd,103.csv
3,360,3.2160582010582015,8.926137566137566,0.128162576018052,0.07980210811607306,0.1002859383553524,0.3877093480404799,False,1.3293850061835257,5.975706927598143,0.0,2.3,rnd,103.csv
4,359,2.5823053455365437,8.688048812839899,0.08314147764153493,0.07376463933105673,0.03835731076049222,0.7871562879182662,False,0.11456246513960933,-0.34752037054711876,0.0,2.3,rnd,103.csv
5,359,2.606870937790158,8.76490250696379,0.07812907752953102,0.07084241571201833,0.032947001255061927,0.8221694418275416,False,0.10203514121904644,-0.24681428865261146,0.0,2.3,rnd,103.csv
6,360,3.030727513227513,9.086666666666666,0.10120407386056464,0.07144969699470263,0.07167430059191239,0.4984307100984397,False,0.9694710125861883,3.4290444985947643,0.0,2.3,rnd,103.csv
7,359,4.173073351903436,9.94781801299907,0.1586826837916333,0.07861883203071235,0.13783785178767882,0.24546755742460924,False,1.2522359322033898,5.122289894808316,0.0,2.3166666666666664,rnd,103.csv
8,360,3.988888888888889,10.068703703703704,0.148234327569056,0.09172391020457298,0.11644801486772378,0.3828842885898525,False,1.2509212348978378,4.6766091286399565,0.0,2.3166666666666664,rnd,103.csv
9,359,5.81485608170845,10.347260909935006,0.22285075051897305,0.10859608717471918,0.19460048010529254,0.237465297941822,False,1.2086104726692768,4.1878260630498625,0.0,2.333333333333333,rnd,103.csv
10,358,5.143269486565576,10.988893322692206,0.17695438760243146,0.103575287895002,0.14347478882792963,0.3426017896668301,False,1.1321830449349002,4.116159944406718,0.0,2.319166666666666,rnd,103.csv
11,358,5.659577015163607,10.966214418728386,0.20926932792374303,0.09975295105371043,0.18396467151529705,0.22721675124551957,False,1.113236485704574,4.259996700310255,0.0,2.333333333333333,rnd,103.csv
12,360,5.902592592592593,11.004973544973545,0.20219413122047783,0.09971958527552491,0.17589335124580785,0.2432337500692383,False,1.154763999068086,4.261260869761299,0.0,2.3666666666666667,rnd,103.csv
13,357,5.112105354962498,11.084983737084578,0.18065605135385424,0.09035658137632407,0.15643623970407286,0.2501580916492256,False,1.2110508424969617,6.029914318050688,0.0,2.3199999999999994,rnd,103.csv
14,350,7.447727891156462,10.969986394557823,0.273754747740736,0.1335707625457935,0.23895713695876342,0.2380671598709591,False,1.2358217197037713,3.9775825772351725,0.0,2.3425000000000002,rnd,103.csv
15,360,7.66380291005291,11.481244658119659,0.2535314531076735,0.10793001282385066,0.22941078886297364,0.18122610904285505,False,1.4161434571437588,5.713965186881166,0.0,2.333333333333333,rnd,103.csv
16,360,6.865740740740741,11.357962962962963,0.23592145898078343,0.11539246367018528,0.20577539730430958,0.23923240209138397,False,1.2136435047043734,4.116009112430915,0.0,2.3841666666666668,rnd,103.csv
17,360,4.787222222222222,10.773888888888887,0.16825381778807175,0.11081377707373184,0.12660826991517943,0.43376815093896764,False,1.2294370553310976,5.186369432138423,0.0,2.3166666666666664,rnd,103.csv
18,360,4.217962962962963,10.559444444444443,0.13530034283253697,0.1006134633529732,0.09046056468274982,0.5529863399013338,False,0.966651168619033,4.317769264454476,0.0,2.3175,rnd,103.csv
19,360,4.301481481481481,10.09685185185185,0.16760161883454086,0.10377433933558564,0.13160998872206262,0.3833747768438639,False,1.3500362137166932,5.797629385964386,0.0,2.3166666666666664,rnd,103.csv
20,360,4.840339506172839,10.015767195767197,0.17574146234789706,0.11844846385735902,0.12982689628119914,0.45426616845532636,False,0.9832705118985979,4.3806016645170605,0.0,2.3166666666666664,rnd,103.csv
21,357,5.391223155929038,10.372549019607842,0.20583714791818644,0.11839995902338143,0.1683757143009495,0.3308686297399228,False,1.254725663303124,4.727828496559468,0.0,2.3199999999999994,rnd,103.csv
22,359,4.530547818012999,9.812999071494893,0.17563854742915774,0.11963297455133826,0.12859568710895145,0.4639403319015778,False,1.0333739779872047,4.805206277215516,0.0,2.333333333333333,rnd,103.csv
23,360,3.8875925925925925,9.361851851851851,0.15961888200708504,0.09847468942236705,0.12562214389334425,0.3806104519571082,False,1.2787655612934197,5.579130562865827,0.0,2.3,rnd,103.csv
0,80,0.18916666666666665,3.674404761904762,2.1020029369445274,2.011757066699493,0.6093027584937325,0.9159767160089892,True,3.851292050483252,1.0224924474560717,0.0,25.105,rnd,486.csv
1,91,0.10109890109890109,3.6253968253968254,1.8552082250572846,1.6933976109762856,0.7577612351262164,0.8331679653639323,True,3.174807719651162,1.2304116328556312,0.0,24.833333333333332,rnd,486.csv
2,61,0.09617486338797814,4.313661202185792,1.5969683888843866,1.48970568604962,0.575399864483321,0.8701784257073236,True,3.1233472472664765,0.3363718068867483,0.0,4.5,rnd,486.csv
3,89,0.2247191011235955,4.749812734082398,2.0133410659109923,1.790920509853608,0.9198619326123357,0.7912576400177324,True,3.4751689730281607,0.8602929128191765,0.0,20.05333333333333,rnd,486.csv
4,77,0.11082251082251082,6.11948051948052,1.739309429153107,1.5827089409089061,0.7212695049063942,0.8280344556803132,True,3.2731283689799726,0.3335168773623947,0.0,4.64,rnd,486.csv
5,89,0.08689138576779025,2.6644194756554307,1.4979141133908496,1.4062824024529081,0.5158648036518598,0.8813963729939399,True,3.193918988093924,0.8171046828231922,0.0,3.246666666666664,rnd,486.csv
6,68,0.31078431372549015,7.760224089635854,1.8927421419179309,1.7654484884408803,0.6823961096415248,0.8700159151519116,True,3.599005573904283,0.013981836236120253,0.0,9.821666666666667,rnd,486.csv
7,102,0.15751633986928104,10.051073762838469,1.8581814874641516,1.6481054175458567,0.858246452372793,0.7866720422242338,True,3.7339182879871706,0.9574847680793119,0.0,19.681666666666537,rnd,486.csv
8,76,0.15889724310776943,7.3505639097744355,1.9369090112612666,1.8560021068090662,0.5539609168753734,0.9182025412350081,True,3.2941597508945706,0.7695970859328131,0.0,17.483333333333334,rnd,486.csv
9,114,0.15020885547201338,5.549415204678364,1.8090154037048556,1.695496201865901,0.6307371562701406,0.878433951084346,True,3.264716889200577,0.8327089913163823,0.0,16.101666666666667,rnd,486.csv
10,84,0.23214285714285715,6.935034013605441,1.9888284129565978,1.9288761775264376,0.48463919358060426,0.9406196934786628,True,3.6021481110890665,0.3341071295581331,0.0,18.2,rnd,486.csv
11,110,0.11636363636363636,4.625627705627704,1.7141173288808895,1.6132100778557827,0.5794406456871103,0.8857287912325704,True,2.7614506494814024,1.1242182525330815,0.0,13.903333333333332,rnd,486.csv
12,94,0.20496453900709222,6.763120567375886,1.9152483146331594,1.8513733777620007,0.4905025207063438,0.9344108036744769,True,3.5531812079947844,0.5211827180576225,0.0,13.316666666666663,rnd,486.csv
13,120,0.14944444444444444,4.9006349206349205,1.7999203411219835,1.6335726546174933,0.7557470585259555,0.8237024158778321,True,3.3099726355358863,0.6234616083063982,0.0,7.566666666666654,rnd,486.csv
14,85,0.2815686274509804,8.947450980392157,2.033743335176215,1.880081313075092,0.775503842414408,0.8545962448842888,True,4.071093472903259,0.5197975079545443,0.0,7.593333333333333,rnd,486.csv
15,158,0.11181434599156116,3.3227245328511144,1.6830458153888197,0.9729014521912089,1.3733557372443799,0.33415335545829833,True,3.120851599490337,0.06311633190621932,0.0,7.833333333333334,rnd,486.csv
16,104,0.5057692307692307,7.058333333333333,2.111664742755892,2.047794484292508,0.5154277213145321,0.9404220428869505,True,3.9952032211416277,0.26228278203191896,0.0,17.259999999999994,rnd,486.csv
17,129,0.3542266519010705,5.8448135843484685,2.0903347097071134,1.9652608213261147,0.7122142253331709,0.8839113867033738,True,4.05549861542594,0.5243482959888447,0.0,19.446666666666665,rnd,486.csv
18,92,0.46304347826086956,8.49011387163561,2.1057841275526554,1.8977802512517998,0.9125551543941623,0.8122021788422541,True,3.9878630331846154,0.0659369528679229,0.0,19.485000000000003,rnd,486.csv
19,114,0.3053884711779449,7.312155388471178,2.09595338271902,1.9510171287930427,0.7658673159806836,0.8664807654168838,True,4.0535837802551065,0.5113952289943743,0.0,21.491666666666667,rnd,486.csv
20,89,0.14681647940074907,6.89657570893526,1.953874328012084,1.7693688961025387,0.8288296563043311,0.8200560246164216,True,3.4275214243751035,0.8813147037859191,0.0,22.673333333333332,rnd,486.csv
21,103,0.13333333333333333,5.742441054091539,1.9650839088579792,1.863779070867072,0.622802010152848,0.8995528052640605,True,3.7781961483609727,0.911002872033363,0.0,22.75333333333333,rnd,486.csv
22,77,0.19999999999999998,5.341372912801485,2.1507733966741585,1.9937223238756316,0.8067821881531879,0.8592905417456581,True,3.9213363698132198,0.8350935046494722,0.0,24.02,rnd,486.csv
23,102,0.34640522875817,4.533986928104575,2.2420680045116232,2.211658039020501,0.36801855291646224,0.9730572535325603,True,4.000954480299035,0.7978724765862865,0.0,24.793333333333333,rnd,486.csv
0,359,0.2660299774505902,174.15780607507625,0.33801235190767187,0.26298801085591406,0.2123432508656807,0.6053502954506524,False,0.43954548083305717,0.7950042207782129,0.0,0.8699999999999989,rnd,222.csv
1,360,0.26539682539682535,181.65258597883596,0.33979907926192743,0.21822724873424554,0.26046167122464553,0.412452138128264,False,0.361207771703628,1.0085401598475598,0.0,0.8,rnd,222.csv
2,360,0.27783068783068776,183.12313492063493,0.8467209766878445,0.216825810187352,0.8184882286262983,0.0655754557205883,True,2.0759527440949457,1.6210399567003484,0.0,4.501666666666667,rnd,222.csv
3,360,0.2659788359788359,182.8975925925926,0.32811202907992504,0.23991891101253282,0.22382229505906226,0.5346685732273723,True,0.4757305339687101,1.1077979087632166,0.0,0.8,rnd,222.csv
4,360,0.26725108225108224,197.21363636363637,0.3209637770169474,0.22532571054276967,0.22857399310809756,0.492843978106792,True,0.4501908650824348,0.9509488936005798,0.0,0.8,rnd,222.csv
5,359,0.2691338373789626,184.3485210240085,0.32671099730098,0.21594061057563194,0.245172854251086,0.4368588551666222,True,0.4473777166528376,1.2987386225078577,0.0,0.8333333333333333,rnd,222.csv
6,360,0.26638888888888884,173.60743386243388,0.31072021783809806,0.22310709072110124,0.21626437488250663,0.5155700975286623,True,0.4644022514792166,1.173830744663992,0.0,0.8,rnd,222.csv
7,360,0.266547619047619,174.56746031746033,0.3171537287150406,0.22710718598317972,0.2213793434642333,0.51276941005134,True,0.4227565468245301,1.036772606723615,0.0,0.8,rnd,222.csv
8,360,0.26629629629629625,199.49186507936506,0.32013118262139406,0.20455382475195902,0.24625536921236293,0.4082810760764343,True,0.46105974929417115,1.0511782220597492,0.0,0.8,rnd,222.csv
9,359,0.2659238625812441,165.47353760445682,0.32659779302649034,0.2139751961630502,0.24674021528068424,0.4292401866272497,True,0.44744841244119726,1.3653945665250447,0.0,0.8,rnd,222.csv
10,360,0.26574074074074067,208.16462962962962,0.3068918252471052,0.2225244429316848,0.21134205615883245,0.5257566864364271,True,0.4517920800669769,1.0346847765348142,0.0,0.7683333333333338,rnd,222.csv
11,360,0.2657671957671957,195.63832010582013,0.3303481985952955,0.2153074640289734,0.2505446631811763,0.4247900010852405,True,0.5091707402688952,1.1238015007822075,0.0,0.8,rnd,222.csv
12,360,0.2669047619047618,199.36234126984127,0.329484205334162,0.22725976316324234,0.2385641247372942,0.47574682505629556,True,0.4704909251452227,1.2899648521103328,0.0,0.8,rnd,222.csv
13,360,0.2676984126984126,182.2628042328042,0.3064741286049831,0.23823584504345482,0.19279541913804546,0.6042637958793612,True,0.501802463309994,1.084611853080244,0.0,0.8,rnd,222.csv
14,351,0.2668566001899334,175.21785375118708,0.3477841993572638,0.22805250113366357,0.2625755244672537,0.4299817125672382,True,0.5008089045507378,1.0513288527965778,0.0,0.8,rnd,222.csv
15,360,0.2677645502645502,157.97751322751324,0.3033535923598475,0.2218575185627606,0.20688799736765506,0.5348721898381483,True,0.47450700742017193,0.8932392270476278,0.0,0.8,rnd,222.csv
16,360,0.26620370370370366,172.70341269841268,0.33874754221026687,0.23863797867963932,0.24042007504614193,0.4962800506293328,True,0.47961563582556316,1.3544672153886659,0.0,0.8,rnd,222.csv
17,360,0.26582010582010573,194.32006613756616,0.30867966920861534,0.2300499196199994,0.2058158707815604,0.555428447535692,True,0.49110160486546206,0.7085781944216706,0.0,0.8,rnd,222.csv
18,360,0.26428571428571423,182.1590608465608,0.29522630618905576,0.2274493110596145,0.1882163190707459,0.5935525100274597,True,0.5026147499334679,0.6990284043297805,0.0,0.7683333333333338,rnd,222.csv
19,360,0.2742063492063492,211.53378306878307,0.3378110614322641,0.2111060679997282,0.2637243661091766,0.390529370310527,True,0.4211417532825962,1.1904205219449924,0.0,0.8,rnd,222.csv
20,356,0.2648475120385232,174.13960674157303,0.29730142252717223,0.21993738048855896,0.2000392074082254,0.5472731252704514,True,0.515562653768113,0.7156065631440075,0.0,0.775,rnd,222.csv
21,360,0.26388888888888884,179.7924074074074,0.33417601627412075,0.24374513494824096,0.22860865915775191,0.532011913013525,True,0.48700013855952806,0.795774208630368,0.0,0.8016666666666671,rnd,222.csv
22,360,0.26314814814814813,179.87625,0.3528337174720402,0.262660282819657,0.23558694364127494,0.5541772001856486,False,0.45610425319377984,0.7685775419618945,0.0,0.9,rnd,222.csv
23,358,0.26536312849162,177.18617318435756,0.31966912746979737,0.24962397179028747,0.199690319657572,0.6097772069677204,False,0.5043702837374363,0.3914771459567158,0.0,0.8333333333333333,rnd,222.csv
0,360,1.8979914529914532,10.977435897435898,0.21645683834575483,0.2101317305577168,0.051944380634091174,0.9424116648900468,False,0.30607691914171964,0.032764433510385854,0.0,4.634166666666666,rnd,269.csv
1,360,2.7527116402116407,17.962305657305656,0.24810742856977785,0.23892207613117766,0.06688450978122781,0.9273272555608744,False,0.7120864629536374,0.5315916282312682,0.0,5.74916666666667,rnd,269.csv
2,360,1.8324206349206347,11.033622303622305,0.22823567799728628,0.22150135662724135,0.05503338734961319,0.9418586086703666,False,0.7299001999743546,0.498430024845838,0.0,4.6,rnd,269.csv
3,360,1.8047883597883598,10.707636345136345,0.22721146013322013,0.22281583541852865,0.04447641063095167,0.961682338439046,False,0.7360440467217917,0.5557939306022968,0.0,4.533333333333333,rnd,269.csv
4,359,1.7569040986868285,10.923278949462793,0.2296993136045591,0.2254349896500688,0.044054966937667375,0.96321503353511,False,0.7310645384221304,0.5454948064390884,0.0,4.539999999999997,rnd,269.csv
5,359,1.759280830590023,9.997318187847435,0.22591809517476366,0.2209078635144581,0.047314919051723255,0.9561374205822125,False,0.712212883737734,0.48884168746750584,0.0,4.536249999999999,rnd,269.csv
6,360,2.2609656084656082,13.771891534391534,0.2410838706997493,0.21924998183740133,0.1002540681262992,0.8270710526743219,False,0.7222573707842792,0.5420967670627049,0.0,5.409166666666669,rnd,269.csv
7,359,5.532033426183844,19.1786443825441,0.2638811529415054,0.22865340682056082,0.13172274832802897,0.7508247967992842,False,0.35951730463568476,0.09092469012564958,0.0,6.029999999999996,rnd,269.csv
8,360,5.6318518518518506,16.870925925925928,0.28422428105734304,0.20945416336343067,0.19212598833132608,0.5430697862746021,False,0.31020283994251163,0.474396544993148,0.0,6.351666666666667,rnd,269.csv
9,359,6.3123491179201485,15.352274837511603,0.27668346179688347,0.22390612477536173,0.16254164180291647,0.6548857573881515,False,0.32594945639126527,0.4201295664965089,0.0,6.704999999999998,rnd,269.csv
10,358,4.6531923383878695,12.671162543229581,0.24740380032467432,0.1973975534154017,0.1491403577865662,0.6366061038137212,False,0.23755328883617888,0.34825116596730743,0.0,6.135833333333333,rnd,269.csv
11,358,10.325152966214418,18.34433359936153,0.28857221170565184,0.2365827208403735,0.16523479527162996,0.6721358005037772,False,0.36980190881913333,0.5066248429147537,0.0,6.9291666666666645,rnd,269.csv
12,360,9.493465608465607,18.29716931216931,0.28736080200065867,0.24596127167764203,0.1485909935399146,0.7326193842899675,False,0.29964587138511267,0.5146534536048275,0.0,6.6383333333333345,rnd,269.csv
13,359,13.152260552817655,18.2952778883141,0.2902086536078507,0.24122861232746007,0.1613375939558088,0.6909345665923339,False,0.2827817031196034,0.608704652744586,0.0,6.483333333333333,rnd,269.csv
14,354,19.126230831315574,38.795426419155234,0.3160811644342141,0.2603880242840735,0.17917974025967756,0.6786483218653269,False,0.33271938500023746,0.7437521142406036,0.0,6.996666666666663,rnd,269.csv
15,360,4.086701516076516,17.476688034188037,0.2664587695332621,0.236424277247243,0.12289766877080668,0.7872707280908329,False,0.3848545905038938,0.22000948573730852,0.0,6.151666666666667,rnd,269.csv
16,360,3.4785185185185186,12.854444444444445,0.2611067225729863,0.24742731128846318,0.08340531278862498,0.8979644937022231,False,0.29177171809214353,0.35686622574376226,0.0,6.12,rnd,269.csv
17,360,2.4879100529100526,8.88718253968254,0.2457855407420429,0.23573238559206167,0.06957567406022012,0.9198687007440964,False,0.15221676200502254,0.4847189555612341,0.0,5.966666666666666,rnd,269.csv
18,360,2.1977777777777776,11.189629629629628,0.24560826637675784,0.2375133809740364,0.06253650430651408,0.935169220550714,False,0.6494215275962798,0.5788844850823127,0.0,5.890000000000002,rnd,269.csv
19,360,2.2762962962962963,12.576296296296297,0.2459940300637209,0.23787589543752813,0.06267472534271705,0.9350863927014297,False,0.5676498348209054,0.20865261458843135,0.0,5.821666666666667,rnd,269.csv
20,360,2.2827072310405643,11.504307760141092,0.22630259242250098,0.21902186633269471,0.05694106958327888,0.936690018991065,False,0.3166450906125291,0.0506791526471834,0.0,5.901666666666667,rnd,269.csv
21,357,1.939495798319328,11.937254901960785,0.22818305994371535,0.2218351806509078,0.05344774523641098,0.9451354302479673,False,0.32265452894735613,0.03192691103565091,0.0,5.786666666666667,rnd,269.csv
22,359,1.8679665738161557,10.95840297121634,0.21398732183346583,0.2054298316086076,0.059909583463068905,0.9216179688394229,False,0.2932504124838078,-0.06019974687278764,0.0,5.25,rnd,269.csv
23,360,1.8653703703703703,17.527592592592594,0.20137405670543593,0.1921627280033546,0.06020794532545416,0.9106076045876874,False,0.26078776857893105,-0.053256888012145606,0.0,5.174166666666668,rnd,269.csv
0,214,0.3271250556297285,5.868085652665092,0.5146348469202866,0.38268747167441514,0.3440920293876489,0.5529554077422982,True,1.1082524354252279,-0.210995121826991,0.0,0.5133333333333325,rnd,329.csv
1,222,0.34244959244959244,7.195041745041746,0.5459397272174722,0.3079542778534681,0.45079302180273034,0.3181874790926435,True,1.051989164753572,0.19802991213601828,0.0,0.7333333333333333,rnd,329.csv
2,222,0.9588803088803086,6.689222189222189,0.62087477022712,0.47082371874756096,0.4047351061735275,0.5750540174953749,True,1.1489170983394454,0.7371752995561471,0.0,1.4666666666666666,rnd,329.csv
3,219,0.9537290715372907,4.670664191212136,0.6336391740175884,0.4361681431731988,0.45962588453059905,0.473831410044475,True,0.35007748501116465,1.4205447878897721,0.0,0.6266666666666652,rnd,329.csv
4,251,2.8826788085752226,35.634846693810836,1.0273778610141973,0.4138095923731605,0.9403546621153458,0.162233561233913,True,2.07327639818934,0.5154635491677018,0.0,1.7333333333333334,rnd,329.csv
5,224,0.4250850340136053,5.684165685504971,0.6206910651711589,0.45904468730002,0.4177743092208213,0.5469642525299864,True,1.2227742363941294,0.7666842140382837,0.0,0.4566666666666663,rnd,329.csv
6,245,1.2100680272108846,10.484897959183675,0.7206017273121706,0.4968793036795054,0.5218982726358211,0.47545696920146546,False,1.065322995982597,0.2567596500895613,0.0,0.9333333333333332,rnd,329.csv
7,258,3.7938169066076046,7.339645625692138,0.8824680697876623,0.6533685884219229,0.5931773612152662,0.548174087109015,False,1.2198606478446383,0.4015596586593483,0.0,1.7433333333333318,rnd,329.csv
8,279,4.498975934459805,6.3300392558457075,0.8783595574237842,0.5831107939427889,0.6568845515805015,0.4407146618209728,False,1.11505473069818,0.2535671475770505,0.0,1.559999999999991,rnd,329.csv
9,278,7.094419010246347,6.377000218007413,1.0398543301332692,0.7539222263489793,0.7161691870737725,0.525663817358788,False,1.710599453084736,0.44046839026024426,0.0,3.2099999999999986,rnd,329.csv
10,254,4.093175853018372,7.4089238845144365,0.9096671494384995,0.6828957834996848,0.6009556320111468,0.5635647741508921,False,1.4790207691191284,0.7244189739382502,0.0,1.8899999999999995,rnd,329.csv
11,274,13.263781717066388,7.892109836635384,1.0254049503887854,0.7729253782875352,0.6738261436608839,0.5681778706357434,True,1.6704023452040437,0.6100051953445217,0.0,3.2233333333333314,rnd,329.csv
12,273,12.162759462759462,7.560631432060004,1.1136918284515414,0.8403391685144456,0.7308485278224125,0.5693497667632077,True,1.9648060159839464,0.6440102127050485,0.0,3.8799999999999955,rnd,329.csv
13,269,6.554399008674102,5.294406089573376,0.9455715274392603,0.7040708744660646,0.6311812079208372,0.5544265064743875,False,1.4066259808570798,0.3822126140525577,0.0,2.333333333333333,rnd,329.csv
14,266,10.141299677765842,6.726065162907268,0.9473958257224079,0.7256896714763431,0.609042979853475,0.5867308855988758,False,1.4746413690808438,0.5973820694666073,0.0,2.9166666666666665,rnd,329.csv
15,255,4.7882726423902895,17.46425770308123,0.7749683846034024,0.526620651895717,0.568547874968975,0.4617722192131162,False,0.6272726075578376,0.43657063570412163,0.0,1.2999999999999994,rnd,329.csv
16,227,1.531424375917768,6.70501363541011,0.6424771229431023,0.5077496580669514,0.39365865700901376,0.6245740599983264,False,1.6518962853117007,0.13843255607644653,0.0,0.9799999999999992,rnd,329.csv
17,215,0.2196234772978958,9.413953488372092,0.5832648875459067,0.47317001010500614,0.341039690624372,0.6581164650001574,False,1.0511106703126132,0.08051870092207358,0.0,0.4,rnd,329.csv
18,211,0.06702775897088689,5.694696456781766,0.502994972343776,0.42167801270157074,0.27421086011894164,0.7028046474200597,True,0.7621740509674549,-0.5096418865251683,0.0,0.4,rnd,329.csv
19,212,0.14182389937106912,5.168238993710692,0.5008976321772215,0.42446328186301835,0.2659499206069123,0.7180956531376865,True,0.7775439015557677,-1.0313728407427563,0.0,0.4,rnd,329.csv
20,207,0.10692431561996774,5.578743961352658,0.4912133440392036,0.4266536853477646,0.24342798142643243,0.7544156524240712,True,0.7356529616861898,-0.9661713543749548,0.0,0.4,rnd,329.csv
21,211,0.06129541864139017,6.7156398104265405,0.5536835205373913,0.4325134134782779,0.3456842317434336,0.6102052869380492,False,0.9925465814731231,-0.16470078199656601,0.0,0.4,rnd,329.csv
22,217,0.0648233486943164,12.073732718894009,0.49377614459656616,0.34434066268675007,0.3538988400561647,0.4863135978679306,True,1.0857277759474804,-1.143131745152798,0.0,0.5333333333333333,rnd,329.csv
23,208,0.06698717948717944,8.047435897435896,0.4923718862942417,0.36463427855042724,0.33086540665194847,0.5484392042363224,True,1.0438957962082251,0.9776443729119627,0.0,0.4,rnd,329.csv
0,358,330.6074620909816,0.07971534982708166,0.2912359186126555,0.11934855919894456,0.2656582046677522,0.16793626443774726,True,0.2793274242005576,-1.458433264217109,0.0,2.4,rnd,360.csv
1,360,343.4433333333333,0.07574074074074073,0.35583817086586134,0.2079110815252469,0.28877982274418706,0.3413895387511357,True,0.3352988444535958,-0.7932426020859377,0.0,3.6033333333333344,rnd,360.csv
2,360,336.64574074074073,0.0737037037037037,0.28256408131678384,0.14536179568959362,0.24230643492135093,0.2646468011226794,True,0.5538852068746014,-0.5229628871640225,0.0,2.6033333333333344,rnd,360.csv
3,360,346.4835185185185,0.09037037037037036,0.37807960222204845,0.17152349481637705,0.3369330443016218,0.2058167609067966,True,0.03409504027209809,-0.324502910819616,0.0,3.0766666666666693,rnd,360.csv
4,360,584.7664417989417,0.06654761904761904,0.6076332950693957,0.23814737219356139,0.5590206171459087,0.15360609963007885,True,1.2043754830178242,0.5600177612139633,0.0,7.8,rnd,360.csv
5,359,347.52798779679006,0.08113808197373655,0.29751656445620783,0.14434250360000028,0.2601563910041588,0.23537816175397133,True,0.2183065275520531,-0.8686192929828701,0.0,2.533333333333333,rnd,360.csv
6,360,378.8566931216931,0.28138888888888886,0.26766053784460425,0.14680461531458663,0.22380922331664316,0.30082278394438866,True,0.4477837717126883,-0.6105479836420327,0.0,2.870000000000001,rnd,360.csv
7,358,388.9185155626496,0.07770683692471402,0.3236568434266005,0.18257415326148832,0.26724601186495106,0.31820646715053374,True,0.28678242405583276,-1.4949524448403293,0.0,3.0,rnd,360.csv
8,349,918.8362941738301,0.08958930276981851,0.5887257311023534,0.3538416322232741,0.4705253295706509,0.36123666491108586,False,2.657722231808231,2.291970765884997,0.0,3.533333333333333,rnd,360.csv
9,346,392.43476465730794,0.08364987613542525,0.35687472414797056,0.22601060360992664,0.2761861252698381,0.40107542331688945,True,0.6356966158480617,-1.0330509961343561,0.0,3.333333333333333,rnd,360.csv
10,354,375.44028786655906,0.08103309120258272,0.3362606836347518,0.19668204031869668,0.27274057705919963,0.3421190257260727,True,0.21284348880043868,-0.8709181397028004,0.0,3.023333333333331,rnd,360.csv
11,360,383.5765343915344,0.08624338624338622,0.332152068818066,0.17968286775112408,0.2793547276436419,0.29264386035658224,True,0.4102371994963882,-1.447501258390594,0.0,2.8666666666666667,rnd,360.csv
12,359,402.94486006101613,0.08168192067913516,0.3484567824254735,0.2232939738323132,0.26751061748739613,0.41063518710150815,True,0.13565257773494865,0.424600403794894,0.0,3.0,rnd,360.csv
13,357,400.9629940865235,0.07090836334533814,0.3169464293673975,0.23016101345769047,0.21790123215087953,0.5273413120577602,True,0.13818363121395627,0.21317163807300288,0.0,2.933333333333333,rnd,360.csv
14,352,387.5913284632034,0.08939393939393937,0.3341005405223716,0.23982348555953395,0.23261097771046177,0.515263126994903,True,0.1081365094597766,0.26887186365379256,0.0,3.1866666666666634,rnd,360.csv
15,360,361.5214814814815,0.08074074074074072,0.36365469898575975,0.25804156787373633,0.2562406863550116,0.5035016946851244,True,0.13626871545063612,-0.5149950115218087,0.0,3.1400000000000015,rnd,360.csv
16,360,342.4190740740741,0.08314814814814814,0.32618457573607484,0.16292940184623106,0.28257810860389115,0.24950088172798884,True,0.2184748105669143,-1.5407187276409666,0.0,2.733333333333333,rnd,360.csv
17,357,328.05558223289313,0.08706149126317193,0.3140687770352922,0.11847505277287622,0.29086570540183704,0.14229980168050388,True,0.2761330043915151,-1.965907700851879,0.0,2.466666666666667,rnd,360.csv
18,360,333.34593915343913,0.0803042328042328,0.3291840515368641,0.15334489256293962,0.29128591402792775,0.217000662053452,True,0.2926705210502971,-2.1579652431415783,0.0,2.466666666666667,rnd,360.csv
19,360,333.5709788359788,0.07660052910052909,0.286913101799991,0.12438305717673628,0.25854976904236593,0.18794106900094756,True,0.2228698475998105,-1.5882256492024684,0.0,2.466666666666667,rnd,360.csv
20,358,327.2025317016937,0.0877361000266028,0.34683863470796644,0.18120445569204666,0.2957397230056107,0.2729498179253239,True,0.3115060491975595,-1.9548104042985446,0.0,2.4099999999999984,rnd,360.csv
21,360,849.792037037037,0.06592592592592592,0.7694626826132159,0.4224796436639534,0.643104789769059,0.3014646903234288,False,0.8988748558013956,0.046615931481944296,0.0,7.743333333333336,rnd,360.csv
22,360,334.87561151811155,0.09096560846560846,0.3316123741967933,0.18422760647141603,0.275729860070046,0.3086369818662698,True,0.24682895553978224,-0.9836702106217703,0.0,2.6473809523809533,rnd,360.csv
23,358,338.9975924447992,0.07783985102420855,0.3373944102112901,0.14744879618221807,0.3034696698950967,0.19098827056227513,True,0.280952425989292,-2.202644355881312,0.0,2.533333333333333,rnd,360.csv
0,360,4.488005698005698,9.625481277981278,0.3182909890444156,0.2828671114771613,0.14592926694614586,0.7897983531374133,False,0.8047468438521288,1.994966318656651,0.0,2.3508333333333336,rnd,105.csv
1,360,3.256706349206349,10.51670634920635,0.23078123120230282,0.22539911769012924,0.04955012027999552,0.9539013237889208,True,0.3750615040878955,0.331398686599052,0.0,2.283333333333333,rnd,105.csv
2,360,4.234232804232804,14.418915343915346,0.28487515313062756,0.2260477167444939,0.17336747857023108,0.6296382542243224,False,0.6248901642785498,1.6881737910548664,0.0,2.3,rnd,105.csv
3,360,3.2042592592592594,8.773994708994708,0.27287167061403034,0.25320970687863253,0.10170443926461052,0.86108059330242,True,0.3771796293393986,1.4060965012097586,0.0,2.3,rnd,105.csv
4,360,2.5723544973544974,8.439100529100529,0.2483884506235529,0.24458354416058753,0.04330949467512967,0.9695979102982337,True,0.4164505351277157,0.22932570523974888,0.0,2.170000000000001,rnd,105.csv
5,359,2.6037140204271125,8.570539859397797,0.25453760177892854,0.2512305145697775,0.0408976682510536,0.974183747527152,True,0.4184869710151925,0.2850788497040095,0.0,2.3,rnd,105.csv
6,360,3.0194973544973545,8.96978835978836,0.24363227941604193,0.22730559406551265,0.08768611338165654,0.870463551887638,True,0.3754462199492435,0.8612164586627874,0.0,2.0,rnd,105.csv
7,359,4.179121899456161,9.78263695450325,0.26773532673033884,0.21598266152439033,0.15822040039211738,0.6507683456781315,False,1.271288803753088,2.1279957843641504,0.0,2.1849999999999996,rnd,105.csv
8,360,3.9988095238095234,9.919973544973544,0.24658048674882452,0.2078606899829667,0.1326494251969914,0.7106034604518572,False,0.29204227518108616,1.786706068063655,0.0,2.0341666666666667,rnd,105.csv
9,359,5.835468895078922,10.224578856612283,0.322585720109323,0.21722451427114076,0.23848492031597615,0.4534478973549786,False,1.4353000242039229,2.4545008149211247,0.0,2.3,rnd,105.csv
10,357,5.175536881419234,10.7687608376684,0.28367074277757454,0.2207630425812732,0.1781369398475224,0.6056526895384502,False,1.3606409743277825,2.0184766859173777,0.0,2.3,rnd,105.csv
11,358,5.40666068103219,10.877693535514764,0.2983460382710245,0.19977071728809434,0.22158975397390532,0.44835612545564785,False,1.3825995075564128,2.3487176755158,0.0,2.3,rnd,105.csv
12,360,5.726957671957672,11.032526455026455,0.2910361683686014,0.20846992002194387,0.20308211084367134,0.5130891978130232,True,0.32254948854503984,2.6141063739038444,0.0,2.186666666666668,rnd,105.csv
13,358,4.787214019686087,13.882189412077683,0.2696627382580994,0.20004993377100586,0.180825928459036,0.5503448964731215,False,0.3079724543717361,2.40843618596364,0.0,2.083333333333333,rnd,105.csv
14,352,9.646956168831167,11.650595238095237,0.3608126382790429,0.24338654210644883,0.26636206761351977,0.45501911195954403,False,1.406536134191303,2.2991183343523915,0.0,2.390833333333333,rnd,105.csv
15,360,7.684267908017907,11.392765059015058,0.35353498232352876,0.22878154249360078,0.26952919979242795,0.41877156024731504,False,1.726910961244086,4.307110844887762,0.0,2.2525000000000004,rnd,105.csv
16,360,6.858650793650794,11.216124338624338,0.3340491310286899,0.2121149714122301,0.2580621259383322,0.40320132710954576,False,1.4818530786286241,2.577369986561026,0.0,2.3675,rnd,105.csv
17,360,4.771521164021164,10.64133597883598,0.26930747218761275,0.23204923588829957,0.13667357718205123,0.7424436179110364,False,1.5306882737446206,2.487368129102677,0.0,2.2683333333333335,rnd,105.csv
18,360,4.198267195767196,10.448730158730159,0.249726375549246,0.2283981480842822,0.10098291239924391,0.8364814770085318,False,0.9020429803634304,1.9590091153624163,0.0,2.283333333333333,rnd,105.csv
19,360,4.290925925925925,9.939325396825398,0.28339799092978507,0.24666728719425265,0.1395337618329939,0.7575818839869204,False,1.2965510583206925,2.491890130365516,0.0,2.3008333333333333,rnd,105.csv
20,360,4.788915343915344,9.845330687830687,0.2964477673191757,0.2620539600446585,0.1385965395435135,0.7814210142708093,False,1.3128713800784713,2.126240584240237,0.0,2.3008333333333333,rnd,105.csv
21,357,5.378991596638656,10.279938642123515,0.31900159338862016,0.2611564330199947,0.18319206881508704,0.670217481894219,False,1.4757338912620925,2.3933278200414425,0.0,2.333333333333333,rnd,105.csv
22,359,4.557103064066852,9.562223106512802,0.29616791651989316,0.25495626578826097,0.15070745605656027,0.7410633901649052,False,0.8998058125607122,2.215408217064263,0.0,2.2699999999999987,rnd,105.csv
23,360,3.8835846560846563,9.141243386243387,0.28096402980514495,0.248114408220791,0.1318333284021649,0.7798346412736564,False,0.3152373903597747,1.8644428808441378,0.0,2.3,rnd,105.csv
0,359,6.7709306478108715,136.18808044323364,0.4383096898758856,0.21571141259279708,0.38155467591986736,0.24220555634872948,False,1.7329783087612287,1.8706071481083775,0.0,10.143333333333329,rnd,83.csv
1,360,1.6438888888888887,110.54030423280423,0.3171180117043195,0.2167967248671257,0.23143684545505877,0.4673729943327948,False,0.4398983161690109,0.21793435622336776,0.0,8.638333333333334,rnd,83.csv
2,360,0.6920370370370371,64.17462962962964,0.3002373218263326,0.23723548756215201,0.18401568644709843,0.6243526432060515,False,0.476141062861994,-0.016989629030677033,0.0,7.968333333333333,rnd,83.csv
3,360,0.22435185185185186,58.420925925925935,0.2970720261922722,0.22826112210224908,0.19012798027277364,0.5903918844449487,False,0.4021022171975541,0.1976307717849583,0.0,8.068333333333333,rnd,83.csv
4,360,0.22314814814814812,58.41476190476191,0.31235508438432147,0.2507507793252723,0.18625183330240058,0.6444473226119459,False,0.4618074306674371,0.1882801836903758,0.0,8.003333333333334,rnd,83.csv
5,358,0.22513966480446926,57.388105214152695,0.30786358399830754,0.24051607943700368,0.19217700664891196,0.6103396581292467,False,0.461627254819158,0.11885559804628036,0.0,7.981666666666664,rnd,83.csv
6,360,9.039166666666667,163.97972222222225,0.45856860317780435,0.2902095262824942,0.35505435453650325,0.4005112277774596,False,1.404022391858324,2.076889046086452,0.0,10.18166666666667,rnd,83.csv
7,359,19.360352831940574,162.02154131847726,0.3939812228434341,0.26466564572004697,0.29184465033438295,0.4512779326561967,True,0.39593092547040465,1.1508664618403939,0.0,10.169999999999998,rnd,83.csv
8,360,29.35962962962963,478.02129629629627,0.534786731902237,0.31785629288630357,0.43007467455228243,0.35326481188655423,False,1.292367412784422,1.8108503618730172,0.0,16.005000000000003,rnd,83.csv
9,359,21.01622231065128,214.11817217137556,0.3827106155297726,0.28665366481264176,0.25356871196710973,0.5610143622479881,False,0.28160587984394425,0.9311361528489865,0.0,9.599999999999966,rnd,83.csv
10,358,21.29906890130354,259.1178770949721,0.5151780212110977,0.3171497414541111,0.4059857571819148,0.3789780615571832,False,1.3097566945454584,2.0230496481441915,0.0,13.599999999999985,rnd,83.csv
11,358,17.87082557417753,139.52979515828676,0.37111413448088165,0.2786844564726838,0.24507279435306298,0.5639109172933223,False,0.5200171583274802,0.4335787455296614,0.0,9.905,rnd,83.csv
12,360,37.71240740740741,328.9220767195767,0.5541115907682894,0.3615948379157799,0.4198676317798565,0.42584345268763185,True,0.8583786797029622,1.6256303151267035,0.0,16.010000000000012,rnd,83.csv
13,357,25.26890756302521,293.5746565292784,0.4099732659220683,0.2815431852764048,0.29801260643674615,0.47160561183991606,False,0.41326285810397567,1.1391483400724218,0.0,10.479999999999997,rnd,83.csv
14,352,32.8592803030303,790.2073863636364,0.5413475194320587,0.3527220459585117,0.41066323805532534,0.42453442037169953,True,0.8059720578277925,1.7488632608670356,0.0,13.83,rnd,83.csv
15,360,15.065177384344052,329.4695249966083,0.37242043350197407,0.2552898001126308,0.27115327261209904,0.46989402635346883,True,0.4113364789328473,0.7892634121366385,0.0,10.943333333333333,rnd,83.csv
16,360,15.964757834757835,166.81528490028492,0.45606538841687083,0.26341514011870576,0.3723010911454248,0.3336009184625786,False,2.0320045157826634,2.2711178593063432,0.0,10.620000000000005,rnd,83.csv
17,360,0.2326851851851852,69.48478174603176,0.3182201280572869,0.24886617666771602,0.19831710972981945,0.6116126497990276,False,0.4664684048607328,0.36509681375376785,0.0,8.205,rnd,83.csv
18,360,0.2350925925925926,69.66157407407408,0.30059398903572504,0.23595415776303766,0.1862320640457628,0.6161616800041544,False,0.44702536941340476,0.0032456645087715784,0.0,7.936666666666667,rnd,83.csv
19,360,0.2279166666666667,70.65322751322752,0.2988099031974568,0.231260218273137,0.18922491826695167,0.5989794031834704,False,0.417198186126424,0.07374320055474555,0.0,7.936666666666667,rnd,83.csv
20,360,0.24888888888888888,69.1986507936508,0.29041506906676545,0.2216647317599479,0.18763171116536914,0.5825791059446764,False,0.4228231664957596,0.20504288703273474,0.0,8.1,rnd,83.csv
21,357,0.32212885154061627,103.47852474323064,0.29491744543904763,0.21832963763594587,0.1982636349763874,0.5480553998750387,False,0.42514190424769627,0.2027814541403469,0.0,7.739999999999999,rnd,83.csv
22,359,0.22854489985409202,80.93450722907548,0.30653607242183833,0.24183456168810313,0.18836243911387843,0.6224056964426293,False,0.48701119129907133,0.019462621610987527,0.0,8.136666666666665,rnd,83.csv
23,360,2.9947435897435892,62.05996286121287,0.33619892554142117,0.24996293358934601,0.22482937834414402,0.5527879705541185,False,0.39064671856343347,0.5907294571716198,0.0,8.713333333333336,rnd,83.csv
